Type,Subtype,Subset,Filter,Genotype,QQ.Field,QQ,METRIC.Recall,METRIC.Precision,METRIC.Frac_NA,METRIC.F1_Score,FP.gt,FP.al,Subset.Size,Subset.IS_CONF.Size,Subset.Level,TRUTH.TOTAL,TRUTH.TOTAL.ti,TRUTH.TOTAL.tv,TRUTH.TOTAL.het,TRUTH.TOTAL.homalt,TRUTH.TOTAL.TiTv_ratio,TRUTH.TOTAL.het_hom_ratio,TRUTH.TP,TRUTH.TP.ti,TRUTH.TP.tv,TRUTH.TP.het,TRUTH.TP.homalt,TRUTH.TP.TiTv_ratio,TRUTH.TP.het_hom_ratio,TRUTH.FN,TRUTH.FN.ti,TRUTH.FN.tv,TRUTH.FN.het,TRUTH.FN.homalt,TRUTH.FN.TiTv_ratio,TRUTH.FN.het_hom_ratio,QUERY.TOTAL,QUERY.TOTAL.ti,QUERY.TOTAL.tv,QUERY.TOTAL.het,QUERY.TOTAL.homalt,QUERY.TOTAL.TiTv_ratio,QUERY.TOTAL.het_hom_ratio,QUERY.TP,QUERY.TP.ti,QUERY.TP.tv,QUERY.TP.het,QUERY.TP.homalt,QUERY.TP.TiTv_ratio,QUERY.TP.het_hom_ratio,QUERY.FP,QUERY.FP.ti,QUERY.FP.tv,QUERY.FP.het,QUERY.FP.homalt,QUERY.FP.TiTv_ratio,QUERY.FP.het_hom_ratio,QUERY.UNK,QUERY.UNK.ti,QUERY.UNK.tv,QUERY.UNK.het,QUERY.UNK.homalt,QUERY.UNK.TiTv_ratio,QUERY.UNK.het_hom_ratio
INDEL,*,*,ALL,*,QUAL,*,0.8822059999999999,0.712047,0.352157,0.788046,48,32,2809068885,2512317834.000000,0.000000,798,.,.,477.000000,287.000000,,1.6620209059233448,704,.,.,450.000000,224.000000,,2.0089285714285716,94,.,.,27.000000,63.000000,,0.42857142857142855,1576,.,.,1180.000000,358.000000,,3.2960893854748603,727,.,.,496.000000,224.000000,,2.2142857142857144,294,.,.,284.000000,1.000000,,284.0,555,.,.,400.000000,133.000000,,3.007518796992481
INDEL,*,*,PASS,*,QUAL,*,0.8809520000000001,0.8268790000000001,0.372409,0.85306,48,24,2809068885,2512317834.000000,0.000000,798,.,.,477.000000,287.000000,,1.6620209059233448,703,.,.,449.000000,224.000000,,2.0044642857142856,95,.,.,28.000000,63.000000,,0.4444444444444444,1399,.,.,1003.000000,358.000000,,2.8016759776536313,726,.,.,495.000000,224.000000,,2.2098214285714284,152,.,.,142.000000,1.000000,,142.0,521,.,.,366.000000,133.000000,,2.7518796992481205
INDEL,*,AllTandemRepeats_le50bp_slop5,ALL,*,QUAL,*,0.853448,0.7414970000000001,0.257576,0.793543,9,11,29009467.000000,24005140.000000,0.000000,116,.,.,67.000000,38.000000,,1.763157894736842,99,.,.,61.000000,27.000000,,2.259259259259259,17,.,.,6.000000,11.000000,,0.5454545454545454,198,.,.,151.000000,40.000000,,3.775,109,.,.,81.000000,27.000000,,3.0,38,.,.,37.000000,0.000000,,,51,.,.,33.000000,13.000000,,2.5384615384615383
INDEL,*,AllTandemRepeats_le50bp_slop5,PASS,*,QUAL,*,0.853448,0.825758,0.266667,0.839375,9,7,29009467.000000,24005140.000000,0.000000,116,.,.,67.000000,38.000000,,1.763157894736842,99,.,.,61.000000,27.000000,,2.259259259259259,17,.,.,6.000000,11.000000,,0.5454545454545454,180,.,.,133.000000,40.000000,,3.325,109,.,.,81.000000,27.000000,,3.0,23,.,.,22.000000,0.000000,,,48,.,.,30.000000,13.000000,,2.3076923076923075
INDEL,*,MHC,ALL,*,QUAL,*,0.0,,1.0,,0,0,4970557.000000,4595500.000000,0.000000,11,.,.,9.000000,2.000000,,4.5,0,.,.,0.000000,0.000000,,,11,.,.,9.000000,2.000000,,4.5,2,.,.,0.000000,2.000000,,0.0,0,.,.,0.000000,0.000000,,,0,.,.,0.000000,0.000000,,,2,.,.,0.000000,2.000000,,0.0
INDEL,*,MHC,PASS,*,QUAL,*,0.0,,1.0,,0,0,4970557.000000,4595500.000000,0.000000,11,.,.,9.000000,2.000000,,4.5,0,.,.,0.000000,0.000000,,,11,.,.,9.000000,2.000000,,4.5,2,.,.,0.000000,2.000000,,0.0,0,.,.,0.000000,0.000000,,,0,.,.,0.000000,0.000000,,,2,.,.,0.000000,2.000000,,0.0
INDEL,*,SimpleRepeat_homopolymer_4to6_slop5,ALL,*,QUAL,*,0.8979590000000001,0.772926,0.36388899999999996,0.830764,10,11,789111519.000000,682283208.000000,0.000000,196,.,.,115.000000,78.000000,,1.4743589743589745,176,.,.,108.000000,66.000000,,1.6363636363636365,20,.,.,7.000000,12.000000,,0.5833333333333334,360,.,.,250.000000,102.000000,,2.450980392156863,177,.,.,110.000000,66.000000,,1.6666666666666667,52,.,.,49.000000,1.000000,,49.0,131,.,.,91.000000,35.000000,,2.6
INDEL,*,SimpleRepeat_homopolymer_4to6_slop5,PASS,*,QUAL,*,0.8979590000000001,0.880597,0.37963,0.889193,10,4,789111519.000000,682283208.000000,0.000000,196,.,.,115.000000,78.000000,,1.4743589743589745,176,.,.,108.000000,66.000000,,1.6363636363636365,20,.,.,7.000000,12.000000,,0.5833333333333334,324,.,.,214.000000,102.000000,,2.0980392156862746,177,.,.,110.000000,66.000000,,1.6666666666666667,24,.,.,21.000000,1.000000,,21.0,123,.,.,83.000000,35.000000,,2.3714285714285714
INDEL,*,SimpleRepeat_homopolymer_7to11_slop5,ALL,*,QUAL,*,0.896226,0.720588,0.170732,0.798867,5,2,49788855.000000,40344087.000000,0.000000,106,.,.,68.000000,31.000000,,2.193548387096774,95,.,.,64.000000,26.000000,,2.4615384615384617,11,.,.,4.000000,5.000000,,0.8,164,.,.,127.000000,33.000000,,3.8484848484848486,98,.,.,70.000000,26.000000,,2.6923076923076925,38,.,.,36.000000,0.000000,,,28,.,.,21.000000,7.000000,,3.0
INDEL,*,SimpleRepeat_homopolymer_7to11_slop5,PASS,*,QUAL,*,0.896226,0.907407,0.175573,0.901782,5,1,49788855.000000,40344087.000000,0.000000,106,.,.,68.000000,31.000000,,2.193548387096774,95,.,.,64.000000,26.000000,,2.4615384615384617,11,.,.,4.000000,5.000000,,0.8,131,.,.,94.000000,33.000000,,2.8484848484848486,98,.,.,70.000000,26.000000,,2.6923076923076925,10,.,.,8.000000,0.000000,,,23,.,.,16.000000,7.000000,,2.2857142857142856
INDEL,*,SimpleRepeat_homopolymer_ge12_slop5,ALL,*,QUAL,*,0.631579,0.246637,0.428205,0.354743,25,11,18344341.000000,7284150.000000,0.000000,76,.,.,31.000000,34.000000,,0.9117647058823529,48,.,.,30.000000,8.000000,,3.75,28,.,.,1.000000,26.000000,,0.038461538461538464,390,.,.,360.000000,9.000000,,40.0,55,.,.,44.000000,8.000000,,5.5,168,.,.,164.000000,0.000000,,,167,.,.,152.000000,1.000000,,152.0
INDEL,*,SimpleRepeat_homopolymer_ge12_slop5,PASS,*,QUAL,*,0.631579,0.381944,0.5183949999999999,0.47601899999999997,25,11,18344341.000000,7284150.000000,0.000000,76,.,.,31.000000,34.000000,,0.9117647058823529,48,.,.,30.000000,8.000000,,3.75,28,.,.,1.000000,26.000000,,0.038461538461538464,299,.,.,269.000000,9.000000,,29.88888888888889,55,.,.,44.000000,8.000000,,5.5,89,.,.,85.000000,0.000000,,,155,.,.,140.000000,1.000000,,140.0
INDEL,*,TS_boundary,ALL,*,QUAL,*,0.8947370000000001,0.68,0.6987949999999999,0.772727,2,3,3148273288.000000,2512317834.000000,0.000000,19,.,.,13.000000,6.000000,,2.1666666666666665,17,.,.,13.000000,4.000000,,3.25,2,.,.,0.000000,2.000000,,0.0,83,.,.,65.000000,18.000000,,3.611111111111111,17,.,.,13.000000,4.000000,,3.25,8,.,.,8.000000,0.000000,,,58,.,.,44.000000,14.000000,,3.142857142857143
INDEL,*,TS_boundary,PASS,*,QUAL,*,0.8947370000000001,0.7391300000000001,0.705128,0.809524,2,2,3148273288.000000,2512317834.000000,0.000000,19,.,.,13.000000,6.000000,,2.1666666666666665,17,.,.,13.000000,4.000000,,3.25,2,.,.,0.000000,2.000000,,0.0,78,.,.,60.000000,18.000000,,3.3333333333333335,17,.,.,13.000000,4.000000,,3.25,6,.,.,6.000000,0.000000,,,55,.,.,41.000000,14.000000,,2.9285714285714284
INDEL,*,TS_contained,ALL,*,QUAL,*,0.8819,0.712851,0.0,0.788416,46,29,2512317834.000000,2512317834.000000,0.000000,779,.,.,464.000000,281.000000,,1.6512455516014235,687,.,.,437.000000,220.000000,,1.9863636363636363,92,.,.,27.000000,61.000000,,0.4426229508196721,996,.,.,759.000000,221.000000,,3.434389140271493,710,.,.,483.000000,220.000000,,2.1954545454545453,286,.,.,276.000000,1.000000,,276.0,0,.,.,0.000000,0.000000,,
INDEL,*,TS_contained,PASS,*,QUAL,*,0.880616,0.82924,0.0,0.8541559999999999,46,22,2512317834.000000,2512317834.000000,0.000000,779,.,.,464.000000,281.000000,,1.6512455516014235,686,.,.,436.000000,220.000000,,1.981818181818182,93,.,.,28.000000,61.000000,,0.45901639344262296,855,.,.,618.000000,221.000000,,2.7963800904977374,709,.,.,482.000000,220.000000,,2.190909090909091,146,.,.,136.000000,1.000000,,136.0,0,.,.,0.000000,0.000000,,
INDEL,*,alldifficultregions,ALL,*,QUAL,*,0.834297,0.61705,0.404512,0.709414,47,31,624829623.000000,384850875.000000,0.000000,519,.,.,302.000000,183.000000,,1.650273224043716,433,.,.,278.000000,125.000000,,2.224,86,.,.,24.000000,58.000000,,0.41379310344827586,1241,.,.,964.000000,239.000000,,4.03347280334728,456,.,.,324.000000,125.000000,,2.592,283,.,.,274.000000,0.000000,,,502,.,.,366.000000,114.000000,,3.210526315789474
INDEL,*,alldifficultregions,PASS,*,QUAL,*,0.83237,0.759599,0.43861300000000003,0.794321,47,24,624829623.000000,384850875.000000,0.000000,519,.,.,302.000000,183.000000,,1.650273224043716,432,.,.,277.000000,125.000000,,2.216,87,.,.,25.000000,58.000000,,0.43103448275862066,1067,.,.,790.000000,239.000000,,3.305439330543933,455,.,.,323.000000,125.000000,,2.584,144,.,.,135.000000,0.000000,,,468,.,.,332.000000,114.000000,,2.912280701754386
INDEL,*,gc30to55_slop50,ALL,*,QUAL,*,0.891975,0.660131,0.30454499999999995,0.758737,25,14,2011401956.000000,1714091517.000000,0.000000,324,.,.,185.000000,121.000000,,1.5289256198347108,289,.,.,182.000000,90.000000,,2.022222222222222,35,.,.,3.000000,31.000000,,0.0967741935483871,660,.,.,528.000000,114.000000,,4.631578947368421,303,.,.,210.000000,90.000000,,2.3333333333333335,156,.,.,151.000000,1.000000,,151.0,201,.,.,167.000000,23.000000,,7.260869565217392
INDEL,*,gc30to55_slop50,PASS,*,QUAL,*,0.891975,0.784974,0.326353,0.835061,25,12,2011401956.000000,1714091517.000000,0.000000,324,.,.,185.000000,121.000000,,1.5289256198347108,289,.,.,182.000000,90.000000,,2.022222222222222,35,.,.,3.000000,31.000000,,0.0967741935483871,573,.,.,441.000000,114.000000,,3.8684210526315788,303,.,.,210.000000,90.000000,,2.3333333333333335,83,.,.,78.000000,1.000000,,78.0,187,.,.,153.000000,23.000000,,6.6521739130434785
INDEL,*,gclt25orgt65_slop50,ALL,*,QUAL,*,0.882353,0.8014979999999999,0.387615,0.8399840000000001,6,8,191795155.000000,160819334.000000,0.000000,238,.,.,152.000000,78.000000,,1.9487179487179487,210,.,.,138.000000,67.000000,,2.0597014925373136,28,.,.,14.000000,11.000000,,1.2727272727272727,436,.,.,303.000000,127.000000,,2.3858267716535435,214,.,.,146.000000,67.000000,,2.1791044776119404,53,.,.,53.000000,0.000000,,,169,.,.,104.000000,60.000000,,1.7333333333333334
INDEL,*,gclt25orgt65_slop50,PASS,*,QUAL,*,0.878151,0.9220780000000001,0.407692,0.8995790000000001,6,3,191795155.000000,160819334.000000,0.000000,238,.,.,152.000000,78.000000,,1.9487179487179487,209,.,.,137.000000,67.000000,,2.044776119402985,29,.,.,15.000000,11.000000,,1.3636363636363635,390,.,.,257.000000,127.000000,,2.0236220472440944,213,.,.,145.000000,67.000000,,2.1641791044776117,18,.,.,18.000000,0.000000,,,159,.,.,94.000000,60.000000,,1.5666666666666667
INDEL,*,lowmappabilityall,ALL,*,QUAL,*,0.72,0.75,0.68,0.734694,0,0,248876839.000000,101322520.000000,0.000000,25,.,.,10.000000,15.000000,,0.6666666666666666,18,.,.,7.000000,11.000000,,0.6363636363636364,7,.,.,3.000000,4.000000,,0.75,75,.,.,51.000000,23.000000,,2.217391304347826,18,.,.,7.000000,11.000000,,0.6363636363636364,6,.,.,6.000000,0.000000,,,51,.,.,38.000000,12.000000,,3.1666666666666665
INDEL,*,lowmappabilityall,PASS,*,QUAL,*,0.72,0.782609,0.651515,0.75,0,0,248876839.000000,101322520.000000,0.000000,25,.,.,10.000000,15.000000,,0.6666666666666666,18,.,.,7.000000,11.000000,,0.6363636363636364,7,.,.,3.000000,4.000000,,0.75,66,.,.,42.000000,23.000000,,1.826086956521739,18,.,.,7.000000,11.000000,,0.6363636363636364,5,.,.,5.000000,0.000000,,,43,.,.,30.000000,12.000000,,2.5
INDEL,*,notinAllTandemRepeatsandHomopolymers_slop5,ALL,*,QUAL,*,0.946602,0.9352520000000001,0.193424,0.940893,1,2,2682532985.000000,2403693407.000000,0.000000,412,.,.,253.000000,159.000000,,1.5911949685534592,390,.,.,244.000000,146.000000,,1.6712328767123288,22,.,.,9.000000,13.000000,,0.6923076923076923,517,.,.,317.000000,199.000000,,1.592964824120603,390,.,.,244.000000,146.000000,,1.6712328767123288,27,.,.,26.000000,1.000000,,26.0,100,.,.,47.000000,52.000000,,0.9038461538461539
INDEL,*,notinAllTandemRepeatsandHomopolymers_slop5,PASS,*,QUAL,*,0.946602,0.965347,0.198413,0.955882,1,0,2682532985.000000,2403693407.000000,0.000000,412,.,.,253.000000,159.000000,,1.5911949685534592,390,.,.,244.000000,146.000000,,1.6712328767123288,22,.,.,9.000000,13.000000,,0.6923076923076923,504,.,.,304.000000,199.000000,,1.5276381909547738,390,.,.,244.000000,146.000000,,1.6712328767123288,14,.,.,13.000000,1.000000,,13.0,100,.,.,47.000000,52.000000,,0.9038461538461539
INDEL,*,notinalldifficultregions,ALL,*,QUAL,*,0.971326,0.964413,0.156156,0.967857,1,1,2310050789.000000,2127440919.000000,0.000000,279,.,.,176.000000,103.000000,,1.7087378640776698,271,.,.,173.000000,98.000000,,1.7653061224489797,8,.,.,3.000000,5.000000,,0.6,333,.,.,215.000000,118.000000,,1.8220338983050848,271,.,.,173.000000,98.000000,,1.7653061224489797,10,.,.,9.000000,1.000000,,9.0,52,.,.,33.000000,19.000000,,1.736842105263158
INDEL,*,notinalldifficultregions,PASS,*,QUAL,*,0.971326,0.97482,0.157576,0.9730700000000001,1,0,2310050789.000000,2127440919.000000,0.000000,279,.,.,176.000000,103.000000,,1.7087378640776698,271,.,.,173.000000,98.000000,,1.7653061224489797,8,.,.,3.000000,5.000000,,0.6,330,.,.,212.000000,118.000000,,1.7966101694915255,271,.,.,173.000000,98.000000,,1.7653061224489797,7,.,.,6.000000,1.000000,,6.0,52,.,.,33.000000,19.000000,,1.736842105263158
INDEL,*,notinrefseq_cds,ALL,*,QUAL,*,0.86551,0.643519,0.351351,0.738186,42,24,2900663922.000000,2481219263.000000,0.000000,461,.,.,265.000000,168.000000,,1.5773809523809523,399,.,.,254.000000,120.000000,,2.1166666666666667,62,.,.,11.000000,48.000000,,0.22916666666666666,999,.,.,786.000000,179.000000,,4.391061452513966,417,.,.,290.000000,120.000000,,2.4166666666666665,231,.,.,221.000000,1.000000,,221.0,351,.,.,275.000000,58.000000,,4.741379310344827
INDEL,*,notinrefseq_cds,PASS,*,QUAL,*,0.86551,0.769373,0.375576,0.814615,42,21,2900663922.000000,2481219263.000000,0.000000,461,.,.,265.000000,168.000000,,1.5773809523809523,399,.,.,254.000000,120.000000,,2.1166666666666667,62,.,.,11.000000,48.000000,,0.22916666666666666,868,.,.,655.000000,179.000000,,3.659217877094972,417,.,.,290.000000,120.000000,,2.4166666666666665,125,.,.,115.000000,1.000000,,115.0,326,.,.,250.000000,58.000000,,4.310344827586207
INDEL,*,refseq_cds,ALL,*,QUAL,*,0.9104479999999999,0.826667,0.35567,0.8665370000000001,6,8,34216490.000000,31072531.000000,0.000000,335,.,.,213.000000,116.000000,,1.8362068965517242,305,.,.,197.000000,103.000000,,1.912621359223301,30,.,.,16.000000,13.000000,,1.2307692307692308,582,.,.,401.000000,177.000000,,2.2655367231638417,310,.,.,207.000000,103.000000,,2.0097087378640777,65,.,.,65.000000,0.000000,,,207,.,.,129.000000,74.000000,,1.7432432432432432
INDEL,*,refseq_cds,PASS,*,QUAL,*,0.9074629999999999,0.914201,0.36940300000000004,0.910819,6,3,34216490.000000,31072531.000000,0.000000,335,.,.,213.000000,116.000000,,1.8362068965517242,304,.,.,196.000000,103.000000,,1.9029126213592233,31,.,.,17.000000,13.000000,,1.3076923076923077,536,.,.,355.000000,177.000000,,2.005649717514124,309,.,.,206.000000,103.000000,,2.0,29,.,.,29.000000,0.000000,,,198,.,.,120.000000,74.000000,,1.6216216216216217
INDEL,*,segdups,ALL,*,QUAL,*,0.729167,0.8139529999999999,0.586538,0.769231,1,1,166860344.000000,80066740.000000,0.000000,48,.,.,31.000000,17.000000,,1.8235294117647058,35,.,.,24.000000,11.000000,,2.1818181818181817,13,.,.,7.000000,6.000000,,1.1666666666666667,104,.,.,73.000000,31.000000,,2.3548387096774195,35,.,.,24.000000,11.000000,,2.1818181818181817,8,.,.,8.000000,0.000000,,,61,.,.,41.000000,20.000000,,2.05
INDEL,*,segdups,PASS,*,QUAL,*,0.729167,0.833333,0.557895,0.777778,1,1,166860344.000000,80066740.000000,0.000000,48,.,.,31.000000,17.000000,,1.8235294117647058,35,.,.,24.000000,11.000000,,2.1818181818181817,13,.,.,7.000000,6.000000,,1.1666666666666667,95,.,.,64.000000,31.000000,,2.064516129032258,35,.,.,24.000000,11.000000,,2.1818181818181817,7,.,.,7.000000,0.000000,,,53,.,.,33.000000,20.000000,,1.65
INDEL,C16_PLUS,*,ALL,*,QUAL,*,0.0,0.0,0.0,,0,0,2809068885,2512317834.000000,0.000000,0,.,.,0.000000,0.000000,,,0,.,.,0.000000,0.000000,,,0,.,.,0.000000,0.000000,,,0,.,.,0.000000,0.000000,,,0,.,.,0.000000,0.000000,,,0,.,.,0.000000,0.000000,,,0,.,.,0.000000,0.000000,,
INDEL,C16_PLUS,*,PASS,*,QUAL,*,0.0,0.0,0.0,,0,0,2809068885,2512317834.000000,0.000000,0,.,.,0.000000,0.000000,,,0,.,.,0.000000,0.000000,,,0,.,.,0.000000,0.000000,,,0,.,.,0.000000,0.000000,,,0,.,.,0.000000,0.000000,,,0,.,.,0.000000,0.000000,,,0,.,.,0.000000,0.000000,,
INDEL,C16_PLUS,AllTandemRepeats_le50bp_slop5,ALL,*,QUAL,*,0.0,0.0,0.0,,0,0,29009467.000000,24005140.000000,0.000000,0,.,.,0.000000,0.000000,,,0,.,.,0.000000,0.000000,,,0,.,.,0.000000,0.000000,,,0,.,.,0.000000,0.000000,,,0,.,.,0.000000,0.000000,,,0,.,.,0.000000,0.000000,,,0,.,.,0.000000,0.000000,,
INDEL,C16_PLUS,AllTandemRepeats_le50bp_slop5,PASS,*,QUAL,*,0.0,0.0,0.0,,0,0,29009467.000000,24005140.000000,0.000000,0,.,.,0.000000,0.000000,,,0,.,.,0.000000,0.000000,,,0,.,.,0.000000,0.000000,,,0,.,.,0.000000,0.000000,,,0,.,.,0.000000,0.000000,,,0,.,.,0.000000,0.000000,,,0,.,.,0.000000,0.000000,,
INDEL,C16_PLUS,MHC,ALL,*,QUAL,*,0.0,0.0,0.0,,0,0,4970557.000000,4595500.000000,0.000000,0,.,.,0.000000,0.000000,,,0,.,.,0.000000,0.000000,,,0,.,.,0.000000,0.000000,,,0,.,.,0.000000,0.000000,,,0,.,.,0.000000,0.000000,,,0,.,.,0.000000,0.000000,,,0,.,.,0.000000,0.000000,,
INDEL,C16_PLUS,MHC,PASS,*,QUAL,*,0.0,0.0,0.0,,0,0,4970557.000000,4595500.000000,0.000000,0,.,.,0.000000,0.000000,,,0,.,.,0.000000,0.000000,,,0,.,.,0.000000,0.000000,,,0,.,.,0.000000,0.000000,,,0,.,.,0.000000,0.000000,,,0,.,.,0.000000,0.000000,,,0,.,.,0.000000,0.000000,,
INDEL,C16_PLUS,SimpleRepeat_homopolymer_4to6_slop5,ALL,*,QUAL,*,0.0,0.0,0.0,,0,0,789111519.000000,682283208.000000,0.000000,0,.,.,0.000000,0.000000,,,0,.,.,0.000000,0.000000,,,0,.,.,0.000000,0.000000,,,0,.,.,0.000000,0.000000,,,0,.,.,0.000000,0.000000,,,0,.,.,0.000000,0.000000,,,0,.,.,0.000000,0.000000,,
INDEL,C16_PLUS,SimpleRepeat_homopolymer_4to6_slop5,PASS,*,QUAL,*,0.0,0.0,0.0,,0,0,789111519.000000,682283208.000000,0.000000,0,.,.,0.000000,0.000000,,,0,.,.,0.000000,0.000000,,,0,.,.,0.000000,0.000000,,,0,.,.,0.000000,0.000000,,,0,.,.,0.000000,0.000000,,,0,.,.,0.000000,0.000000,,,0,.,.,0.000000,0.000000,,
INDEL,C16_PLUS,SimpleRepeat_homopolymer_7to11_slop5,ALL,*,QUAL,*,0.0,0.0,0.0,,0,0,49788855.000000,40344087.000000,0.000000,0,.,.,0.000000,0.000000,,,0,.,.,0.000000,0.000000,,,0,.,.,0.000000,0.000000,,,0,.,.,0.000000,0.000000,,,0,.,.,0.000000,0.000000,,,0,.,.,0.000000,0.000000,,,0,.,.,0.000000,0.000000,,
INDEL,C16_PLUS,SimpleRepeat_homopolymer_7to11_slop5,PASS,*,QUAL,*,0.0,0.0,0.0,,0,0,49788855.000000,40344087.000000,0.000000,0,.,.,0.000000,0.000000,,,0,.,.,0.000000,0.000000,,,0,.,.,0.000000,0.000000,,,0,.,.,0.000000,0.000000,,,0,.,.,0.000000,0.000000,,,0,.,.,0.000000,0.000000,,,0,.,.,0.000000,0.000000,,
INDEL,C16_PLUS,SimpleRepeat_homopolymer_ge12_slop5,ALL,*,QUAL,*,0.0,0.0,0.0,,0,0,18344341.000000,7284150.000000,0.000000,0,.,.,0.000000,0.000000,,,0,.,.,0.000000,0.000000,,,0,.,.,0.000000,0.000000,,,0,.,.,0.000000,0.000000,,,0,.,.,0.000000,0.000000,,,0,.,.,0.000000,0.000000,,,0,.,.,0.000000,0.000000,,
INDEL,C16_PLUS,SimpleRepeat_homopolymer_ge12_slop5,PASS,*,QUAL,*,0.0,0.0,0.0,,0,0,18344341.000000,7284150.000000,0.000000,0,.,.,0.000000,0.000000,,,0,.,.,0.000000,0.000000,,,0,.,.,0.000000,0.000000,,,0,.,.,0.000000,0.000000,,,0,.,.,0.000000,0.000000,,,0,.,.,0.000000,0.000000,,,0,.,.,0.000000,0.000000,,
INDEL,C16_PLUS,TS_boundary,ALL,*,QUAL,*,0.0,0.0,0.0,,0,0,3148273288.000000,2512317834.000000,0.000000,0,.,.,0.000000,0.000000,,,0,.,.,0.000000,0.000000,,,0,.,.,0.000000,0.000000,,,0,.,.,0.000000,0.000000,,,0,.,.,0.000000,0.000000,,,0,.,.,0.000000,0.000000,,,0,.,.,0.000000,0.000000,,
INDEL,C16_PLUS,TS_boundary,PASS,*,QUAL,*,0.0,0.0,0.0,,0,0,3148273288.000000,2512317834.000000,0.000000,0,.,.,0.000000,0.000000,,,0,.,.,0.000000,0.000000,,,0,.,.,0.000000,0.000000,,,0,.,.,0.000000,0.000000,,,0,.,.,0.000000,0.000000,,,0,.,.,0.000000,0.000000,,,0,.,.,0.000000,0.000000,,
INDEL,C16_PLUS,TS_contained,ALL,*,QUAL,*,0.0,0.0,0.0,,0,0,2512317834.000000,2512317834.000000,0.000000,0,.,.,0.000000,0.000000,,,0,.,.,0.000000,0.000000,,,0,.,.,0.000000,0.000000,,,0,.,.,0.000000,0.000000,,,0,.,.,0.000000,0.000000,,,0,.,.,0.000000,0.000000,,,0,.,.,0.000000,0.000000,,
INDEL,C16_PLUS,TS_contained,PASS,*,QUAL,*,0.0,0.0,0.0,,0,0,2512317834.000000,2512317834.000000,0.000000,0,.,.,0.000000,0.000000,,,0,.,.,0.000000,0.000000,,,0,.,.,0.000000,0.000000,,,0,.,.,0.000000,0.000000,,,0,.,.,0.000000,0.000000,,,0,.,.,0.000000,0.000000,,,0,.,.,0.000000,0.000000,,
INDEL,C16_PLUS,alldifficultregions,ALL,*,QUAL,*,0.0,0.0,0.0,,0,0,624829623.000000,384850875.000000,0.000000,0,.,.,0.000000,0.000000,,,0,.,.,0.000000,0.000000,,,0,.,.,0.000000,0.000000,,,0,.,.,0.000000,0.000000,,,0,.,.,0.000000,0.000000,,,0,.,.,0.000000,0.000000,,,0,.,.,0.000000,0.000000,,
INDEL,C16_PLUS,alldifficultregions,PASS,*,QUAL,*,0.0,0.0,0.0,,0,0,624829623.000000,384850875.000000,0.000000,0,.,.,0.000000,0.000000,,,0,.,.,0.000000,0.000000,,,0,.,.,0.000000,0.000000,,,0,.,.,0.000000,0.000000,,,0,.,.,0.000000,0.000000,,,0,.,.,0.000000,0.000000,,,0,.,.,0.000000,0.000000,,
INDEL,C16_PLUS,gc30to55_slop50,ALL,*,QUAL,*,0.0,0.0,0.0,,0,0,2011401956.000000,1714091517.000000,0.000000,0,.,.,0.000000,0.000000,,,0,.,.,0.000000,0.000000,,,0,.,.,0.000000,0.000000,,,0,.,.,0.000000,0.000000,,,0,.,.,0.000000,0.000000,,,0,.,.,0.000000,0.000000,,,0,.,.,0.000000,0.000000,,
INDEL,C16_PLUS,gc30to55_slop50,PASS,*,QUAL,*,0.0,0.0,0.0,,0,0,2011401956.000000,1714091517.000000,0.000000,0,.,.,0.000000,0.000000,,,0,.,.,0.000000,0.000000,,,0,.,.,0.000000,0.000000,,,0,.,.,0.000000,0.000000,,,0,.,.,0.000000,0.000000,,,0,.,.,0.000000,0.000000,,,0,.,.,0.000000,0.000000,,
INDEL,C16_PLUS,gclt25orgt65_slop50,ALL,*,QUAL,*,0.0,0.0,0.0,,0,0,191795155.000000,160819334.000000,0.000000,0,.,.,0.000000,0.000000,,,0,.,.,0.000000,0.000000,,,0,.,.,0.000000,0.000000,,,0,.,.,0.000000,0.000000,,,0,.,.,0.000000,0.000000,,,0,.,.,0.000000,0.000000,,,0,.,.,0.000000,0.000000,,
INDEL,C16_PLUS,gclt25orgt65_slop50,PASS,*,QUAL,*,0.0,0.0,0.0,,0,0,191795155.000000,160819334.000000,0.000000,0,.,.,0.000000,0.000000,,,0,.,.,0.000000,0.000000,,,0,.,.,0.000000,0.000000,,,0,.,.,0.000000,0.000000,,,0,.,.,0.000000,0.000000,,,0,.,.,0.000000,0.000000,,,0,.,.,0.000000,0.000000,,
INDEL,C16_PLUS,lowmappabilityall,ALL,*,QUAL,*,0.0,0.0,0.0,,0,0,248876839.000000,101322520.000000,0.000000,0,.,.,0.000000,0.000000,,,0,.,.,0.000000,0.000000,,,0,.,.,0.000000,0.000000,,,0,.,.,0.000000,0.000000,,,0,.,.,0.000000,0.000000,,,0,.,.,0.000000,0.000000,,,0,.,.,0.000000,0.000000,,
INDEL,C16_PLUS,lowmappabilityall,PASS,*,QUAL,*,0.0,0.0,0.0,,0,0,248876839.000000,101322520.000000,0.000000,0,.,.,0.000000,0.000000,,,0,.,.,0.000000,0.000000,,,0,.,.,0.000000,0.000000,,,0,.,.,0.000000,0.000000,,,0,.,.,0.000000,0.000000,,,0,.,.,0.000000,0.000000,,,0,.,.,0.000000,0.000000,,
INDEL,C16_PLUS,notinAllTandemRepeatsandHomopolymers_slop5,ALL,*,QUAL,*,0.0,0.0,0.0,,0,0,2682532985.000000,2403693407.000000,0.000000,0,.,.,0.000000,0.000000,,,0,.,.,0.000000,0.000000,,,0,.,.,0.000000,0.000000,,,0,.,.,0.000000,0.000000,,,0,.,.,0.000000,0.000000,,,0,.,.,0.000000,0.000000,,,0,.,.,0.000000,0.000000,,
INDEL,C16_PLUS,notinAllTandemRepeatsandHomopolymers_slop5,PASS,*,QUAL,*,0.0,0.0,0.0,,0,0,2682532985.000000,2403693407.000000,0.000000,0,.,.,0.000000,0.000000,,,0,.,.,0.000000,0.000000,,,0,.,.,0.000000,0.000000,,,0,.,.,0.000000,0.000000,,,0,.,.,0.000000,0.000000,,,0,.,.,0.000000,0.000000,,,0,.,.,0.000000,0.000000,,
INDEL,C16_PLUS,notinalldifficultregions,ALL,*,QUAL,*,0.0,0.0,0.0,,0,0,2310050789.000000,2127440919.000000,0.000000,0,.,.,0.000000,0.000000,,,0,.,.,0.000000,0.000000,,,0,.,.,0.000000,0.000000,,,0,.,.,0.000000,0.000000,,,0,.,.,0.000000,0.000000,,,0,.,.,0.000000,0.000000,,,0,.,.,0.000000,0.000000,,
INDEL,C16_PLUS,notinalldifficultregions,PASS,*,QUAL,*,0.0,0.0,0.0,,0,0,2310050789.000000,2127440919.000000,0.000000,0,.,.,0.000000,0.000000,,,0,.,.,0.000000,0.000000,,,0,.,.,0.000000,0.000000,,,0,.,.,0.000000,0.000000,,,0,.,.,0.000000,0.000000,,,0,.,.,0.000000,0.000000,,,0,.,.,0.000000,0.000000,,
INDEL,C16_PLUS,notinrefseq_cds,ALL,*,QUAL,*,0.0,0.0,0.0,,0,0,2900663922.000000,2481219263.000000,0.000000,0,.,.,0.000000,0.000000,,,0,.,.,0.000000,0.000000,,,0,.,.,0.000000,0.000000,,,0,.,.,0.000000,0.000000,,,0,.,.,0.000000,0.000000,,,0,.,.,0.000000,0.000000,,,0,.,.,0.000000,0.000000,,
INDEL,C16_PLUS,notinrefseq_cds,PASS,*,QUAL,*,0.0,0.0,0.0,,0,0,2900663922.000000,2481219263.000000,0.000000,0,.,.,0.000000,0.000000,,,0,.,.,0.000000,0.000000,,,0,.,.,0.000000,0.000000,,,0,.,.,0.000000,0.000000,,,0,.,.,0.000000,0.000000,,,0,.,.,0.000000,0.000000,,,0,.,.,0.000000,0.000000,,
INDEL,C16_PLUS,refseq_cds,ALL,*,QUAL,*,0.0,0.0,0.0,,0,0,34216490.000000,31072531.000000,0.000000,0,.,.,0.000000,0.000000,,,0,.,.,0.000000,0.000000,,,0,.,.,0.000000,0.000000,,,0,.,.,0.000000,0.000000,,,0,.,.,0.000000,0.000000,,,0,.,.,0.000000,0.000000,,,0,.,.,0.000000,0.000000,,
INDEL,C16_PLUS,refseq_cds,PASS,*,QUAL,*,0.0,0.0,0.0,,0,0,34216490.000000,31072531.000000,0.000000,0,.,.,0.000000,0.000000,,,0,.,.,0.000000,0.000000,,,0,.,.,0.000000,0.000000,,,0,.,.,0.000000,0.000000,,,0,.,.,0.000000,0.000000,,,0,.,.,0.000000,0.000000,,,0,.,.,0.000000,0.000000,,
INDEL,C16_PLUS,segdups,ALL,*,QUAL,*,0.0,0.0,0.0,,0,0,166860344.000000,80066740.000000,0.000000,0,.,.,0.000000,0.000000,,,0,.,.,0.000000,0.000000,,,0,.,.,0.000000,0.000000,,,0,.,.,0.000000,0.000000,,,0,.,.,0.000000,0.000000,,,0,.,.,0.000000,0.000000,,,0,.,.,0.000000,0.000000,,
INDEL,C16_PLUS,segdups,PASS,*,QUAL,*,0.0,0.0,0.0,,0,0,166860344.000000,80066740.000000,0.000000,0,.,.,0.000000,0.000000,,,0,.,.,0.000000,0.000000,,,0,.,.,0.000000,0.000000,,,0,.,.,0.000000,0.000000,,,0,.,.,0.000000,0.000000,,,0,.,.,0.000000,0.000000,,,0,.,.,0.000000,0.000000,,
INDEL,C1_5,*,ALL,*,QUAL,*,0.0,0.0,0.0,,0,0,2809068885,2512317834.000000,0.000000,0,.,.,0.000000,0.000000,,,0,.,.,0.000000,0.000000,,,0,.,.,0.000000,0.000000,,,0,.,.,0.000000,0.000000,,,0,.,.,0.000000,0.000000,,,0,.,.,0.000000,0.000000,,,0,.,.,0.000000,0.000000,,
INDEL,C1_5,*,PASS,*,QUAL,*,0.0,0.0,0.0,,0,0,2809068885,2512317834.000000,0.000000,0,.,.,0.000000,0.000000,,,0,.,.,0.000000,0.000000,,,0,.,.,0.000000,0.000000,,,0,.,.,0.000000,0.000000,,,0,.,.,0.000000,0.000000,,,0,.,.,0.000000,0.000000,,,0,.,.,0.000000,0.000000,,
INDEL,C1_5,AllTandemRepeats_le50bp_slop5,ALL,*,QUAL,*,0.0,0.0,0.0,,0,0,29009467.000000,24005140.000000,0.000000,0,.,.,0.000000,0.000000,,,0,.,.,0.000000,0.000000,,,0,.,.,0.000000,0.000000,,,0,.,.,0.000000,0.000000,,,0,.,.,0.000000,0.000000,,,0,.,.,0.000000,0.000000,,,0,.,.,0.000000,0.000000,,
INDEL,C1_5,AllTandemRepeats_le50bp_slop5,PASS,*,QUAL,*,0.0,0.0,0.0,,0,0,29009467.000000,24005140.000000,0.000000,0,.,.,0.000000,0.000000,,,0,.,.,0.000000,0.000000,,,0,.,.,0.000000,0.000000,,,0,.,.,0.000000,0.000000,,,0,.,.,0.000000,0.000000,,,0,.,.,0.000000,0.000000,,,0,.,.,0.000000,0.000000,,
INDEL,C1_5,MHC,ALL,*,QUAL,*,0.0,0.0,0.0,,0,0,4970557.000000,4595500.000000,0.000000,0,.,.,0.000000,0.000000,,,0,.,.,0.000000,0.000000,,,0,.,.,0.000000,0.000000,,,0,.,.,0.000000,0.000000,,,0,.,.,0.000000,0.000000,,,0,.,.,0.000000,0.000000,,,0,.,.,0.000000,0.000000,,
INDEL,C1_5,MHC,PASS,*,QUAL,*,0.0,0.0,0.0,,0,0,4970557.000000,4595500.000000,0.000000,0,.,.,0.000000,0.000000,,,0,.,.,0.000000,0.000000,,,0,.,.,0.000000,0.000000,,,0,.,.,0.000000,0.000000,,,0,.,.,0.000000,0.000000,,,0,.,.,0.000000,0.000000,,,0,.,.,0.000000,0.000000,,
INDEL,C1_5,SimpleRepeat_homopolymer_4to6_slop5,ALL,*,QUAL,*,0.0,0.0,0.0,,0,0,789111519.000000,682283208.000000,0.000000,0,.,.,0.000000,0.000000,,,0,.,.,0.000000,0.000000,,,0,.,.,0.000000,0.000000,,,0,.,.,0.000000,0.000000,,,0,.,.,0.000000,0.000000,,,0,.,.,0.000000,0.000000,,,0,.,.,0.000000,0.000000,,
INDEL,C1_5,SimpleRepeat_homopolymer_4to6_slop5,PASS,*,QUAL,*,0.0,0.0,0.0,,0,0,789111519.000000,682283208.000000,0.000000,0,.,.,0.000000,0.000000,,,0,.,.,0.000000,0.000000,,,0,.,.,0.000000,0.000000,,,0,.,.,0.000000,0.000000,,,0,.,.,0.000000,0.000000,,,0,.,.,0.000000,0.000000,,,0,.,.,0.000000,0.000000,,
INDEL,C1_5,SimpleRepeat_homopolymer_7to11_slop5,ALL,*,QUAL,*,0.0,0.0,0.0,,0,0,49788855.000000,40344087.000000,0.000000,0,.,.,0.000000,0.000000,,,0,.,.,0.000000,0.000000,,,0,.,.,0.000000,0.000000,,,0,.,.,0.000000,0.000000,,,0,.,.,0.000000,0.000000,,,0,.,.,0.000000,0.000000,,,0,.,.,0.000000,0.000000,,
INDEL,C1_5,SimpleRepeat_homopolymer_7to11_slop5,PASS,*,QUAL,*,0.0,0.0,0.0,,0,0,49788855.000000,40344087.000000,0.000000,0,.,.,0.000000,0.000000,,,0,.,.,0.000000,0.000000,,,0,.,.,0.000000,0.000000,,,0,.,.,0.000000,0.000000,,,0,.,.,0.000000,0.000000,,,0,.,.,0.000000,0.000000,,,0,.,.,0.000000,0.000000,,
INDEL,C1_5,SimpleRepeat_homopolymer_ge12_slop5,ALL,*,QUAL,*,0.0,0.0,0.0,,0,0,18344341.000000,7284150.000000,0.000000,0,.,.,0.000000,0.000000,,,0,.,.,0.000000,0.000000,,,0,.,.,0.000000,0.000000,,,0,.,.,0.000000,0.000000,,,0,.,.,0.000000,0.000000,,,0,.,.,0.000000,0.000000,,,0,.,.,0.000000,0.000000,,
INDEL,C1_5,SimpleRepeat_homopolymer_ge12_slop5,PASS,*,QUAL,*,0.0,0.0,0.0,,0,0,18344341.000000,7284150.000000,0.000000,0,.,.,0.000000,0.000000,,,0,.,.,0.000000,0.000000,,,0,.,.,0.000000,0.000000,,,0,.,.,0.000000,0.000000,,,0,.,.,0.000000,0.000000,,,0,.,.,0.000000,0.000000,,,0,.,.,0.000000,0.000000,,
INDEL,C1_5,TS_boundary,ALL,*,QUAL,*,0.0,0.0,0.0,,0,0,3148273288.000000,2512317834.000000,0.000000,0,.,.,0.000000,0.000000,,,0,.,.,0.000000,0.000000,,,0,.,.,0.000000,0.000000,,,0,.,.,0.000000,0.000000,,,0,.,.,0.000000,0.000000,,,0,.,.,0.000000,0.000000,,,0,.,.,0.000000,0.000000,,
INDEL,C1_5,TS_boundary,PASS,*,QUAL,*,0.0,0.0,0.0,,0,0,3148273288.000000,2512317834.000000,0.000000,0,.,.,0.000000,0.000000,,,0,.,.,0.000000,0.000000,,,0,.,.,0.000000,0.000000,,,0,.,.,0.000000,0.000000,,,0,.,.,0.000000,0.000000,,,0,.,.,0.000000,0.000000,,,0,.,.,0.000000,0.000000,,
INDEL,C1_5,TS_contained,ALL,*,QUAL,*,0.0,0.0,0.0,,0,0,2512317834.000000,2512317834.000000,0.000000,0,.,.,0.000000,0.000000,,,0,.,.,0.000000,0.000000,,,0,.,.,0.000000,0.000000,,,0,.,.,0.000000,0.000000,,,0,.,.,0.000000,0.000000,,,0,.,.,0.000000,0.000000,,,0,.,.,0.000000,0.000000,,
INDEL,C1_5,TS_contained,PASS,*,QUAL,*,0.0,0.0,0.0,,0,0,2512317834.000000,2512317834.000000,0.000000,0,.,.,0.000000,0.000000,,,0,.,.,0.000000,0.000000,,,0,.,.,0.000000,0.000000,,,0,.,.,0.000000,0.000000,,,0,.,.,0.000000,0.000000,,,0,.,.,0.000000,0.000000,,,0,.,.,0.000000,0.000000,,
INDEL,C1_5,alldifficultregions,ALL,*,QUAL,*,0.0,0.0,0.0,,0,0,624829623.000000,384850875.000000,0.000000,0,.,.,0.000000,0.000000,,,0,.,.,0.000000,0.000000,,,0,.,.,0.000000,0.000000,,,0,.,.,0.000000,0.000000,,,0,.,.,0.000000,0.000000,,,0,.,.,0.000000,0.000000,,,0,.,.,0.000000,0.000000,,
INDEL,C1_5,alldifficultregions,PASS,*,QUAL,*,0.0,0.0,0.0,,0,0,624829623.000000,384850875.000000,0.000000,0,.,.,0.000000,0.000000,,,0,.,.,0.000000,0.000000,,,0,.,.,0.000000,0.000000,,,0,.,.,0.000000,0.000000,,,0,.,.,0.000000,0.000000,,,0,.,.,0.000000,0.000000,,,0,.,.,0.000000,0.000000,,
INDEL,C1_5,gc30to55_slop50,ALL,*,QUAL,*,0.0,0.0,0.0,,0,0,2011401956.000000,1714091517.000000,0.000000,0,.,.,0.000000,0.000000,,,0,.,.,0.000000,0.000000,,,0,.,.,0.000000,0.000000,,,0,.,.,0.000000,0.000000,,,0,.,.,0.000000,0.000000,,,0,.,.,0.000000,0.000000,,,0,.,.,0.000000,0.000000,,
INDEL,C1_5,gc30to55_slop50,PASS,*,QUAL,*,0.0,0.0,0.0,,0,0,2011401956.000000,1714091517.000000,0.000000,0,.,.,0.000000,0.000000,,,0,.,.,0.000000,0.000000,,,0,.,.,0.000000,0.000000,,,0,.,.,0.000000,0.000000,,,0,.,.,0.000000,0.000000,,,0,.,.,0.000000,0.000000,,,0,.,.,0.000000,0.000000,,
INDEL,C1_5,gclt25orgt65_slop50,ALL,*,QUAL,*,0.0,0.0,0.0,,0,0,191795155.000000,160819334.000000,0.000000,0,.,.,0.000000,0.000000,,,0,.,.,0.000000,0.000000,,,0,.,.,0.000000,0.000000,,,0,.,.,0.000000,0.000000,,,0,.,.,0.000000,0.000000,,,0,.,.,0.000000,0.000000,,,0,.,.,0.000000,0.000000,,
INDEL,C1_5,gclt25orgt65_slop50,PASS,*,QUAL,*,0.0,0.0,0.0,,0,0,191795155.000000,160819334.000000,0.000000,0,.,.,0.000000,0.000000,,,0,.,.,0.000000,0.000000,,,0,.,.,0.000000,0.000000,,,0,.,.,0.000000,0.000000,,,0,.,.,0.000000,0.000000,,,0,.,.,0.000000,0.000000,,,0,.,.,0.000000,0.000000,,
INDEL,C1_5,lowmappabilityall,ALL,*,QUAL,*,0.0,0.0,0.0,,0,0,248876839.000000,101322520.000000,0.000000,0,.,.,0.000000,0.000000,,,0,.,.,0.000000,0.000000,,,0,.,.,0.000000,0.000000,,,0,.,.,0.000000,0.000000,,,0,.,.,0.000000,0.000000,,,0,.,.,0.000000,0.000000,,,0,.,.,0.000000,0.000000,,
INDEL,C1_5,lowmappabilityall,PASS,*,QUAL,*,0.0,0.0,0.0,,0,0,248876839.000000,101322520.000000,0.000000,0,.,.,0.000000,0.000000,,,0,.,.,0.000000,0.000000,,,0,.,.,0.000000,0.000000,,,0,.,.,0.000000,0.000000,,,0,.,.,0.000000,0.000000,,,0,.,.,0.000000,0.000000,,,0,.,.,0.000000,0.000000,,
INDEL,C1_5,notinAllTandemRepeatsandHomopolymers_slop5,ALL,*,QUAL,*,0.0,0.0,0.0,,0,0,2682532985.000000,2403693407.000000,0.000000,0,.,.,0.000000,0.000000,,,0,.,.,0.000000,0.000000,,,0,.,.,0.000000,0.000000,,,0,.,.,0.000000,0.000000,,,0,.,.,0.000000,0.000000,,,0,.,.,0.000000,0.000000,,,0,.,.,0.000000,0.000000,,
INDEL,C1_5,notinAllTandemRepeatsandHomopolymers_slop5,PASS,*,QUAL,*,0.0,0.0,0.0,,0,0,2682532985.000000,2403693407.000000,0.000000,0,.,.,0.000000,0.000000,,,0,.,.,0.000000,0.000000,,,0,.,.,0.000000,0.000000,,,0,.,.,0.000000,0.000000,,,0,.,.,0.000000,0.000000,,,0,.,.,0.000000,0.000000,,,0,.,.,0.000000,0.000000,,
INDEL,C1_5,notinalldifficultregions,ALL,*,QUAL,*,0.0,0.0,0.0,,0,0,2310050789.000000,2127440919.000000,0.000000,0,.,.,0.000000,0.000000,,,0,.,.,0.000000,0.000000,,,0,.,.,0.000000,0.000000,,,0,.,.,0.000000,0.000000,,,0,.,.,0.000000,0.000000,,,0,.,.,0.000000,0.000000,,,0,.,.,0.000000,0.000000,,
INDEL,C1_5,notinalldifficultregions,PASS,*,QUAL,*,0.0,0.0,0.0,,0,0,2310050789.000000,2127440919.000000,0.000000,0,.,.,0.000000,0.000000,,,0,.,.,0.000000,0.000000,,,0,.,.,0.000000,0.000000,,,0,.,.,0.000000,0.000000,,,0,.,.,0.000000,0.000000,,,0,.,.,0.000000,0.000000,,,0,.,.,0.000000,0.000000,,
INDEL,C1_5,notinrefseq_cds,ALL,*,QUAL,*,0.0,0.0,0.0,,0,0,2900663922.000000,2481219263.000000,0.000000,0,.,.,0.000000,0.000000,,,0,.,.,0.000000,0.000000,,,0,.,.,0.000000,0.000000,,,0,.,.,0.000000,0.000000,,,0,.,.,0.000000,0.000000,,,0,.,.,0.000000,0.000000,,,0,.,.,0.000000,0.000000,,
INDEL,C1_5,notinrefseq_cds,PASS,*,QUAL,*,0.0,0.0,0.0,,0,0,2900663922.000000,2481219263.000000,0.000000,0,.,.,0.000000,0.000000,,,0,.,.,0.000000,0.000000,,,0,.,.,0.000000,0.000000,,,0,.,.,0.000000,0.000000,,,0,.,.,0.000000,0.000000,,,0,.,.,0.000000,0.000000,,,0,.,.,0.000000,0.000000,,
INDEL,C1_5,refseq_cds,ALL,*,QUAL,*,0.0,0.0,0.0,,0,0,34216490.000000,31072531.000000,0.000000,0,.,.,0.000000,0.000000,,,0,.,.,0.000000,0.000000,,,0,.,.,0.000000,0.000000,,,0,.,.,0.000000,0.000000,,,0,.,.,0.000000,0.000000,,,0,.,.,0.000000,0.000000,,,0,.,.,0.000000,0.000000,,
INDEL,C1_5,refseq_cds,PASS,*,QUAL,*,0.0,0.0,0.0,,0,0,34216490.000000,31072531.000000,0.000000,0,.,.,0.000000,0.000000,,,0,.,.,0.000000,0.000000,,,0,.,.,0.000000,0.000000,,,0,.,.,0.000000,0.000000,,,0,.,.,0.000000,0.000000,,,0,.,.,0.000000,0.000000,,,0,.,.,0.000000,0.000000,,
INDEL,C1_5,segdups,ALL,*,QUAL,*,0.0,0.0,0.0,,0,0,166860344.000000,80066740.000000,0.000000,0,.,.,0.000000,0.000000,,,0,.,.,0.000000,0.000000,,,0,.,.,0.000000,0.000000,,,0,.,.,0.000000,0.000000,,,0,.,.,0.000000,0.000000,,,0,.,.,0.000000,0.000000,,,0,.,.,0.000000,0.000000,,
INDEL,C1_5,segdups,PASS,*,QUAL,*,0.0,0.0,0.0,,0,0,166860344.000000,80066740.000000,0.000000,0,.,.,0.000000,0.000000,,,0,.,.,0.000000,0.000000,,,0,.,.,0.000000,0.000000,,,0,.,.,0.000000,0.000000,,,0,.,.,0.000000,0.000000,,,0,.,.,0.000000,0.000000,,,0,.,.,0.000000,0.000000,,
INDEL,C6_15,*,ALL,*,QUAL,*,0.0,0.0,0.0,,0,0,2809068885,2512317834.000000,0.000000,0,.,.,0.000000,0.000000,,,0,.,.,0.000000,0.000000,,,0,.,.,0.000000,0.000000,,,0,.,.,0.000000,0.000000,,,0,.,.,0.000000,0.000000,,,0,.,.,0.000000,0.000000,,,0,.,.,0.000000,0.000000,,
INDEL,C6_15,*,PASS,*,QUAL,*,0.0,0.0,0.0,,0,0,2809068885,2512317834.000000,0.000000,0,.,.,0.000000,0.000000,,,0,.,.,0.000000,0.000000,,,0,.,.,0.000000,0.000000,,,0,.,.,0.000000,0.000000,,,0,.,.,0.000000,0.000000,,,0,.,.,0.000000,0.000000,,,0,.,.,0.000000,0.000000,,
INDEL,C6_15,AllTandemRepeats_le50bp_slop5,ALL,*,QUAL,*,0.0,0.0,0.0,,0,0,29009467.000000,24005140.000000,0.000000,0,.,.,0.000000,0.000000,,,0,.,.,0.000000,0.000000,,,0,.,.,0.000000,0.000000,,,0,.,.,0.000000,0.000000,,,0,.,.,0.000000,0.000000,,,0,.,.,0.000000,0.000000,,,0,.,.,0.000000,0.000000,,
INDEL,C6_15,AllTandemRepeats_le50bp_slop5,PASS,*,QUAL,*,0.0,0.0,0.0,,0,0,29009467.000000,24005140.000000,0.000000,0,.,.,0.000000,0.000000,,,0,.,.,0.000000,0.000000,,,0,.,.,0.000000,0.000000,,,0,.,.,0.000000,0.000000,,,0,.,.,0.000000,0.000000,,,0,.,.,0.000000,0.000000,,,0,.,.,0.000000,0.000000,,
INDEL,C6_15,MHC,ALL,*,QUAL,*,0.0,0.0,0.0,,0,0,4970557.000000,4595500.000000,0.000000,0,.,.,0.000000,0.000000,,,0,.,.,0.000000,0.000000,,,0,.,.,0.000000,0.000000,,,0,.,.,0.000000,0.000000,,,0,.,.,0.000000,0.000000,,,0,.,.,0.000000,0.000000,,,0,.,.,0.000000,0.000000,,
INDEL,C6_15,MHC,PASS,*,QUAL,*,0.0,0.0,0.0,,0,0,4970557.000000,4595500.000000,0.000000,0,.,.,0.000000,0.000000,,,0,.,.,0.000000,0.000000,,,0,.,.,0.000000,0.000000,,,0,.,.,0.000000,0.000000,,,0,.,.,0.000000,0.000000,,,0,.,.,0.000000,0.000000,,,0,.,.,0.000000,0.000000,,
INDEL,C6_15,SimpleRepeat_homopolymer_4to6_slop5,ALL,*,QUAL,*,0.0,0.0,0.0,,0,0,789111519.000000,682283208.000000,0.000000,0,.,.,0.000000,0.000000,,,0,.,.,0.000000,0.000000,,,0,.,.,0.000000,0.000000,,,0,.,.,0.000000,0.000000,,,0,.,.,0.000000,0.000000,,,0,.,.,0.000000,0.000000,,,0,.,.,0.000000,0.000000,,
INDEL,C6_15,SimpleRepeat_homopolymer_4to6_slop5,PASS,*,QUAL,*,0.0,0.0,0.0,,0,0,789111519.000000,682283208.000000,0.000000,0,.,.,0.000000,0.000000,,,0,.,.,0.000000,0.000000,,,0,.,.,0.000000,0.000000,,,0,.,.,0.000000,0.000000,,,0,.,.,0.000000,0.000000,,,0,.,.,0.000000,0.000000,,,0,.,.,0.000000,0.000000,,
INDEL,C6_15,SimpleRepeat_homopolymer_7to11_slop5,ALL,*,QUAL,*,0.0,0.0,0.0,,0,0,49788855.000000,40344087.000000,0.000000,0,.,.,0.000000,0.000000,,,0,.,.,0.000000,0.000000,,,0,.,.,0.000000,0.000000,,,0,.,.,0.000000,0.000000,,,0,.,.,0.000000,0.000000,,,0,.,.,0.000000,0.000000,,,0,.,.,0.000000,0.000000,,
INDEL,C6_15,SimpleRepeat_homopolymer_7to11_slop5,PASS,*,QUAL,*,0.0,0.0,0.0,,0,0,49788855.000000,40344087.000000,0.000000,0,.,.,0.000000,0.000000,,,0,.,.,0.000000,0.000000,,,0,.,.,0.000000,0.000000,,,0,.,.,0.000000,0.000000,,,0,.,.,0.000000,0.000000,,,0,.,.,0.000000,0.000000,,,0,.,.,0.000000,0.000000,,
INDEL,C6_15,SimpleRepeat_homopolymer_ge12_slop5,ALL,*,QUAL,*,0.0,0.0,0.0,,0,0,18344341.000000,7284150.000000,0.000000,0,.,.,0.000000,0.000000,,,0,.,.,0.000000,0.000000,,,0,.,.,0.000000,0.000000,,,0,.,.,0.000000,0.000000,,,0,.,.,0.000000,0.000000,,,0,.,.,0.000000,0.000000,,,0,.,.,0.000000,0.000000,,
INDEL,C6_15,SimpleRepeat_homopolymer_ge12_slop5,PASS,*,QUAL,*,0.0,0.0,0.0,,0,0,18344341.000000,7284150.000000,0.000000,0,.,.,0.000000,0.000000,,,0,.,.,0.000000,0.000000,,,0,.,.,0.000000,0.000000,,,0,.,.,0.000000,0.000000,,,0,.,.,0.000000,0.000000,,,0,.,.,0.000000,0.000000,,,0,.,.,0.000000,0.000000,,
INDEL,C6_15,TS_boundary,ALL,*,QUAL,*,0.0,0.0,0.0,,0,0,3148273288.000000,2512317834.000000,0.000000,0,.,.,0.000000,0.000000,,,0,.,.,0.000000,0.000000,,,0,.,.,0.000000,0.000000,,,0,.,.,0.000000,0.000000,,,0,.,.,0.000000,0.000000,,,0,.,.,0.000000,0.000000,,,0,.,.,0.000000,0.000000,,
INDEL,C6_15,TS_boundary,PASS,*,QUAL,*,0.0,0.0,0.0,,0,0,3148273288.000000,2512317834.000000,0.000000,0,.,.,0.000000,0.000000,,,0,.,.,0.000000,0.000000,,,0,.,.,0.000000,0.000000,,,0,.,.,0.000000,0.000000,,,0,.,.,0.000000,0.000000,,,0,.,.,0.000000,0.000000,,,0,.,.,0.000000,0.000000,,
INDEL,C6_15,TS_contained,ALL,*,QUAL,*,0.0,0.0,0.0,,0,0,2512317834.000000,2512317834.000000,0.000000,0,.,.,0.000000,0.000000,,,0,.,.,0.000000,0.000000,,,0,.,.,0.000000,0.000000,,,0,.,.,0.000000,0.000000,,,0,.,.,0.000000,0.000000,,,0,.,.,0.000000,0.000000,,,0,.,.,0.000000,0.000000,,
INDEL,C6_15,TS_contained,PASS,*,QUAL,*,0.0,0.0,0.0,,0,0,2512317834.000000,2512317834.000000,0.000000,0,.,.,0.000000,0.000000,,,0,.,.,0.000000,0.000000,,,0,.,.,0.000000,0.000000,,,0,.,.,0.000000,0.000000,,,0,.,.,0.000000,0.000000,,,0,.,.,0.000000,0.000000,,,0,.,.,0.000000,0.000000,,
INDEL,C6_15,alldifficultregions,ALL,*,QUAL,*,0.0,0.0,0.0,,0,0,624829623.000000,384850875.000000,0.000000,0,.,.,0.000000,0.000000,,,0,.,.,0.000000,0.000000,,,0,.,.,0.000000,0.000000,,,0,.,.,0.000000,0.000000,,,0,.,.,0.000000,0.000000,,,0,.,.,0.000000,0.000000,,,0,.,.,0.000000,0.000000,,
INDEL,C6_15,alldifficultregions,PASS,*,QUAL,*,0.0,0.0,0.0,,0,0,624829623.000000,384850875.000000,0.000000,0,.,.,0.000000,0.000000,,,0,.,.,0.000000,0.000000,,,0,.,.,0.000000,0.000000,,,0,.,.,0.000000,0.000000,,,0,.,.,0.000000,0.000000,,,0,.,.,0.000000,0.000000,,,0,.,.,0.000000,0.000000,,
INDEL,C6_15,gc30to55_slop50,ALL,*,QUAL,*,0.0,0.0,0.0,,0,0,2011401956.000000,1714091517.000000,0.000000,0,.,.,0.000000,0.000000,,,0,.,.,0.000000,0.000000,,,0,.,.,0.000000,0.000000,,,0,.,.,0.000000,0.000000,,,0,.,.,0.000000,0.000000,,,0,.,.,0.000000,0.000000,,,0,.,.,0.000000,0.000000,,
INDEL,C6_15,gc30to55_slop50,PASS,*,QUAL,*,0.0,0.0,0.0,,0,0,2011401956.000000,1714091517.000000,0.000000,0,.,.,0.000000,0.000000,,,0,.,.,0.000000,0.000000,,,0,.,.,0.000000,0.000000,,,0,.,.,0.000000,0.000000,,,0,.,.,0.000000,0.000000,,,0,.,.,0.000000,0.000000,,,0,.,.,0.000000,0.000000,,
INDEL,C6_15,gclt25orgt65_slop50,ALL,*,QUAL,*,0.0,0.0,0.0,,0,0,191795155.000000,160819334.000000,0.000000,0,.,.,0.000000,0.000000,,,0,.,.,0.000000,0.000000,,,0,.,.,0.000000,0.000000,,,0,.,.,0.000000,0.000000,,,0,.,.,0.000000,0.000000,,,0,.,.,0.000000,0.000000,,,0,.,.,0.000000,0.000000,,
INDEL,C6_15,gclt25orgt65_slop50,PASS,*,QUAL,*,0.0,0.0,0.0,,0,0,191795155.000000,160819334.000000,0.000000,0,.,.,0.000000,0.000000,,,0,.,.,0.000000,0.000000,,,0,.,.,0.000000,0.000000,,,0,.,.,0.000000,0.000000,,,0,.,.,0.000000,0.000000,,,0,.,.,0.000000,0.000000,,,0,.,.,0.000000,0.000000,,
INDEL,C6_15,lowmappabilityall,ALL,*,QUAL,*,0.0,0.0,0.0,,0,0,248876839.000000,101322520.000000,0.000000,0,.,.,0.000000,0.000000,,,0,.,.,0.000000,0.000000,,,0,.,.,0.000000,0.000000,,,0,.,.,0.000000,0.000000,,,0,.,.,0.000000,0.000000,,,0,.,.,0.000000,0.000000,,,0,.,.,0.000000,0.000000,,
INDEL,C6_15,lowmappabilityall,PASS,*,QUAL,*,0.0,0.0,0.0,,0,0,248876839.000000,101322520.000000,0.000000,0,.,.,0.000000,0.000000,,,0,.,.,0.000000,0.000000,,,0,.,.,0.000000,0.000000,,,0,.,.,0.000000,0.000000,,,0,.,.,0.000000,0.000000,,,0,.,.,0.000000,0.000000,,,0,.,.,0.000000,0.000000,,
INDEL,C6_15,notinAllTandemRepeatsandHomopolymers_slop5,ALL,*,QUAL,*,0.0,0.0,0.0,,0,0,2682532985.000000,2403693407.000000,0.000000,0,.,.,0.000000,0.000000,,,0,.,.,0.000000,0.000000,,,0,.,.,0.000000,0.000000,,,0,.,.,0.000000,0.000000,,,0,.,.,0.000000,0.000000,,,0,.,.,0.000000,0.000000,,,0,.,.,0.000000,0.000000,,
INDEL,C6_15,notinAllTandemRepeatsandHomopolymers_slop5,PASS,*,QUAL,*,0.0,0.0,0.0,,0,0,2682532985.000000,2403693407.000000,0.000000,0,.,.,0.000000,0.000000,,,0,.,.,0.000000,0.000000,,,0,.,.,0.000000,0.000000,,,0,.,.,0.000000,0.000000,,,0,.,.,0.000000,0.000000,,,0,.,.,0.000000,0.000000,,,0,.,.,0.000000,0.000000,,
INDEL,C6_15,notinalldifficultregions,ALL,*,QUAL,*,0.0,0.0,0.0,,0,0,2310050789.000000,2127440919.000000,0.000000,0,.,.,0.000000,0.000000,,,0,.,.,0.000000,0.000000,,,0,.,.,0.000000,0.000000,,,0,.,.,0.000000,0.000000,,,0,.,.,0.000000,0.000000,,,0,.,.,0.000000,0.000000,,,0,.,.,0.000000,0.000000,,
INDEL,C6_15,notinalldifficultregions,PASS,*,QUAL,*,0.0,0.0,0.0,,0,0,2310050789.000000,2127440919.000000,0.000000,0,.,.,0.000000,0.000000,,,0,.,.,0.000000,0.000000,,,0,.,.,0.000000,0.000000,,,0,.,.,0.000000,0.000000,,,0,.,.,0.000000,0.000000,,,0,.,.,0.000000,0.000000,,,0,.,.,0.000000,0.000000,,
INDEL,C6_15,notinrefseq_cds,ALL,*,QUAL,*,0.0,0.0,0.0,,0,0,2900663922.000000,2481219263.000000,0.000000,0,.,.,0.000000,0.000000,,,0,.,.,0.000000,0.000000,,,0,.,.,0.000000,0.000000,,,0,.,.,0.000000,0.000000,,,0,.,.,0.000000,0.000000,,,0,.,.,0.000000,0.000000,,,0,.,.,0.000000,0.000000,,
INDEL,C6_15,notinrefseq_cds,PASS,*,QUAL,*,0.0,0.0,0.0,,0,0,2900663922.000000,2481219263.000000,0.000000,0,.,.,0.000000,0.000000,,,0,.,.,0.000000,0.000000,,,0,.,.,0.000000,0.000000,,,0,.,.,0.000000,0.000000,,,0,.,.,0.000000,0.000000,,,0,.,.,0.000000,0.000000,,,0,.,.,0.000000,0.000000,,
INDEL,C6_15,refseq_cds,ALL,*,QUAL,*,0.0,0.0,0.0,,0,0,34216490.000000,31072531.000000,0.000000,0,.,.,0.000000,0.000000,,,0,.,.,0.000000,0.000000,,,0,.,.,0.000000,0.000000,,,0,.,.,0.000000,0.000000,,,0,.,.,0.000000,0.000000,,,0,.,.,0.000000,0.000000,,,0,.,.,0.000000,0.000000,,
INDEL,C6_15,refseq_cds,PASS,*,QUAL,*,0.0,0.0,0.0,,0,0,34216490.000000,31072531.000000,0.000000,0,.,.,0.000000,0.000000,,,0,.,.,0.000000,0.000000,,,0,.,.,0.000000,0.000000,,,0,.,.,0.000000,0.000000,,,0,.,.,0.000000,0.000000,,,0,.,.,0.000000,0.000000,,,0,.,.,0.000000,0.000000,,
INDEL,C6_15,segdups,ALL,*,QUAL,*,0.0,0.0,0.0,,0,0,166860344.000000,80066740.000000,0.000000,0,.,.,0.000000,0.000000,,,0,.,.,0.000000,0.000000,,,0,.,.,0.000000,0.000000,,,0,.,.,0.000000,0.000000,,,0,.,.,0.000000,0.000000,,,0,.,.,0.000000,0.000000,,,0,.,.,0.000000,0.000000,,
INDEL,C6_15,segdups,PASS,*,QUAL,*,0.0,0.0,0.0,,0,0,166860344.000000,80066740.000000,0.000000,0,.,.,0.000000,0.000000,,,0,.,.,0.000000,0.000000,,,0,.,.,0.000000,0.000000,,,0,.,.,0.000000,0.000000,,,0,.,.,0.000000,0.000000,,,0,.,.,0.000000,0.000000,,,0,.,.,0.000000,0.000000,,
INDEL,D16_PLUS,*,ALL,*,QUAL,*,1.0,0.789474,0.7956989999999999,0.882353,0,1,2809068885,2512317834.000000,0.000000,15,.,.,12.000000,3.000000,,4.0,15,.,.,12.000000,3.000000,,4.0,0,.,.,0.000000,0.000000,,,93,.,.,71.000000,22.000000,,3.227272727272727,15,.,.,12.000000,3.000000,,4.0,4,.,.,4.000000,0.000000,,,74,.,.,55.000000,19.000000,,2.8947368421052633
INDEL,D16_PLUS,*,PASS,*,QUAL,*,1.0,0.882353,0.806818,0.9375,0,0,2809068885,2512317834.000000,0.000000,15,.,.,12.000000,3.000000,,4.0,15,.,.,12.000000,3.000000,,4.0,0,.,.,0.000000,0.000000,,,88,.,.,66.000000,22.000000,,3.0,15,.,.,12.000000,3.000000,,4.0,2,.,.,2.000000,0.000000,,,71,.,.,52.000000,19.000000,,2.736842105263158
INDEL,D16_PLUS,AllTandemRepeats_le50bp_slop5,ALL,*,QUAL,*,1.0,1.0,0.6,1.0,0,0,29009467.000000,24005140.000000,0.000000,2,.,.,1.000000,1.000000,,1.0,2,.,.,1.000000,1.000000,,1.0,0,.,.,0.000000,0.000000,,,5,.,.,3.000000,2.000000,,1.5,2,.,.,1.000000,1.000000,,1.0,0,.,.,0.000000,0.000000,,,3,.,.,2.000000,1.000000,,2.0
INDEL,D16_PLUS,AllTandemRepeats_le50bp_slop5,PASS,*,QUAL,*,1.0,1.0,0.6,1.0,0,0,29009467.000000,24005140.000000,0.000000,2,.,.,1.000000,1.000000,,1.0,2,.,.,1.000000,1.000000,,1.0,0,.,.,0.000000,0.000000,,,5,.,.,3.000000,2.000000,,1.5,2,.,.,1.000000,1.000000,,1.0,0,.,.,0.000000,0.000000,,,3,.,.,2.000000,1.000000,,2.0
INDEL,D16_PLUS,MHC,ALL,*,QUAL,*,0.0,0.0,0.0,,0,0,4970557.000000,4595500.000000,0.000000,0,.,.,0.000000,0.000000,,,0,.,.,0.000000,0.000000,,,0,.,.,0.000000,0.000000,,,0,.,.,0.000000,0.000000,,,0,.,.,0.000000,0.000000,,,0,.,.,0.000000,0.000000,,,0,.,.,0.000000,0.000000,,
INDEL,D16_PLUS,MHC,PASS,*,QUAL,*,0.0,0.0,0.0,,0,0,4970557.000000,4595500.000000,0.000000,0,.,.,0.000000,0.000000,,,0,.,.,0.000000,0.000000,,,0,.,.,0.000000,0.000000,,,0,.,.,0.000000,0.000000,,,0,.,.,0.000000,0.000000,,,0,.,.,0.000000,0.000000,,,0,.,.,0.000000,0.000000,,
INDEL,D16_PLUS,SimpleRepeat_homopolymer_4to6_slop5,ALL,*,QUAL,*,1.0,0.714286,0.833333,0.833333,0,1,789111519.000000,682283208.000000,0.000000,5,.,.,3.000000,2.000000,,1.5,5,.,.,3.000000,2.000000,,1.5,0,.,.,0.000000,0.000000,,,42,.,.,30.000000,12.000000,,2.5,5,.,.,3.000000,2.000000,,1.5,2,.,.,2.000000,0.000000,,,35,.,.,25.000000,10.000000,,2.5
INDEL,D16_PLUS,SimpleRepeat_homopolymer_4to6_slop5,PASS,*,QUAL,*,1.0,0.833333,0.8421049999999999,0.909091,0,0,789111519.000000,682283208.000000,0.000000,5,.,.,3.000000,2.000000,,1.5,5,.,.,3.000000,2.000000,,1.5,0,.,.,0.000000,0.000000,,,38,.,.,26.000000,12.000000,,2.1666666666666665,5,.,.,3.000000,2.000000,,1.5,1,.,.,1.000000,0.000000,,,32,.,.,22.000000,10.000000,,2.2
INDEL,D16_PLUS,SimpleRepeat_homopolymer_7to11_slop5,ALL,*,QUAL,*,0.0,,1.0,,0,0,49788855.000000,40344087.000000,0.000000,0,.,.,0.000000,0.000000,,,0,.,.,0.000000,0.000000,,,0,.,.,0.000000,0.000000,,,1,.,.,1.000000,0.000000,,,0,.,.,0.000000,0.000000,,,0,.,.,0.000000,0.000000,,,1,.,.,1.000000,0.000000,,
INDEL,D16_PLUS,SimpleRepeat_homopolymer_7to11_slop5,PASS,*,QUAL,*,0.0,,1.0,,0,0,49788855.000000,40344087.000000,0.000000,0,.,.,0.000000,0.000000,,,0,.,.,0.000000,0.000000,,,0,.,.,0.000000,0.000000,,,1,.,.,1.000000,0.000000,,,0,.,.,0.000000,0.000000,,,0,.,.,0.000000,0.000000,,,1,.,.,1.000000,0.000000,,
INDEL,D16_PLUS,SimpleRepeat_homopolymer_ge12_slop5,ALL,*,QUAL,*,0.0,0.0,0.0,,0,0,18344341.000000,7284150.000000,0.000000,0,.,.,0.000000,0.000000,,,0,.,.,0.000000,0.000000,,,0,.,.,0.000000,0.000000,,,0,.,.,0.000000,0.000000,,,0,.,.,0.000000,0.000000,,,0,.,.,0.000000,0.000000,,,0,.,.,0.000000,0.000000,,
INDEL,D16_PLUS,SimpleRepeat_homopolymer_ge12_slop5,PASS,*,QUAL,*,0.0,0.0,0.0,,0,0,18344341.000000,7284150.000000,0.000000,0,.,.,0.000000,0.000000,,,0,.,.,0.000000,0.000000,,,0,.,.,0.000000,0.000000,,,0,.,.,0.000000,0.000000,,,0,.,.,0.000000,0.000000,,,0,.,.,0.000000,0.000000,,,0,.,.,0.000000,0.000000,,
INDEL,D16_PLUS,TS_boundary,ALL,*,QUAL,*,1.0,0.714286,0.857143,0.833333,0,1,3148273288.000000,2512317834.000000,0.000000,5,.,.,3.000000,2.000000,,1.5,5,.,.,3.000000,2.000000,,1.5,0,.,.,0.000000,0.000000,,,49,.,.,37.000000,12.000000,,3.0833333333333335,5,.,.,3.000000,2.000000,,1.5,2,.,.,2.000000,0.000000,,,42,.,.,32.000000,10.000000,,3.2
INDEL,D16_PLUS,TS_boundary,PASS,*,QUAL,*,1.0,0.833333,0.866667,0.909091,0,0,3148273288.000000,2512317834.000000,0.000000,5,.,.,3.000000,2.000000,,1.5,5,.,.,3.000000,2.000000,,1.5,0,.,.,0.000000,0.000000,,,45,.,.,33.000000,12.000000,,2.75,5,.,.,3.000000,2.000000,,1.5,1,.,.,1.000000,0.000000,,,39,.,.,29.000000,10.000000,,2.9
INDEL,D16_PLUS,TS_contained,ALL,*,QUAL,*,1.0,0.833333,0.0,0.909091,0,0,2512317834.000000,2512317834.000000,0.000000,10,.,.,9.000000,1.000000,,9.0,10,.,.,9.000000,1.000000,,9.0,0,.,.,0.000000,0.000000,,,12,.,.,11.000000,1.000000,,11.0,10,.,.,9.000000,1.000000,,9.0,2,.,.,2.000000,0.000000,,,0,.,.,0.000000,0.000000,,
INDEL,D16_PLUS,TS_contained,PASS,*,QUAL,*,1.0,0.909091,0.0,0.9523809999999999,0,0,2512317834.000000,2512317834.000000,0.000000,10,.,.,9.000000,1.000000,,9.0,10,.,.,9.000000,1.000000,,9.0,0,.,.,0.000000,0.000000,,,11,.,.,10.000000,1.000000,,10.0,10,.,.,9.000000,1.000000,,9.0,1,.,.,1.000000,0.000000,,,0,.,.,0.000000,0.000000,,
INDEL,D16_PLUS,alldifficultregions,ALL,*,QUAL,*,1.0,0.714286,0.8390799999999999,0.833333,0,1,624829623.000000,384850875.000000,0.000000,10,.,.,9.000000,1.000000,,9.0,10,.,.,9.000000,1.000000,,9.0,0,.,.,0.000000,0.000000,,,87,.,.,67.000000,20.000000,,3.35,10,.,.,9.000000,1.000000,,9.0,4,.,.,4.000000,0.000000,,,73,.,.,54.000000,19.000000,,2.8421052631578947
INDEL,D16_PLUS,alldifficultregions,PASS,*,QUAL,*,1.0,0.833333,0.8536590000000001,0.909091,0,0,624829623.000000,384850875.000000,0.000000,10,.,.,9.000000,1.000000,,9.0,10,.,.,9.000000,1.000000,,9.0,0,.,.,0.000000,0.000000,,,82,.,.,62.000000,20.000000,,3.1,10,.,.,9.000000,1.000000,,9.0,2,.,.,2.000000,0.000000,,,70,.,.,51.000000,19.000000,,2.6842105263157894
INDEL,D16_PLUS,gc30to55_slop50,ALL,*,QUAL,*,1.0,1.0,0.857143,1.0,0,0,2011401956.000000,1714091517.000000,0.000000,3,.,.,2.000000,1.000000,,2.0,3,.,.,2.000000,1.000000,,2.0,0,.,.,0.000000,0.000000,,,21,.,.,18.000000,3.000000,,6.0,3,.,.,2.000000,1.000000,,2.0,0,.,.,0.000000,0.000000,,,18,.,.,16.000000,2.000000,,8.0
INDEL,D16_PLUS,gc30to55_slop50,PASS,*,QUAL,*,1.0,1.0,0.857143,1.0,0,0,2011401956.000000,1714091517.000000,0.000000,3,.,.,2.000000,1.000000,,2.0,3,.,.,2.000000,1.000000,,2.0,0,.,.,0.000000,0.000000,,,21,.,.,18.000000,3.000000,,6.0,3,.,.,2.000000,1.000000,,2.0,0,.,.,0.000000,0.000000,,,18,.,.,16.000000,2.000000,,8.0
INDEL,D16_PLUS,gclt25orgt65_slop50,ALL,*,QUAL,*,1.0,0.555556,0.763158,0.714286,0,1,191795155.000000,160819334.000000,0.000000,5,.,.,5.000000,0.000000,,,5,.,.,5.000000,0.000000,,,0,.,.,0.000000,0.000000,,,38,.,.,32.000000,6.000000,,5.333333333333333,5,.,.,5.000000,0.000000,,,4,.,.,4.000000,0.000000,,,29,.,.,23.000000,6.000000,,3.8333333333333335
INDEL,D16_PLUS,gclt25orgt65_slop50,PASS,*,QUAL,*,1.0,0.714286,0.794118,0.833333,0,0,191795155.000000,160819334.000000,0.000000,5,.,.,5.000000,0.000000,,,5,.,.,5.000000,0.000000,,,0,.,.,0.000000,0.000000,,,34,.,.,28.000000,6.000000,,4.666666666666667,5,.,.,5.000000,0.000000,,,2,.,.,2.000000,0.000000,,,27,.,.,21.000000,6.000000,,3.5
INDEL,D16_PLUS,lowmappabilityall,ALL,*,QUAL,*,0.0,,1.0,,0,0,248876839.000000,101322520.000000,0.000000,0,.,.,0.000000,0.000000,,,0,.,.,0.000000,0.000000,,,0,.,.,0.000000,0.000000,,,17,.,.,16.000000,1.000000,,16.0,0,.,.,0.000000,0.000000,,,0,.,.,0.000000,0.000000,,,17,.,.,16.000000,1.000000,,16.0
INDEL,D16_PLUS,lowmappabilityall,PASS,*,QUAL,*,0.0,,1.0,,0,0,248876839.000000,101322520.000000,0.000000,0,.,.,0.000000,0.000000,,,0,.,.,0.000000,0.000000,,,0,.,.,0.000000,0.000000,,,15,.,.,14.000000,1.000000,,14.0,0,.,.,0.000000,0.000000,,,0,.,.,0.000000,0.000000,,,15,.,.,14.000000,1.000000,,14.0
INDEL,D16_PLUS,notinAllTandemRepeatsandHomopolymers_slop5,ALL,*,QUAL,*,1.0,0.777778,0.181818,0.875,0,1,2682532985.000000,2403693407.000000,0.000000,7,.,.,5.000000,2.000000,,2.5,7,.,.,5.000000,2.000000,,2.5,0,.,.,0.000000,0.000000,,,11,.,.,8.000000,3.000000,,2.6666666666666665,7,.,.,5.000000,2.000000,,2.5,2,.,.,2.000000,0.000000,,,2,.,.,1.000000,1.000000,,1.0
INDEL,D16_PLUS,notinAllTandemRepeatsandHomopolymers_slop5,PASS,*,QUAL,*,1.0,0.875,0.2,0.933333,0,0,2682532985.000000,2403693407.000000,0.000000,7,.,.,5.000000,2.000000,,2.5,7,.,.,5.000000,2.000000,,2.5,0,.,.,0.000000,0.000000,,,10,.,.,7.000000,3.000000,,2.3333333333333335,7,.,.,5.000000,2.000000,,2.5,1,.,.,1.000000,0.000000,,,2,.,.,1.000000,1.000000,,1.0
INDEL,D16_PLUS,notinalldifficultregions,ALL,*,QUAL,*,1.0,1.0,0.14285699999999998,1.0,0,0,2310050789.000000,2127440919.000000,0.000000,6,.,.,4.000000,2.000000,,2.0,6,.,.,4.000000,2.000000,,2.0,0,.,.,0.000000,0.000000,,,7,.,.,5.000000,2.000000,,2.5,6,.,.,4.000000,2.000000,,2.0,0,.,.,0.000000,0.000000,,,1,.,.,1.000000,0.000000,,
INDEL,D16_PLUS,notinalldifficultregions,PASS,*,QUAL,*,1.0,1.0,0.14285699999999998,1.0,0,0,2310050789.000000,2127440919.000000,0.000000,6,.,.,4.000000,2.000000,,2.0,6,.,.,4.000000,2.000000,,2.0,0,.,.,0.000000,0.000000,,,7,.,.,5.000000,2.000000,,2.5,6,.,.,4.000000,2.000000,,2.0,0,.,.,0.000000,0.000000,,,1,.,.,1.000000,0.000000,,
INDEL,D16_PLUS,notinrefseq_cds,ALL,*,QUAL,*,1.0,0.666667,0.931818,0.8,0,0,2900663922.000000,2481219263.000000,0.000000,2,.,.,1.000000,1.000000,,1.0,2,.,.,1.000000,1.000000,,1.0,0,.,.,0.000000,0.000000,,,44,.,.,30.000000,14.000000,,2.142857142857143,2,.,.,1.000000,1.000000,,1.0,1,.,.,1.000000,0.000000,,,41,.,.,28.000000,13.000000,,2.1538461538461537
INDEL,D16_PLUS,notinrefseq_cds,PASS,*,QUAL,*,1.0,0.666667,0.9285709999999999,0.8,0,0,2900663922.000000,2481219263.000000,0.000000,2,.,.,1.000000,1.000000,,1.0,2,.,.,1.000000,1.000000,,1.0,0,.,.,0.000000,0.000000,,,42,.,.,28.000000,14.000000,,2.0,2,.,.,1.000000,1.000000,,1.0,1,.,.,1.000000,0.000000,,,39,.,.,26.000000,13.000000,,2.0
INDEL,D16_PLUS,refseq_cds,ALL,*,QUAL,*,1.0,0.764706,0.685185,0.866667,0,1,34216490.000000,31072531.000000,0.000000,13,.,.,11.000000,2.000000,,5.5,13,.,.,11.000000,2.000000,,5.5,0,.,.,0.000000,0.000000,,,54,.,.,46.000000,8.000000,,5.75,13,.,.,11.000000,2.000000,,5.5,4,.,.,4.000000,0.000000,,,37,.,.,31.000000,6.000000,,5.166666666666667
INDEL,D16_PLUS,refseq_cds,PASS,*,QUAL,*,1.0,0.866667,0.705882,0.9285709999999999,0,0,34216490.000000,31072531.000000,0.000000,13,.,.,11.000000,2.000000,,5.5,13,.,.,11.000000,2.000000,,5.5,0,.,.,0.000000,0.000000,,,51,.,.,43.000000,8.000000,,5.375,13,.,.,11.000000,2.000000,,5.5,2,.,.,2.000000,0.000000,,,36,.,.,30.000000,6.000000,,5.0
INDEL,D16_PLUS,segdups,ALL,*,QUAL,*,0.0,,1.0,,0,0,166860344.000000,80066740.000000,0.000000,0,.,.,0.000000,0.000000,,,0,.,.,0.000000,0.000000,,,0,.,.,0.000000,0.000000,,,6,.,.,6.000000,0.000000,,,0,.,.,0.000000,0.000000,,,0,.,.,0.000000,0.000000,,,6,.,.,6.000000,0.000000,,
INDEL,D16_PLUS,segdups,PASS,*,QUAL,*,0.0,,1.0,,0,0,166860344.000000,80066740.000000,0.000000,0,.,.,0.000000,0.000000,,,0,.,.,0.000000,0.000000,,,0,.,.,0.000000,0.000000,,,6,.,.,6.000000,0.000000,,,0,.,.,0.000000,0.000000,,,0,.,.,0.000000,0.000000,,,6,.,.,6.000000,0.000000,,
INDEL,D1_5,*,ALL,*,QUAL,*,0.8796299999999999,0.591002,0.289244,0.706993,20,17,2809068885,2512317834.000000,0.000000,324,.,.,183.000000,122.000000,,1.5,285,.,.,172.000000,96.000000,,1.7916666666666667,39,.,.,11.000000,26.000000,,0.4230769230769231,688,.,.,557.000000,131.000000,,4.251908396946565,289,.,.,193.000000,96.000000,,2.0104166666666665,200,.,.,200.000000,0.000000,,,199,.,.,164.000000,35.000000,,4.685714285714286
INDEL,D1_5,*,PASS,*,QUAL,*,0.8796299999999999,0.7467699999999999,0.31745999999999996,0.807773,20,14,2809068885,2512317834.000000,0.000000,324,.,.,183.000000,122.000000,,1.5,285,.,.,172.000000,96.000000,,1.7916666666666667,39,.,.,11.000000,26.000000,,0.4230769230769231,567,.,.,436.000000,131.000000,,3.3282442748091605,289,.,.,193.000000,96.000000,,2.0104166666666665,98,.,.,98.000000,0.000000,,,180,.,.,145.000000,35.000000,,4.142857142857143
INDEL,D1_5,AllTandemRepeats_le50bp_slop5,ALL,*,QUAL,*,0.775,0.54386,0.149254,0.639175,5,3,29009467.000000,24005140.000000,0.000000,40,.,.,18.000000,16.000000,,1.125,31,.,.,16.000000,9.000000,,1.7777777777777777,9,.,.,2.000000,7.000000,,0.2857142857142857,67,.,.,57.000000,10.000000,,5.7,31,.,.,22.000000,9.000000,,2.4444444444444446,26,.,.,26.000000,0.000000,,,10,.,.,9.000000,1.000000,,9.0
INDEL,D1_5,AllTandemRepeats_le50bp_slop5,PASS,*,QUAL,*,0.775,0.673913,0.148148,0.7209300000000001,5,3,29009467.000000,24005140.000000,0.000000,40,.,.,18.000000,16.000000,,1.125,31,.,.,16.000000,9.000000,,1.7777777777777777,9,.,.,2.000000,7.000000,,0.2857142857142857,54,.,.,44.000000,10.000000,,4.4,31,.,.,22.000000,9.000000,,2.4444444444444446,15,.,.,15.000000,0.000000,,,8,.,.,7.000000,1.000000,,7.0
INDEL,D1_5,MHC,ALL,*,QUAL,*,0.0,,1.0,,0,0,4970557.000000,4595500.000000,0.000000,6,.,.,6.000000,0.000000,,,0,.,.,0.000000,0.000000,,,6,.,.,6.000000,0.000000,,,1,.,.,0.000000,1.000000,,0.0,0,.,.,0.000000,0.000000,,,0,.,.,0.000000,0.000000,,,1,.,.,0.000000,1.000000,,0.0
INDEL,D1_5,MHC,PASS,*,QUAL,*,0.0,,1.0,,0,0,4970557.000000,4595500.000000,0.000000,6,.,.,6.000000,0.000000,,,0,.,.,0.000000,0.000000,,,6,.,.,6.000000,0.000000,,,1,.,.,0.000000,1.000000,,0.0,0,.,.,0.000000,0.000000,,,0,.,.,0.000000,0.000000,,,1,.,.,0.000000,1.000000,,0.0
INDEL,D1_5,SimpleRepeat_homopolymer_4to6_slop5,ALL,*,QUAL,*,0.9036139999999999,0.721154,0.24087600000000003,0.802139,4,5,789111519.000000,682283208.000000,0.000000,83,.,.,51.000000,30.000000,,1.7,75,.,.,49.000000,25.000000,,1.96,8,.,.,2.000000,5.000000,,0.4,137,.,.,106.000000,31.000000,,3.4193548387096775,75,.,.,50.000000,25.000000,,2.0,29,.,.,29.000000,0.000000,,,33,.,.,27.000000,6.000000,,4.5
INDEL,D1_5,SimpleRepeat_homopolymer_4to6_slop5,PASS,*,QUAL,*,0.9036139999999999,0.8620690000000001,0.25,0.882353,4,3,789111519.000000,682283208.000000,0.000000,83,.,.,51.000000,30.000000,,1.7,75,.,.,49.000000,25.000000,,1.96,8,.,.,2.000000,5.000000,,0.4,116,.,.,85.000000,31.000000,,2.7419354838709675,75,.,.,50.000000,25.000000,,2.0,12,.,.,12.000000,0.000000,,,29,.,.,23.000000,6.000000,,3.8333333333333335
INDEL,D1_5,SimpleRepeat_homopolymer_7to11_slop5,ALL,*,QUAL,*,0.942308,0.644737,0.155556,0.765625,1,2,49788855.000000,40344087.000000,0.000000,52,.,.,31.000000,17.000000,,1.8235294117647058,49,.,.,29.000000,17.000000,,1.7058823529411764,3,.,.,2.000000,0.000000,,,90,.,.,71.000000,19.000000,,3.736842105263158,49,.,.,32.000000,17.000000,,1.8823529411764706,27,.,.,27.000000,0.000000,,,14,.,.,12.000000,2.000000,,6.0
INDEL,D1_5,SimpleRepeat_homopolymer_7to11_slop5,PASS,*,QUAL,*,0.942308,0.907407,0.15625,0.924528,1,1,49788855.000000,40344087.000000,0.000000,52,.,.,31.000000,17.000000,,1.8235294117647058,49,.,.,29.000000,17.000000,,1.7058823529411764,3,.,.,2.000000,0.000000,,,64,.,.,45.000000,19.000000,,2.3684210526315788,49,.,.,32.000000,17.000000,,1.8823529411764706,5,.,.,5.000000,0.000000,,,10,.,.,8.000000,2.000000,,4.0
INDEL,D1_5,SimpleRepeat_homopolymer_ge12_slop5,ALL,*,QUAL,*,0.717391,0.229814,0.373541,0.348111,11,9,18344341.000000,7284150.000000,0.000000,46,.,.,20.000000,19.000000,,1.0526315789473684,33,.,.,19.000000,7.000000,,2.7142857142857144,13,.,.,1.000000,12.000000,,0.08333333333333333,257,.,.,250.000000,7.000000,,35.714285714285715,37,.,.,30.000000,7.000000,,4.285714285714286,124,.,.,124.000000,0.000000,,,96,.,.,96.000000,0.000000,,
INDEL,D1_5,SimpleRepeat_homopolymer_ge12_slop5,PASS,*,QUAL,*,0.717391,0.355769,0.458333,0.475653,11,9,18344341.000000,7284150.000000,0.000000,46,.,.,20.000000,19.000000,,1.0526315789473684,33,.,.,19.000000,7.000000,,2.7142857142857144,13,.,.,1.000000,12.000000,,0.08333333333333333,192,.,.,185.000000,7.000000,,26.428571428571427,37,.,.,30.000000,7.000000,,4.285714285714286,67,.,.,67.000000,0.000000,,,88,.,.,88.000000,0.000000,,
INDEL,D1_5,TS_boundary,ALL,*,QUAL,*,0.777778,0.583333,0.25,0.666667,2,2,3148273288.000000,2512317834.000000,0.000000,9,.,.,6.000000,3.000000,,2.0,7,.,.,6.000000,1.000000,,6.0,2,.,.,0.000000,2.000000,,0.0,16,.,.,15.000000,1.000000,,15.0,7,.,.,6.000000,1.000000,,6.0,5,.,.,5.000000,0.000000,,,4,.,.,4.000000,0.000000,,
INDEL,D1_5,TS_boundary,PASS,*,QUAL,*,0.777778,0.583333,0.25,0.666667,2,2,3148273288.000000,2512317834.000000,0.000000,9,.,.,6.000000,3.000000,,2.0,7,.,.,6.000000,1.000000,,6.0,2,.,.,0.000000,2.000000,,0.0,16,.,.,15.000000,1.000000,,15.0,7,.,.,6.000000,1.000000,,6.0,5,.,.,5.000000,0.000000,,,4,.,.,4.000000,0.000000,,
INDEL,D1_5,TS_contained,ALL,*,QUAL,*,0.88254,0.591195,0.0,0.708069,18,15,2512317834.000000,2512317834.000000,0.000000,315,.,.,177.000000,119.000000,,1.4873949579831933,278,.,.,166.000000,95.000000,,1.7473684210526317,37,.,.,11.000000,24.000000,,0.4583333333333333,477,.,.,382.000000,95.000000,,4.021052631578947,282,.,.,187.000000,95.000000,,1.9684210526315788,195,.,.,195.000000,0.000000,,,0,.,.,0.000000,0.000000,,
INDEL,D1_5,TS_contained,PASS,*,QUAL,*,0.88254,0.752,0.0,0.8120569999999999,18,12,2512317834.000000,2512317834.000000,0.000000,315,.,.,177.000000,119.000000,,1.4873949579831933,278,.,.,166.000000,95.000000,,1.7473684210526317,37,.,.,11.000000,24.000000,,0.4583333333333333,375,.,.,280.000000,95.000000,,2.9473684210526314,282,.,.,187.000000,95.000000,,1.9684210526315788,93,.,.,93.000000,0.000000,,,0,.,.,0.000000,0.000000,,
INDEL,D1_5,alldifficultregions,ALL,*,QUAL,*,0.828571,0.474667,0.324324,0.6035659999999999,20,16,624829623.000000,384850875.000000,0.000000,210,.,.,107.000000,84.000000,,1.2738095238095237,174,.,.,98.000000,59.000000,,1.6610169491525424,36,.,.,9.000000,25.000000,,0.36,555,.,.,468.000000,87.000000,,5.379310344827586,178,.,.,119.000000,59.000000,,2.016949152542373,197,.,.,197.000000,0.000000,,,180,.,.,152.000000,28.000000,,5.428571428571429
INDEL,D1_5,alldifficultregions,PASS,*,QUAL,*,0.828571,0.647273,0.369266,0.7267859999999999,20,14,624829623.000000,384850875.000000,0.000000,210,.,.,107.000000,84.000000,,1.2738095238095237,174,.,.,98.000000,59.000000,,1.6610169491525424,36,.,.,9.000000,25.000000,,0.36,436,.,.,349.000000,87.000000,,4.011494252873563,178,.,.,119.000000,59.000000,,2.016949152542373,97,.,.,97.000000,0.000000,,,161,.,.,133.000000,28.000000,,4.75
INDEL,D1_5,gc30to55_slop50,ALL,*,QUAL,*,0.896552,0.559322,0.284848,0.68888,9,9,2011401956.000000,1714091517.000000,0.000000,145,.,.,81.000000,53.000000,,1.528301886792453,130,.,.,79.000000,40.000000,,1.975,15,.,.,2.000000,13.000000,,0.15384615384615385,330,.,.,283.000000,47.000000,,6.0212765957446805,132,.,.,92.000000,40.000000,,2.3,104,.,.,104.000000,0.000000,,,94,.,.,87.000000,7.000000,,12.428571428571429
INDEL,D1_5,gc30to55_slop50,PASS,*,QUAL,*,0.896552,0.717391,0.318519,0.797027,9,7,2011401956.000000,1714091517.000000,0.000000,145,.,.,81.000000,53.000000,,1.528301886792453,130,.,.,79.000000,40.000000,,1.975,15,.,.,2.000000,13.000000,,0.15384615384615385,270,.,.,223.000000,47.000000,,4.74468085106383,132,.,.,92.000000,40.000000,,2.3,52,.,.,52.000000,0.000000,,,86,.,.,79.000000,7.000000,,11.285714285714286
INDEL,D1_5,gclt25orgt65_slop50,ALL,*,QUAL,*,0.9,0.699029,0.289655,0.7868850000000001,2,1,191795155.000000,160819334.000000,0.000000,80,.,.,45.000000,31.000000,,1.4516129032258065,72,.,.,42.000000,28.000000,,1.5,8,.,.,3.000000,3.000000,,1.0,145,.,.,102.000000,43.000000,,2.372093023255814,72,.,.,44.000000,28.000000,,1.5714285714285714,31,.,.,31.000000,0.000000,,,42,.,.,27.000000,15.000000,,1.8
INDEL,D1_5,gclt25orgt65_slop50,PASS,*,QUAL,*,0.9,0.8888889999999999,0.307692,0.89441,2,1,191795155.000000,160819334.000000,0.000000,80,.,.,45.000000,31.000000,,1.4516129032258065,72,.,.,42.000000,28.000000,,1.5,8,.,.,3.000000,3.000000,,1.0,117,.,.,74.000000,43.000000,,1.7209302325581395,72,.,.,44.000000,28.000000,,1.5714285714285714,9,.,.,9.000000,0.000000,,,36,.,.,21.000000,15.000000,,1.4
INDEL,D1_5,lowmappabilityall,ALL,*,QUAL,*,0.705882,0.75,0.407407,0.727273,0,0,248876839.000000,101322520.000000,0.000000,17,.,.,8.000000,9.000000,,0.8888888888888888,12,.,.,6.000000,6.000000,,1.0,5,.,.,2.000000,3.000000,,0.6666666666666666,27,.,.,17.000000,10.000000,,1.7,12,.,.,6.000000,6.000000,,1.0,4,.,.,4.000000,0.000000,,,11,.,.,7.000000,4.000000,,1.75
INDEL,D1_5,lowmappabilityall,PASS,*,QUAL,*,0.705882,0.8,0.347826,0.75,0,0,248876839.000000,101322520.000000,0.000000,17,.,.,8.000000,9.000000,,0.8888888888888888,12,.,.,6.000000,6.000000,,1.0,5,.,.,2.000000,3.000000,,0.6666666666666666,23,.,.,13.000000,10.000000,,1.3,12,.,.,6.000000,6.000000,,1.0,3,.,.,3.000000,0.000000,,,8,.,.,4.000000,4.000000,,1.0
INDEL,D1_5,notinAllTandemRepeatsandHomopolymers_slop5,ALL,*,QUAL,*,0.957576,0.940476,0.188406,0.9489489999999999,0,1,2682532985.000000,2403693407.000000,0.000000,165,.,.,103.000000,62.000000,,1.6612903225806452,158,.,.,100.000000,58.000000,,1.7241379310344827,7,.,.,3.000000,4.000000,,0.75,207,.,.,126.000000,81.000000,,1.5555555555555556,158,.,.,100.000000,58.000000,,1.7241379310344827,10,.,.,10.000000,0.000000,,,39,.,.,16.000000,23.000000,,0.6956521739130435
INDEL,D1_5,notinAllTandemRepeatsandHomopolymers_slop5,PASS,*,QUAL,*,0.957576,0.975309,0.19403,0.966361,0,0,2682532985.000000,2403693407.000000,0.000000,165,.,.,103.000000,62.000000,,1.6612903225806452,158,.,.,100.000000,58.000000,,1.7241379310344827,7,.,.,3.000000,4.000000,,0.75,201,.,.,120.000000,81.000000,,1.4814814814814814,158,.,.,100.000000,58.000000,,1.7241379310344827,4,.,.,4.000000,0.000000,,,39,.,.,16.000000,23.000000,,0.6956521739130435
INDEL,D1_5,notinalldifficultregions,ALL,*,QUAL,*,0.973684,0.973684,0.14285699999999998,0.973684,0,1,2310050789.000000,2127440919.000000,0.000000,114,.,.,76.000000,38.000000,,2.0,111,.,.,74.000000,37.000000,,2.0,3,.,.,2.000000,1.000000,,2.0,133,.,.,89.000000,44.000000,,2.022727272727273,111,.,.,74.000000,37.000000,,2.0,3,.,.,3.000000,0.000000,,,19,.,.,12.000000,7.000000,,1.7142857142857142
INDEL,D1_5,notinalldifficultregions,PASS,*,QUAL,*,0.973684,0.9910709999999999,0.145038,0.982301,0,0,2310050789.000000,2127440919.000000,0.000000,114,.,.,76.000000,38.000000,,2.0,111,.,.,74.000000,37.000000,,2.0,3,.,.,2.000000,1.000000,,2.0,131,.,.,87.000000,44.000000,,1.9772727272727273,111,.,.,74.000000,37.000000,,2.0,1,.,.,1.000000,0.000000,,,19,.,.,12.000000,7.000000,,1.7142857142857142
INDEL,D1_5,notinrefseq_cds,ALL,*,QUAL,*,0.875648,0.516418,0.29473699999999997,0.649682,17,17,2900663922.000000,2481219263.000000,0.000000,193,.,.,108.000000,69.000000,,1.565217391304348,169,.,.,104.000000,51.000000,,2.0392156862745097,24,.,.,4.000000,18.000000,,0.2222222222222222,475,.,.,407.000000,68.000000,,5.985294117647059,173,.,.,122.000000,51.000000,,2.392156862745098,162,.,.,162.000000,0.000000,,,140,.,.,123.000000,17.000000,,7.235294117647059
INDEL,D1_5,notinrefseq_cds,PASS,*,QUAL,*,0.875648,0.678431,0.327177,0.764526,17,14,2900663922.000000,2481219263.000000,0.000000,193,.,.,108.000000,69.000000,,1.565217391304348,169,.,.,104.000000,51.000000,,2.0392156862745097,24,.,.,4.000000,18.000000,,0.2222222222222222,379,.,.,311.000000,68.000000,,4.573529411764706,173,.,.,122.000000,51.000000,,2.392156862745098,82,.,.,82.000000,0.000000,,,124,.,.,107.000000,17.000000,,6.294117647058823
INDEL,D1_5,refseq_cds,ALL,*,QUAL,*,0.8863639999999999,0.75,0.274419,0.8125,3,0,34216490.000000,31072531.000000,0.000000,132,.,.,76.000000,53.000000,,1.4339622641509433,117,.,.,69.000000,45.000000,,1.5333333333333334,15,.,.,7.000000,8.000000,,0.875,215,.,.,152.000000,63.000000,,2.4126984126984126,117,.,.,72.000000,45.000000,,1.6,39,.,.,39.000000,0.000000,,,59,.,.,41.000000,18.000000,,2.2777777777777777
INDEL,D1_5,refseq_cds,PASS,*,QUAL,*,0.8863639999999999,0.873134,0.29473699999999997,0.879699,3,0,34216490.000000,31072531.000000,0.000000,132,.,.,76.000000,53.000000,,1.4339622641509433,117,.,.,69.000000,45.000000,,1.5333333333333334,15,.,.,7.000000,8.000000,,0.875,190,.,.,127.000000,63.000000,,2.015873015873016,117,.,.,72.000000,45.000000,,1.6,17,.,.,17.000000,0.000000,,,56,.,.,38.000000,18.000000,,2.111111111111111
INDEL,D1_5,segdups,ALL,*,QUAL,*,0.761905,0.8,0.591837,0.780488,0,0,166860344.000000,80066740.000000,0.000000,21,.,.,14.000000,7.000000,,2.0,16,.,.,11.000000,5.000000,,2.2,5,.,.,3.000000,2.000000,,1.5,49,.,.,34.000000,15.000000,,2.2666666666666666,16,.,.,11.000000,5.000000,,2.2,4,.,.,4.000000,0.000000,,,29,.,.,19.000000,10.000000,,1.9
INDEL,D1_5,segdups,PASS,*,QUAL,*,0.761905,0.8421049999999999,0.568182,0.8,0,0,166860344.000000,80066740.000000,0.000000,21,.,.,14.000000,7.000000,,2.0,16,.,.,11.000000,5.000000,,2.2,5,.,.,3.000000,2.000000,,1.5,44,.,.,29.000000,15.000000,,1.9333333333333333,16,.,.,11.000000,5.000000,,2.2,3,.,.,3.000000,0.000000,,,25,.,.,15.000000,10.000000,,1.5
INDEL,D6_15,*,ALL,*,QUAL,*,0.896552,0.80303,0.46341499999999997,0.847218,3,8,2809068885,2512317834.000000,0.000000,58,.,.,36.000000,13.000000,,2.769230769230769,52,.,.,33.000000,10.000000,,3.3,6,.,.,3.000000,3.000000,,1.0,123,.,.,99.000000,24.000000,,4.125,53,.,.,43.000000,10.000000,,4.3,13,.,.,13.000000,0.000000,,,57,.,.,43.000000,14.000000,,3.0714285714285716
INDEL,D6_15,*,PASS,*,QUAL,*,0.896552,0.815385,0.458333,0.854044,3,8,2809068885,2512317834.000000,0.000000,58,.,.,36.000000,13.000000,,2.769230769230769,52,.,.,33.000000,10.000000,,3.3,6,.,.,3.000000,3.000000,,1.0,120,.,.,96.000000,24.000000,,4.0,53,.,.,43.000000,10.000000,,4.3,12,.,.,12.000000,0.000000,,,55,.,.,41.000000,14.000000,,2.9285714285714284
INDEL,D6_15,AllTandemRepeats_le50bp_slop5,ALL,*,QUAL,*,0.882353,0.8,0.41176499999999994,0.839161,1,3,29009467.000000,24005140.000000,0.000000,17,.,.,7.000000,4.000000,,1.75,15,.,.,6.000000,3.000000,,2.0,2,.,.,1.000000,1.000000,,1.0,34,.,.,27.000000,7.000000,,3.857142857142857,16,.,.,13.000000,3.000000,,4.333333333333333,4,.,.,4.000000,0.000000,,,14,.,.,10.000000,4.000000,,2.5
INDEL,D6_15,AllTandemRepeats_le50bp_slop5,PASS,*,QUAL,*,0.882353,0.8,0.41176499999999994,0.839161,1,3,29009467.000000,24005140.000000,0.000000,17,.,.,7.000000,4.000000,,1.75,15,.,.,6.000000,3.000000,,2.0,2,.,.,1.000000,1.000000,,1.0,34,.,.,27.000000,7.000000,,3.857142857142857,16,.,.,13.000000,3.000000,,4.333333333333333,4,.,.,4.000000,0.000000,,,14,.,.,10.000000,4.000000,,2.5
INDEL,D6_15,MHC,ALL,*,QUAL,*,0.0,0.0,0.0,,0,0,4970557.000000,4595500.000000,0.000000,1,.,.,1.000000,0.000000,,,0,.,.,0.000000,0.000000,,,1,.,.,1.000000,0.000000,,,0,.,.,0.000000,0.000000,,,0,.,.,0.000000,0.000000,,,0,.,.,0.000000,0.000000,,,0,.,.,0.000000,0.000000,,
INDEL,D6_15,MHC,PASS,*,QUAL,*,0.0,0.0,0.0,,0,0,4970557.000000,4595500.000000,0.000000,1,.,.,1.000000,0.000000,,,0,.,.,0.000000,0.000000,,,1,.,.,1.000000,0.000000,,,0,.,.,0.000000,0.000000,,,0,.,.,0.000000,0.000000,,,0,.,.,0.000000,0.000000,,,0,.,.,0.000000,0.000000,,
INDEL,D6_15,SimpleRepeat_homopolymer_4to6_slop5,ALL,*,QUAL,*,1.0,0.777778,0.689655,0.875,0,0,789111519.000000,682283208.000000,0.000000,7,.,.,5.000000,2.000000,,2.5,7,.,.,5.000000,2.000000,,2.5,0,.,.,0.000000,0.000000,,,29,.,.,20.000000,9.000000,,2.2222222222222223,7,.,.,5.000000,2.000000,,2.5,2,.,.,2.000000,0.000000,,,20,.,.,13.000000,7.000000,,1.8571428571428572
INDEL,D6_15,SimpleRepeat_homopolymer_4to6_slop5,PASS,*,QUAL,*,1.0,0.875,0.714286,0.933333,0,0,789111519.000000,682283208.000000,0.000000,7,.,.,5.000000,2.000000,,2.5,7,.,.,5.000000,2.000000,,2.5,0,.,.,0.000000,0.000000,,,28,.,.,19.000000,9.000000,,2.111111111111111,7,.,.,5.000000,2.000000,,2.5,1,.,.,1.000000,0.000000,,,20,.,.,13.000000,7.000000,,1.8571428571428572
INDEL,D6_15,SimpleRepeat_homopolymer_7to11_slop5,ALL,*,QUAL,*,1.0,1.0,0.5,1.0,0,0,49788855.000000,40344087.000000,0.000000,1,.,.,1.000000,0.000000,,,1,.,.,1.000000,0.000000,,,0,.,.,0.000000,0.000000,,,2,.,.,1.000000,1.000000,,1.0,1,.,.,1.000000,0.000000,,,0,.,.,0.000000,0.000000,,,1,.,.,0.000000,1.000000,,0.0
INDEL,D6_15,SimpleRepeat_homopolymer_7to11_slop5,PASS,*,QUAL,*,1.0,1.0,0.5,1.0,0,0,49788855.000000,40344087.000000,0.000000,1,.,.,1.000000,0.000000,,,1,.,.,1.000000,0.000000,,,0,.,.,0.000000,0.000000,,,2,.,.,1.000000,1.000000,,1.0,1,.,.,1.000000,0.000000,,,0,.,.,0.000000,0.000000,,,1,.,.,0.000000,1.000000,,0.0
INDEL,D6_15,SimpleRepeat_homopolymer_ge12_slop5,ALL,*,QUAL,*,0.0,0.0,0.8,,1,1,18344341.000000,7284150.000000,0.000000,1,.,.,0.000000,1.000000,,0.0,0,.,.,0.000000,0.000000,,,1,.,.,0.000000,1.000000,,0.0,10,.,.,10.000000,0.000000,,,0,.,.,0.000000,0.000000,,,2,.,.,2.000000,0.000000,,,8,.,.,8.000000,0.000000,,
INDEL,D6_15,SimpleRepeat_homopolymer_ge12_slop5,PASS,*,QUAL,*,0.0,0.0,0.8,,1,1,18344341.000000,7284150.000000,0.000000,1,.,.,0.000000,1.000000,,0.0,0,.,.,0.000000,0.000000,,,1,.,.,0.000000,1.000000,,0.0,10,.,.,10.000000,0.000000,,,0,.,.,0.000000,0.000000,,,2,.,.,2.000000,0.000000,,,8,.,.,8.000000,0.000000,,
INDEL,D6_15,TS_boundary,ALL,*,QUAL,*,1.0,0.833333,0.647059,0.909091,0,0,3148273288.000000,2512317834.000000,0.000000,5,.,.,4.000000,1.000000,,4.0,5,.,.,4.000000,1.000000,,4.0,0,.,.,0.000000,0.000000,,,17,.,.,12.000000,5.000000,,2.4,5,.,.,4.000000,1.000000,,4.0,1,.,.,1.000000,0.000000,,,11,.,.,7.000000,4.000000,,1.75
INDEL,D6_15,TS_boundary,PASS,*,QUAL,*,1.0,1.0,0.6875,1.0,0,0,3148273288.000000,2512317834.000000,0.000000,5,.,.,4.000000,1.000000,,4.0,5,.,.,4.000000,1.000000,,4.0,0,.,.,0.000000,0.000000,,,16,.,.,11.000000,5.000000,,2.2,5,.,.,4.000000,1.000000,,4.0,0,.,.,0.000000,0.000000,,,11,.,.,7.000000,4.000000,,1.75
INDEL,D6_15,TS_contained,ALL,*,QUAL,*,0.886792,0.8,0.0,0.8411629999999999,3,8,2512317834.000000,2512317834.000000,0.000000,53,.,.,32.000000,12.000000,,2.6666666666666665,47,.,.,29.000000,9.000000,,3.2222222222222223,6,.,.,3.000000,3.000000,,1.0,60,.,.,51.000000,9.000000,,5.666666666666667,48,.,.,39.000000,9.000000,,4.333333333333333,12,.,.,12.000000,0.000000,,,0,.,.,0.000000,0.000000,,
INDEL,D6_15,TS_contained,PASS,*,QUAL,*,0.886792,0.8,0.0,0.8411629999999999,3,8,2512317834.000000,2512317834.000000,0.000000,53,.,.,32.000000,12.000000,,2.6666666666666665,47,.,.,29.000000,9.000000,,3.2222222222222223,6,.,.,3.000000,3.000000,,1.0,60,.,.,51.000000,9.000000,,5.666666666666667,48,.,.,39.000000,9.000000,,4.333333333333333,12,.,.,12.000000,0.000000,,,0,.,.,0.000000,0.000000,,
INDEL,D6_15,alldifficultregions,ALL,*,QUAL,*,0.866667,0.769231,0.518519,0.8150470000000001,3,8,624829623.000000,384850875.000000,0.000000,45,.,.,27.000000,9.000000,,3.0,39,.,.,24.000000,6.000000,,4.0,6,.,.,3.000000,3.000000,,1.0,108,.,.,88.000000,20.000000,,4.4,40,.,.,34.000000,6.000000,,5.666666666666667,12,.,.,12.000000,0.000000,,,56,.,.,42.000000,14.000000,,3.0
INDEL,D6_15,alldifficultregions,PASS,*,QUAL,*,0.866667,0.7843140000000001,0.514286,0.8234360000000001,3,8,624829623.000000,384850875.000000,0.000000,45,.,.,27.000000,9.000000,,3.0,39,.,.,24.000000,6.000000,,4.0,6,.,.,3.000000,3.000000,,1.0,105,.,.,85.000000,20.000000,,4.25,40,.,.,34.000000,6.000000,,5.666666666666667,11,.,.,11.000000,0.000000,,,54,.,.,40.000000,14.000000,,2.857142857142857
INDEL,D6_15,gc30to55_slop50,ALL,*,QUAL,*,0.8125,0.6190479999999999,0.363636,0.702703,3,4,2011401956.000000,1714091517.000000,0.000000,16,.,.,5.000000,6.000000,,0.8333333333333334,13,.,.,5.000000,3.000000,,1.6666666666666667,3,.,.,0.000000,3.000000,,0.0,33,.,.,27.000000,6.000000,,4.5,13,.,.,10.000000,3.000000,,3.3333333333333335,8,.,.,8.000000,0.000000,,,12,.,.,9.000000,3.000000,,3.0
INDEL,D6_15,gc30to55_slop50,PASS,*,QUAL,*,0.8125,0.6190479999999999,0.363636,0.702703,3,4,2011401956.000000,1714091517.000000,0.000000,16,.,.,5.000000,6.000000,,0.8333333333333334,13,.,.,5.000000,3.000000,,1.6666666666666667,3,.,.,0.000000,3.000000,,0.0,33,.,.,27.000000,6.000000,,4.5,13,.,.,10.000000,3.000000,,3.3333333333333335,8,.,.,8.000000,0.000000,,,12,.,.,9.000000,3.000000,,3.0
INDEL,D6_15,gclt25orgt65_slop50,ALL,*,QUAL,*,0.896552,0.9285709999999999,0.5,0.9122809999999999,0,1,191795155.000000,160819334.000000,0.000000,29,.,.,21.000000,5.000000,,4.2,26,.,.,18.000000,5.000000,,3.6,3,.,.,3.000000,0.000000,,,56,.,.,43.000000,13.000000,,3.3076923076923075,26,.,.,21.000000,5.000000,,4.2,2,.,.,2.000000,0.000000,,,28,.,.,20.000000,8.000000,,2.5
INDEL,D6_15,gclt25orgt65_slop50,PASS,*,QUAL,*,0.896552,0.9629629999999999,0.509091,0.9285709999999999,0,1,191795155.000000,160819334.000000,0.000000,29,.,.,21.000000,5.000000,,4.2,26,.,.,18.000000,5.000000,,3.6,3,.,.,3.000000,0.000000,,,55,.,.,42.000000,13.000000,,3.230769230769231,26,.,.,21.000000,5.000000,,4.2,1,.,.,1.000000,0.000000,,,28,.,.,20.000000,8.000000,,2.5
INDEL,D6_15,lowmappabilityall,ALL,*,QUAL,*,1.0,1.0,0.833333,1.0,0,0,248876839.000000,101322520.000000,0.000000,1,.,.,1.000000,0.000000,,,1,.,.,1.000000,0.000000,,,0,.,.,0.000000,0.000000,,,6,.,.,5.000000,1.000000,,5.0,1,.,.,1.000000,0.000000,,,0,.,.,0.000000,0.000000,,,5,.,.,4.000000,1.000000,,4.0
INDEL,D6_15,lowmappabilityall,PASS,*,QUAL,*,1.0,1.0,0.8,1.0,0,0,248876839.000000,101322520.000000,0.000000,1,.,.,1.000000,0.000000,,,1,.,.,1.000000,0.000000,,,0,.,.,0.000000,0.000000,,,5,.,.,4.000000,1.000000,,4.0,1,.,.,1.000000,0.000000,,,0,.,.,0.000000,0.000000,,,4,.,.,3.000000,1.000000,,3.0
INDEL,D6_15,notinAllTandemRepeatsandHomopolymers_slop5,ALL,*,QUAL,*,0.923077,0.923077,0.07142899999999999,0.923077,0,0,2682532985.000000,2403693407.000000,0.000000,26,.,.,20.000000,6.000000,,3.3333333333333335,24,.,.,18.000000,6.000000,,3.0,2,.,.,2.000000,0.000000,,,28,.,.,22.000000,6.000000,,3.6666666666666665,24,.,.,18.000000,6.000000,,3.0,2,.,.,2.000000,0.000000,,,2,.,.,2.000000,0.000000,,
INDEL,D6_15,notinAllTandemRepeatsandHomopolymers_slop5,PASS,*,QUAL,*,0.923077,0.96,0.074074,0.941176,0,0,2682532985.000000,2403693407.000000,0.000000,26,.,.,20.000000,6.000000,,3.3333333333333335,24,.,.,18.000000,6.000000,,3.0,2,.,.,2.000000,0.000000,,,27,.,.,21.000000,6.000000,,3.5,24,.,.,18.000000,6.000000,,3.0,1,.,.,1.000000,0.000000,,,2,.,.,2.000000,0.000000,,
INDEL,D6_15,notinalldifficultregions,ALL,*,QUAL,*,1.0,0.9285709999999999,0.06666699999999999,0.9629629999999999,0,0,2310050789.000000,2127440919.000000,0.000000,13,.,.,9.000000,4.000000,,2.25,13,.,.,9.000000,4.000000,,2.25,0,.,.,0.000000,0.000000,,,15,.,.,11.000000,4.000000,,2.75,13,.,.,9.000000,4.000000,,2.25,1,.,.,1.000000,0.000000,,,1,.,.,1.000000,0.000000,,
INDEL,D6_15,notinalldifficultregions,PASS,*,QUAL,*,1.0,0.9285709999999999,0.06666699999999999,0.9629629999999999,0,0,2310050789.000000,2127440919.000000,0.000000,13,.,.,9.000000,4.000000,,2.25,13,.,.,9.000000,4.000000,,2.25,0,.,.,0.000000,0.000000,,,15,.,.,11.000000,4.000000,,2.75,13,.,.,9.000000,4.000000,,2.25,1,.,.,1.000000,0.000000,,,1,.,.,1.000000,0.000000,,
INDEL,D6_15,notinrefseq_cds,ALL,*,QUAL,*,0.84,0.709677,0.5,0.769359,3,5,2900663922.000000,2481219263.000000,0.000000,25,.,.,13.000000,6.000000,,2.1666666666666665,21,.,.,12.000000,3.000000,,4.0,4,.,.,1.000000,3.000000,,0.3333333333333333,62,.,.,53.000000,9.000000,,5.888888888888889,22,.,.,19.000000,3.000000,,6.333333333333333,9,.,.,9.000000,0.000000,,,31,.,.,25.000000,6.000000,,4.166666666666667
INDEL,D6_15,notinrefseq_cds,PASS,*,QUAL,*,0.84,0.709677,0.491803,0.769359,3,5,2900663922.000000,2481219263.000000,0.000000,25,.,.,13.000000,6.000000,,2.1666666666666665,21,.,.,12.000000,3.000000,,4.0,4,.,.,1.000000,3.000000,,0.3333333333333333,61,.,.,52.000000,9.000000,,5.777777777777778,22,.,.,19.000000,3.000000,,6.333333333333333,9,.,.,9.000000,0.000000,,,30,.,.,24.000000,6.000000,,4.0
INDEL,D6_15,refseq_cds,ALL,*,QUAL,*,0.941176,0.8888889999999999,0.41935500000000003,0.914286,0,3,34216490.000000,31072531.000000,0.000000,34,.,.,24.000000,7.000000,,3.4285714285714284,32,.,.,22.000000,7.000000,,3.142857142857143,2,.,.,2.000000,0.000000,,,62,.,.,47.000000,15.000000,,3.1333333333333333,32,.,.,25.000000,7.000000,,3.5714285714285716,4,.,.,4.000000,0.000000,,,26,.,.,18.000000,8.000000,,2.25
INDEL,D6_15,refseq_cds,PASS,*,QUAL,*,0.941176,0.914286,0.416667,0.927536,0,3,34216490.000000,31072531.000000,0.000000,34,.,.,24.000000,7.000000,,3.4285714285714284,32,.,.,22.000000,7.000000,,3.142857142857143,2,.,.,2.000000,0.000000,,,60,.,.,45.000000,15.000000,,3.0,32,.,.,25.000000,7.000000,,3.5714285714285716,3,.,.,3.000000,0.000000,,,25,.,.,17.000000,8.000000,,2.125
INDEL,D6_15,segdups,ALL,*,QUAL,*,0.5,0.5,0.428571,0.5,1,1,166860344.000000,80066740.000000,0.000000,4,.,.,3.000000,1.000000,,3.0,2,.,.,2.000000,0.000000,,,2,.,.,1.000000,1.000000,,1.0,7,.,.,7.000000,0.000000,,,2,.,.,2.000000,0.000000,,,2,.,.,2.000000,0.000000,,,3,.,.,3.000000,0.000000,,
INDEL,D6_15,segdups,PASS,*,QUAL,*,0.5,0.5,0.333333,0.5,1,1,166860344.000000,80066740.000000,0.000000,4,.,.,3.000000,1.000000,,3.0,2,.,.,2.000000,0.000000,,,2,.,.,1.000000,1.000000,,1.0,6,.,.,6.000000,0.000000,,,2,.,.,2.000000,0.000000,,,2,.,.,2.000000,0.000000,,,2,.,.,2.000000,0.000000,,
INDEL,I16_PLUS,*,ALL,*,QUAL,*,0.9523809999999999,0.9523809999999999,0.686567,0.9523809999999999,0,0,2809068885,2512317834.000000,0.000000,21,.,.,13.000000,8.000000,,1.625,20,.,.,12.000000,8.000000,,1.5,1,.,.,1.000000,0.000000,,,67,.,.,44.000000,19.000000,,2.3157894736842106,20,.,.,12.000000,8.000000,,1.5,1,.,.,1.000000,0.000000,,,46,.,.,31.000000,11.000000,,2.8181818181818183
INDEL,I16_PLUS,*,PASS,*,QUAL,*,0.9523809999999999,1.0,0.677419,0.9756100000000001,0,0,2809068885,2512317834.000000,0.000000,21,.,.,13.000000,8.000000,,1.625,20,.,.,12.000000,8.000000,,1.5,1,.,.,1.000000,0.000000,,,62,.,.,39.000000,19.000000,,2.0526315789473686,20,.,.,12.000000,8.000000,,1.5,0,.,.,0.000000,0.000000,,,42,.,.,27.000000,11.000000,,2.4545454545454546
INDEL,I16_PLUS,AllTandemRepeats_le50bp_slop5,ALL,*,QUAL,*,1.0,1.0,0.5,1.0,0,0,29009467.000000,24005140.000000,0.000000,3,.,.,1.000000,2.000000,,0.5,3,.,.,1.000000,2.000000,,0.5,0,.,.,0.000000,0.000000,,,6,.,.,2.000000,3.000000,,0.6666666666666666,3,.,.,1.000000,2.000000,,0.5,0,.,.,0.000000,0.000000,,,3,.,.,1.000000,1.000000,,1.0
INDEL,I16_PLUS,AllTandemRepeats_le50bp_slop5,PASS,*,QUAL,*,1.0,1.0,0.4,1.0,0,0,29009467.000000,24005140.000000,0.000000,3,.,.,1.000000,2.000000,,0.5,3,.,.,1.000000,2.000000,,0.5,0,.,.,0.000000,0.000000,,,5,.,.,1.000000,3.000000,,0.3333333333333333,3,.,.,1.000000,2.000000,,0.5,0,.,.,0.000000,0.000000,,,2,.,.,0.000000,1.000000,,0.0
INDEL,I16_PLUS,MHC,ALL,*,QUAL,*,0.0,0.0,0.0,,0,0,4970557.000000,4595500.000000,0.000000,0,.,.,0.000000,0.000000,,,0,.,.,0.000000,0.000000,,,0,.,.,0.000000,0.000000,,,0,.,.,0.000000,0.000000,,,0,.,.,0.000000,0.000000,,,0,.,.,0.000000,0.000000,,,0,.,.,0.000000,0.000000,,
INDEL,I16_PLUS,MHC,PASS,*,QUAL,*,0.0,0.0,0.0,,0,0,4970557.000000,4595500.000000,0.000000,0,.,.,0.000000,0.000000,,,0,.,.,0.000000,0.000000,,,0,.,.,0.000000,0.000000,,,0,.,.,0.000000,0.000000,,,0,.,.,0.000000,0.000000,,,0,.,.,0.000000,0.000000,,,0,.,.,0.000000,0.000000,,
INDEL,I16_PLUS,SimpleRepeat_homopolymer_4to6_slop5,ALL,*,QUAL,*,1.0,1.0,0.538462,1.0,0,0,789111519.000000,682283208.000000,0.000000,6,.,.,4.000000,2.000000,,2.0,6,.,.,4.000000,2.000000,,2.0,0,.,.,0.000000,0.000000,,,13,.,.,8.000000,3.000000,,2.6666666666666665,6,.,.,4.000000,2.000000,,2.0,0,.,.,0.000000,0.000000,,,7,.,.,4.000000,1.000000,,4.0
INDEL,I16_PLUS,SimpleRepeat_homopolymer_4to6_slop5,PASS,*,QUAL,*,1.0,1.0,0.5,1.0,0,0,789111519.000000,682283208.000000,0.000000,6,.,.,4.000000,2.000000,,2.0,6,.,.,4.000000,2.000000,,2.0,0,.,.,0.000000,0.000000,,,12,.,.,7.000000,3.000000,,2.3333333333333335,6,.,.,4.000000,2.000000,,2.0,0,.,.,0.000000,0.000000,,,6,.,.,3.000000,1.000000,,3.0
INDEL,I16_PLUS,SimpleRepeat_homopolymer_7to11_slop5,ALL,*,QUAL,*,0.0,0.0,0.0,,0,0,49788855.000000,40344087.000000,0.000000,0,.,.,0.000000,0.000000,,,0,.,.,0.000000,0.000000,,,0,.,.,0.000000,0.000000,,,0,.,.,0.000000,0.000000,,,0,.,.,0.000000,0.000000,,,0,.,.,0.000000,0.000000,,,0,.,.,0.000000,0.000000,,
INDEL,I16_PLUS,SimpleRepeat_homopolymer_7to11_slop5,PASS,*,QUAL,*,0.0,0.0,0.0,,0,0,49788855.000000,40344087.000000,0.000000,0,.,.,0.000000,0.000000,,,0,.,.,0.000000,0.000000,,,0,.,.,0.000000,0.000000,,,0,.,.,0.000000,0.000000,,,0,.,.,0.000000,0.000000,,,0,.,.,0.000000,0.000000,,,0,.,.,0.000000,0.000000,,
INDEL,I16_PLUS,SimpleRepeat_homopolymer_ge12_slop5,ALL,*,QUAL,*,0.0,0.0,0.0,,0,0,18344341.000000,7284150.000000,0.000000,0,.,.,0.000000,0.000000,,,0,.,.,0.000000,0.000000,,,0,.,.,0.000000,0.000000,,,0,.,.,0.000000,0.000000,,,0,.,.,0.000000,0.000000,,,0,.,.,0.000000,0.000000,,,0,.,.,0.000000,0.000000,,
INDEL,I16_PLUS,SimpleRepeat_homopolymer_ge12_slop5,PASS,*,QUAL,*,0.0,0.0,0.0,,0,0,18344341.000000,7284150.000000,0.000000,0,.,.,0.000000,0.000000,,,0,.,.,0.000000,0.000000,,,0,.,.,0.000000,0.000000,,,0,.,.,0.000000,0.000000,,,0,.,.,0.000000,0.000000,,,0,.,.,0.000000,0.000000,,,0,.,.,0.000000,0.000000,,
INDEL,I16_PLUS,TS_boundary,ALL,*,QUAL,*,0.0,0.0,0.0,,0,0,3148273288.000000,2512317834.000000,0.000000,0,.,.,0.000000,0.000000,,,0,.,.,0.000000,0.000000,,,0,.,.,0.000000,0.000000,,,0,.,.,0.000000,0.000000,,,0,.,.,0.000000,0.000000,,,0,.,.,0.000000,0.000000,,,0,.,.,0.000000,0.000000,,
INDEL,I16_PLUS,TS_boundary,PASS,*,QUAL,*,0.0,0.0,0.0,,0,0,3148273288.000000,2512317834.000000,0.000000,0,.,.,0.000000,0.000000,,,0,.,.,0.000000,0.000000,,,0,.,.,0.000000,0.000000,,,0,.,.,0.000000,0.000000,,,0,.,.,0.000000,0.000000,,,0,.,.,0.000000,0.000000,,,0,.,.,0.000000,0.000000,,
INDEL,I16_PLUS,TS_contained,ALL,*,QUAL,*,0.9523809999999999,0.9523809999999999,0.0,0.9523809999999999,0,0,2512317834.000000,2512317834.000000,0.000000,21,.,.,13.000000,8.000000,,1.625,20,.,.,12.000000,8.000000,,1.5,1,.,.,1.000000,0.000000,,,21,.,.,13.000000,8.000000,,1.625,20,.,.,12.000000,8.000000,,1.5,1,.,.,1.000000,0.000000,,,0,.,.,0.000000,0.000000,,
INDEL,I16_PLUS,TS_contained,PASS,*,QUAL,*,0.9523809999999999,1.0,0.0,0.9756100000000001,0,0,2512317834.000000,2512317834.000000,0.000000,21,.,.,13.000000,8.000000,,1.625,20,.,.,12.000000,8.000000,,1.5,1,.,.,1.000000,0.000000,,,20,.,.,12.000000,8.000000,,1.5,20,.,.,12.000000,8.000000,,1.5,0,.,.,0.000000,0.000000,,,0,.,.,0.000000,0.000000,,
INDEL,I16_PLUS,alldifficultregions,ALL,*,QUAL,*,0.9444440000000001,1.0,0.701754,0.9714290000000001,0,0,624829623.000000,384850875.000000,0.000000,18,.,.,11.000000,7.000000,,1.5714285714285714,17,.,.,10.000000,7.000000,,1.4285714285714286,1,.,.,1.000000,0.000000,,,57,.,.,37.000000,16.000000,,2.3125,17,.,.,10.000000,7.000000,,1.4285714285714286,0,.,.,0.000000,0.000000,,,40,.,.,27.000000,9.000000,,3.0
INDEL,I16_PLUS,alldifficultregions,PASS,*,QUAL,*,0.9444440000000001,1.0,0.679245,0.9714290000000001,0,0,624829623.000000,384850875.000000,0.000000,18,.,.,11.000000,7.000000,,1.5714285714285714,17,.,.,10.000000,7.000000,,1.4285714285714286,1,.,.,1.000000,0.000000,,,53,.,.,33.000000,16.000000,,2.0625,17,.,.,10.000000,7.000000,,1.4285714285714286,0,.,.,0.000000,0.000000,,,36,.,.,23.000000,9.000000,,2.5555555555555554
INDEL,I16_PLUS,gc30to55_slop50,ALL,*,QUAL,*,1.0,1.0,0.8,1.0,0,0,2011401956.000000,1714091517.000000,0.000000,3,.,.,2.000000,1.000000,,2.0,3,.,.,2.000000,1.000000,,2.0,0,.,.,0.000000,0.000000,,,15,.,.,13.000000,1.000000,,13.0,3,.,.,2.000000,1.000000,,2.0,0,.,.,0.000000,0.000000,,,12,.,.,11.000000,0.000000,,
INDEL,I16_PLUS,gc30to55_slop50,PASS,*,QUAL,*,1.0,1.0,0.75,1.0,0,0,2011401956.000000,1714091517.000000,0.000000,3,.,.,2.000000,1.000000,,2.0,3,.,.,2.000000,1.000000,,2.0,0,.,.,0.000000,0.000000,,,12,.,.,10.000000,1.000000,,10.0,3,.,.,2.000000,1.000000,,2.0,0,.,.,0.000000,0.000000,,,9,.,.,8.000000,0.000000,,
INDEL,I16_PLUS,gclt25orgt65_slop50,ALL,*,QUAL,*,1.0,1.0,0.733333,1.0,0,0,191795155.000000,160819334.000000,0.000000,8,.,.,5.000000,3.000000,,1.6666666666666667,8,.,.,5.000000,3.000000,,1.6666666666666667,0,.,.,0.000000,0.000000,,,30,.,.,19.000000,10.000000,,1.9,8,.,.,5.000000,3.000000,,1.6666666666666667,0,.,.,0.000000,0.000000,,,22,.,.,14.000000,7.000000,,2.0
INDEL,I16_PLUS,gclt25orgt65_slop50,PASS,*,QUAL,*,1.0,1.0,0.7241380000000001,1.0,0,0,191795155.000000,160819334.000000,0.000000,8,.,.,5.000000,3.000000,,1.6666666666666667,8,.,.,5.000000,3.000000,,1.6666666666666667,0,.,.,0.000000,0.000000,,,29,.,.,18.000000,10.000000,,1.8,8,.,.,5.000000,3.000000,,1.6666666666666667,0,.,.,0.000000,0.000000,,,21,.,.,13.000000,7.000000,,1.8571428571428572
INDEL,I16_PLUS,lowmappabilityall,ALL,*,QUAL,*,0.0,,1.0,,0,0,248876839.000000,101322520.000000,0.000000,0,.,.,0.000000,0.000000,,,0,.,.,0.000000,0.000000,,,0,.,.,0.000000,0.000000,,,6,.,.,5.000000,1.000000,,5.0,0,.,.,0.000000,0.000000,,,0,.,.,0.000000,0.000000,,,6,.,.,5.000000,1.000000,,5.0
INDEL,I16_PLUS,lowmappabilityall,PASS,*,QUAL,*,0.0,,1.0,,0,0,248876839.000000,101322520.000000,0.000000,0,.,.,0.000000,0.000000,,,0,.,.,0.000000,0.000000,,,0,.,.,0.000000,0.000000,,,5,.,.,4.000000,1.000000,,4.0,0,.,.,0.000000,0.000000,,,0,.,.,0.000000,0.000000,,,5,.,.,4.000000,1.000000,,4.0
INDEL,I16_PLUS,notinAllTandemRepeatsandHomopolymers_slop5,ALL,*,QUAL,*,1.0,0.8888889999999999,0.590909,0.941176,0,0,2682532985.000000,2403693407.000000,0.000000,8,.,.,5.000000,3.000000,,1.6666666666666667,8,.,.,5.000000,3.000000,,1.6666666666666667,0,.,.,0.000000,0.000000,,,22,.,.,14.000000,7.000000,,2.0,8,.,.,5.000000,3.000000,,1.6666666666666667,1,.,.,1.000000,0.000000,,,13,.,.,8.000000,4.000000,,2.0
INDEL,I16_PLUS,notinAllTandemRepeatsandHomopolymers_slop5,PASS,*,QUAL,*,1.0,1.0,0.6190479999999999,1.0,0,0,2682532985.000000,2403693407.000000,0.000000,8,.,.,5.000000,3.000000,,1.6666666666666667,8,.,.,5.000000,3.000000,,1.6666666666666667,0,.,.,0.000000,0.000000,,,21,.,.,13.000000,7.000000,,1.8571428571428572,8,.,.,5.000000,3.000000,,1.6666666666666667,0,.,.,0.000000,0.000000,,,13,.,.,8.000000,4.000000,,2.0
INDEL,I16_PLUS,notinalldifficultregions,ALL,*,QUAL,*,1.0,0.75,0.555556,0.857143,0,0,2310050789.000000,2127440919.000000,0.000000,3,.,.,2.000000,1.000000,,2.0,3,.,.,2.000000,1.000000,,2.0,0,.,.,0.000000,0.000000,,,9,.,.,6.000000,3.000000,,2.0,3,.,.,2.000000,1.000000,,2.0,1,.,.,1.000000,0.000000,,,5,.,.,3.000000,2.000000,,1.5
INDEL,I16_PLUS,notinalldifficultregions,PASS,*,QUAL,*,1.0,1.0,0.625,1.0,0,0,2310050789.000000,2127440919.000000,0.000000,3,.,.,2.000000,1.000000,,2.0,3,.,.,2.000000,1.000000,,2.0,0,.,.,0.000000,0.000000,,,8,.,.,5.000000,3.000000,,1.6666666666666667,3,.,.,2.000000,1.000000,,2.0,0,.,.,0.000000,0.000000,,,5,.,.,3.000000,2.000000,,1.5
INDEL,I16_PLUS,notinrefseq_cds,ALL,*,QUAL,*,1.0,1.0,0.636364,1.0,0,0,2900663922.000000,2481219263.000000,0.000000,12,.,.,7.000000,5.000000,,1.4,12,.,.,7.000000,5.000000,,1.4,0,.,.,0.000000,0.000000,,,33,.,.,23.000000,7.000000,,3.2857142857142856,12,.,.,7.000000,5.000000,,1.4,0,.,.,0.000000,0.000000,,,21,.,.,16.000000,2.000000,,8.0
INDEL,I16_PLUS,notinrefseq_cds,PASS,*,QUAL,*,1.0,1.0,0.625,1.0,0,0,2900663922.000000,2481219263.000000,0.000000,12,.,.,7.000000,5.000000,,1.4,12,.,.,7.000000,5.000000,,1.4,0,.,.,0.000000,0.000000,,,32,.,.,22.000000,7.000000,,3.142857142857143,12,.,.,7.000000,5.000000,,1.4,0,.,.,0.000000,0.000000,,,20,.,.,15.000000,2.000000,,7.5
INDEL,I16_PLUS,refseq_cds,ALL,*,QUAL,*,0.8888889999999999,0.8888889999999999,0.727273,0.8888889999999999,0,0,34216490.000000,31072531.000000,0.000000,9,.,.,6.000000,3.000000,,2.0,8,.,.,5.000000,3.000000,,1.6666666666666667,1,.,.,1.000000,0.000000,,,33,.,.,21.000000,11.000000,,1.9090909090909092,8,.,.,5.000000,3.000000,,1.6666666666666667,1,.,.,1.000000,0.000000,,,24,.,.,15.000000,8.000000,,1.875
INDEL,I16_PLUS,refseq_cds,PASS,*,QUAL,*,0.8888889999999999,1.0,0.7241380000000001,0.941176,0,0,34216490.000000,31072531.000000,0.000000,9,.,.,6.000000,3.000000,,2.0,8,.,.,5.000000,3.000000,,1.6666666666666667,1,.,.,1.000000,0.000000,,,29,.,.,17.000000,11.000000,,1.5454545454545454,8,.,.,5.000000,3.000000,,1.6666666666666667,0,.,.,0.000000,0.000000,,,21,.,.,12.000000,8.000000,,1.5
INDEL,I16_PLUS,segdups,ALL,*,QUAL,*,1.0,1.0,0.5,1.0,0,0,166860344.000000,80066740.000000,0.000000,3,.,.,3.000000,0.000000,,,3,.,.,3.000000,0.000000,,,0,.,.,0.000000,0.000000,,,6,.,.,6.000000,0.000000,,,3,.,.,3.000000,0.000000,,,0,.,.,0.000000,0.000000,,,3,.,.,3.000000,0.000000,,
INDEL,I16_PLUS,segdups,PASS,*,QUAL,*,1.0,1.0,0.5,1.0,0,0,166860344.000000,80066740.000000,0.000000,3,.,.,3.000000,0.000000,,,3,.,.,3.000000,0.000000,,,0,.,.,0.000000,0.000000,,,6,.,.,6.000000,0.000000,,,3,.,.,3.000000,0.000000,,,0,.,.,0.000000,0.000000,,,3,.,.,3.000000,0.000000,,
INDEL,I1_5,*,ALL,*,QUAL,*,0.866864,0.80274,0.29126199999999997,0.83357,25,6,2809068885,2512317834.000000,0.000000,338,.,.,196.000000,122.000000,,1.6065573770491803,293,.,.,185.000000,89.000000,,2.0786516853932584,45,.,.,11.000000,33.000000,,0.3333333333333333,515,.,.,351.000000,134.000000,,2.6194029850746268,293,.,.,197.000000,89.000000,,2.2134831460674156,72,.,.,62.000000,1.000000,,62.0,150,.,.,92.000000,44.000000,,2.090909090909091
INDEL,I1_5,*,PASS,*,QUAL,*,0.8639049999999999,0.8875379999999999,0.30444,0.8755620000000001,25,2,2809068885,2512317834.000000,0.000000,338,.,.,196.000000,122.000000,,1.6065573770491803,292,.,.,184.000000,89.000000,,2.067415730337079,46,.,.,12.000000,33.000000,,0.36363636363636365,473,.,.,309.000000,134.000000,,2.3059701492537314,292,.,.,196.000000,89.000000,,2.202247191011236,37,.,.,27.000000,1.000000,,27.0,144,.,.,86.000000,44.000000,,1.9545454545454546
INDEL,I1_5,AllTandemRepeats_le50bp_slop5,ALL,*,QUAL,*,0.8888889999999999,0.833333,0.157895,0.860215,3,5,29009467.000000,24005140.000000,0.000000,45,.,.,26.000000,13.000000,,2.0,40,.,.,24.000000,10.000000,,2.4,5,.,.,2.000000,3.000000,,0.6666666666666666,57,.,.,42.000000,12.000000,,3.5,40,.,.,29.000000,10.000000,,2.9,8,.,.,7.000000,0.000000,,,9,.,.,6.000000,2.000000,,3.0
INDEL,I1_5,AllTandemRepeats_le50bp_slop5,PASS,*,QUAL,*,0.8888889999999999,0.909091,0.169811,0.898876,3,1,29009467.000000,24005140.000000,0.000000,45,.,.,26.000000,13.000000,,2.0,40,.,.,24.000000,10.000000,,2.4,5,.,.,2.000000,3.000000,,0.6666666666666666,53,.,.,38.000000,12.000000,,3.1666666666666665,40,.,.,29.000000,10.000000,,2.9,4,.,.,3.000000,0.000000,,,9,.,.,6.000000,2.000000,,3.0
INDEL,I1_5,MHC,ALL,*,QUAL,*,0.0,,1.0,,0,0,4970557.000000,4595500.000000,0.000000,3,.,.,1.000000,2.000000,,0.5,0,.,.,0.000000,0.000000,,,3,.,.,1.000000,2.000000,,0.5,1,.,.,0.000000,1.000000,,0.0,0,.,.,0.000000,0.000000,,,0,.,.,0.000000,0.000000,,,1,.,.,0.000000,1.000000,,0.0
INDEL,I1_5,MHC,PASS,*,QUAL,*,0.0,,1.0,,0,0,4970557.000000,4595500.000000,0.000000,3,.,.,1.000000,2.000000,,0.5,0,.,.,0.000000,0.000000,,,3,.,.,1.000000,2.000000,,0.5,1,.,.,0.000000,1.000000,,0.0,0,.,.,0.000000,0.000000,,,0,.,.,0.000000,0.000000,,,1,.,.,0.000000,1.000000,,0.0
INDEL,I1_5,SimpleRepeat_homopolymer_4to6_slop5,ALL,*,QUAL,*,0.858824,0.8111109999999999,0.24369699999999997,0.8342860000000001,6,5,789111519.000000,682283208.000000,0.000000,85,.,.,46.000000,37.000000,,1.2432432432432432,73,.,.,41.000000,30.000000,,1.3666666666666667,12,.,.,5.000000,7.000000,,0.7142857142857143,119,.,.,76.000000,37.000000,,2.054054054054054,73,.,.,42.000000,30.000000,,1.4,17,.,.,14.000000,1.000000,,14.0,29,.,.,20.000000,6.000000,,3.3333333333333335
INDEL,I1_5,SimpleRepeat_homopolymer_4to6_slop5,PASS,*,QUAL,*,0.858824,0.890244,0.261261,0.874251,6,1,789111519.000000,682283208.000000,0.000000,85,.,.,46.000000,37.000000,,1.2432432432432432,73,.,.,41.000000,30.000000,,1.3666666666666667,12,.,.,5.000000,7.000000,,0.7142857142857143,111,.,.,68.000000,37.000000,,1.837837837837838,73,.,.,42.000000,30.000000,,1.4,9,.,.,6.000000,1.000000,,6.0,29,.,.,20.000000,6.000000,,3.3333333333333335
INDEL,I1_5,SimpleRepeat_homopolymer_7to11_slop5,ALL,*,QUAL,*,0.8545450000000001,0.810345,0.171429,0.831858,4,0,49788855.000000,40344087.000000,0.000000,55,.,.,35.000000,14.000000,,2.5,47,.,.,33.000000,9.000000,,3.6666666666666665,8,.,.,2.000000,5.000000,,0.4,70,.,.,53.000000,13.000000,,4.076923076923077,47,.,.,36.000000,9.000000,,4.0,11,.,.,9.000000,0.000000,,,12,.,.,8.000000,4.000000,,2.0
INDEL,I1_5,SimpleRepeat_homopolymer_7to11_slop5,PASS,*,QUAL,*,0.8545450000000001,0.9038459999999999,0.174603,0.878505,4,0,49788855.000000,40344087.000000,0.000000,55,.,.,35.000000,14.000000,,2.5,47,.,.,33.000000,9.000000,,3.6666666666666665,8,.,.,2.000000,5.000000,,0.4,63,.,.,46.000000,13.000000,,3.5384615384615383,47,.,.,36.000000,9.000000,,4.0,5,.,.,3.000000,0.000000,,,11,.,.,7.000000,4.000000,,1.75
INDEL,I1_5,SimpleRepeat_homopolymer_ge12_slop5,ALL,*,QUAL,*,0.5625,0.3,0.504132,0.391304,13,1,18344341.000000,7284150.000000,0.000000,32,.,.,11.000000,14.000000,,0.7857142857142857,18,.,.,11.000000,1.000000,,11.0,14,.,.,0.000000,13.000000,,0.0,121,.,.,99.000000,2.000000,,49.5,18,.,.,14.000000,1.000000,,14.0,42,.,.,38.000000,0.000000,,,61,.,.,47.000000,1.000000,,47.0
INDEL,I1_5,SimpleRepeat_homopolymer_ge12_slop5,PASS,*,QUAL,*,0.5625,0.473684,0.6,0.514286,13,1,18344341.000000,7284150.000000,0.000000,32,.,.,11.000000,14.000000,,0.7857142857142857,18,.,.,11.000000,1.000000,,11.0,14,.,.,0.000000,13.000000,,0.0,95,.,.,73.000000,2.000000,,36.5,18,.,.,14.000000,1.000000,,14.0,20,.,.,16.000000,0.000000,,,57,.,.,43.000000,1.000000,,43.0
INDEL,I1_5,TS_boundary,ALL,*,QUAL,*,0.0,0.0,0.0,,0,0,3148273288.000000,2512317834.000000,0.000000,0,.,.,0.000000,0.000000,,,0,.,.,0.000000,0.000000,,,0,.,.,0.000000,0.000000,,,0,.,.,0.000000,0.000000,,,0,.,.,0.000000,0.000000,,,0,.,.,0.000000,0.000000,,,0,.,.,0.000000,0.000000,,
INDEL,I1_5,TS_boundary,PASS,*,QUAL,*,0.0,0.0,0.0,,0,0,3148273288.000000,2512317834.000000,0.000000,0,.,.,0.000000,0.000000,,,0,.,.,0.000000,0.000000,,,0,.,.,0.000000,0.000000,,,0,.,.,0.000000,0.000000,,,0,.,.,0.000000,0.000000,,,0,.,.,0.000000,0.000000,,,0,.,.,0.000000,0.000000,,
INDEL,I1_5,TS_contained,ALL,*,QUAL,*,0.866864,0.80274,0.0,0.83357,25,6,2512317834.000000,2512317834.000000,0.000000,338,.,.,196.000000,122.000000,,1.6065573770491803,293,.,.,185.000000,89.000000,,2.0786516853932584,45,.,.,11.000000,33.000000,,0.3333333333333333,365,.,.,259.000000,90.000000,,2.8777777777777778,293,.,.,197.000000,89.000000,,2.2134831460674156,72,.,.,62.000000,1.000000,,62.0,0,.,.,0.000000,0.000000,,
INDEL,I1_5,TS_contained,PASS,*,QUAL,*,0.8639049999999999,0.8875379999999999,0.0,0.8755620000000001,25,2,2512317834.000000,2512317834.000000,0.000000,338,.,.,196.000000,122.000000,,1.6065573770491803,292,.,.,184.000000,89.000000,,2.067415730337079,46,.,.,12.000000,33.000000,,0.36363636363636365,329,.,.,223.000000,90.000000,,2.477777777777778,292,.,.,196.000000,89.000000,,2.202247191011236,37,.,.,27.000000,1.000000,,27.0,0,.,.,0.000000,0.000000,,
INDEL,I1_5,alldifficultregions,ALL,*,QUAL,*,0.806763,0.710638,0.34903,0.755656,24,6,624829623.000000,384850875.000000,0.000000,207,.,.,116.000000,71.000000,,1.6338028169014085,167,.,.,106.000000,42.000000,,2.5238095238095237,40,.,.,10.000000,29.000000,,0.3448275862068966,361,.,.,255.000000,76.000000,,3.3552631578947367,167,.,.,118.000000,42.000000,,2.8095238095238093,68,.,.,59.000000,0.000000,,,126,.,.,78.000000,34.000000,,2.2941176470588234
INDEL,I1_5,alldifficultregions,PASS,*,QUAL,*,0.801932,0.8341709999999999,0.376176,0.817734,24,2,624829623.000000,384850875.000000,0.000000,207,.,.,116.000000,71.000000,,1.6338028169014085,166,.,.,105.000000,42.000000,,2.5,41,.,.,11.000000,29.000000,,0.3793103448275862,319,.,.,213.000000,76.000000,,2.8026315789473686,166,.,.,117.000000,42.000000,,2.7857142857142856,33,.,.,24.000000,0.000000,,,120,.,.,72.000000,34.000000,,2.1176470588235294
INDEL,I1_5,gc30to55_slop50,ALL,*,QUAL,*,0.8917200000000001,0.769231,0.244813,0.825959,13,1,2011401956.000000,1714091517.000000,0.000000,157,.,.,90.000000,55.000000,,1.6363636363636365,140,.,.,89.000000,40.000000,,2.225,17,.,.,1.000000,15.000000,,0.06666666666666667,241,.,.,176.000000,51.000000,,3.450980392156863,140,.,.,97.000000,40.000000,,2.425,42,.,.,37.000000,1.000000,,37.0,59,.,.,42.000000,10.000000,,4.2
INDEL,I1_5,gc30to55_slop50,PASS,*,QUAL,*,0.8917200000000001,0.8695649999999999,0.258065,0.880503,13,1,2011401956.000000,1714091517.000000,0.000000,157,.,.,90.000000,55.000000,,1.6363636363636365,140,.,.,89.000000,40.000000,,2.225,17,.,.,1.000000,15.000000,,0.06666666666666667,217,.,.,152.000000,51.000000,,2.980392156862745,140,.,.,97.000000,40.000000,,2.425,21,.,.,16.000000,1.000000,,16.0,56,.,.,39.000000,10.000000,,3.9
INDEL,I1_5,gclt25orgt65_slop50,ALL,*,QUAL,*,0.816092,0.8352940000000001,0.267241,0.8255809999999999,4,5,191795155.000000,160819334.000000,0.000000,87,.,.,55.000000,29.000000,,1.896551724137931,71,.,.,47.000000,21.000000,,2.238095238095238,16,.,.,8.000000,8.000000,,1.0,116,.,.,75.000000,37.000000,,2.027027027027027,71,.,.,49.000000,21.000000,,2.3333333333333335,14,.,.,14.000000,0.000000,,,31,.,.,12.000000,16.000000,,0.75
INDEL,I1_5,gclt25orgt65_slop50,PASS,*,QUAL,*,0.8045979999999999,0.933333,0.28571399999999997,0.8641979999999999,4,1,191795155.000000,160819334.000000,0.000000,87,.,.,55.000000,29.000000,,1.896551724137931,70,.,.,46.000000,21.000000,,2.1904761904761907,17,.,.,9.000000,8.000000,,1.125,105,.,.,64.000000,37.000000,,1.7297297297297298,70,.,.,48.000000,21.000000,,2.2857142857142856,5,.,.,5.000000,0.000000,,,30,.,.,11.000000,16.000000,,0.6875
INDEL,I1_5,lowmappabilityall,ALL,*,QUAL,*,0.833333,0.833333,0.647059,0.833333,0,0,248876839.000000,101322520.000000,0.000000,6,.,.,1.000000,5.000000,,0.2,5,.,.,0.000000,5.000000,,0.0,1,.,.,1.000000,0.000000,,,17,.,.,7.000000,10.000000,,0.7,5,.,.,0.000000,5.000000,,0.0,1,.,.,1.000000,0.000000,,,11,.,.,6.000000,5.000000,,1.2
INDEL,I1_5,lowmappabilityall,PASS,*,QUAL,*,0.833333,0.833333,0.625,0.833333,0,0,248876839.000000,101322520.000000,0.000000,6,.,.,1.000000,5.000000,,0.2,5,.,.,0.000000,5.000000,,0.0,1,.,.,1.000000,0.000000,,,16,.,.,6.000000,10.000000,,0.6,5,.,.,0.000000,5.000000,,0.0,1,.,.,1.000000,0.000000,,,10,.,.,5.000000,5.000000,,1.0
INDEL,I1_5,notinAllTandemRepeatsandHomopolymers_slop5,ALL,*,QUAL,*,0.932584,0.954023,0.194444,0.943182,1,0,2682532985.000000,2403693407.000000,0.000000,178,.,.,106.000000,72.000000,,1.4722222222222223,166,.,.,102.000000,64.000000,,1.59375,12,.,.,4.000000,8.000000,,0.5,216,.,.,127.000000,89.000000,,1.4269662921348314,166,.,.,102.000000,64.000000,,1.59375,8,.,.,7.000000,1.000000,,7.0,42,.,.,18.000000,24.000000,,0.75
INDEL,I1_5,notinAllTandemRepeatsandHomopolymers_slop5,PASS,*,QUAL,*,0.932584,0.9707600000000001,0.197183,0.9512889999999999,1,0,2682532985.000000,2403693407.000000,0.000000,178,.,.,106.000000,72.000000,,1.4722222222222223,166,.,.,102.000000,64.000000,,1.59375,12,.,.,4.000000,8.000000,,0.5,213,.,.,124.000000,89.000000,,1.3932584269662922,166,.,.,102.000000,64.000000,,1.59375,5,.,.,4.000000,1.000000,,4.0,42,.,.,18.000000,24.000000,,0.75
INDEL,I1_5,notinalldifficultregions,ALL,*,QUAL,*,0.9615379999999999,0.976562,0.157895,0.968992,1,0,2310050789.000000,2127440919.000000,0.000000,130,.,.,80.000000,50.000000,,1.6,125,.,.,79.000000,46.000000,,1.7173913043478262,5,.,.,1.000000,4.000000,,0.25,152,.,.,95.000000,57.000000,,1.6666666666666667,125,.,.,79.000000,46.000000,,1.7173913043478262,3,.,.,2.000000,1.000000,,2.0,24,.,.,14.000000,10.000000,,1.4
INDEL,I1_5,notinalldifficultregions,PASS,*,QUAL,*,0.9615379999999999,0.976562,0.157895,0.968992,1,0,2310050789.000000,2127440919.000000,0.000000,130,.,.,80.000000,50.000000,,1.6,125,.,.,79.000000,46.000000,,1.7173913043478262,5,.,.,1.000000,4.000000,,0.25,152,.,.,95.000000,57.000000,,1.6666666666666667,125,.,.,79.000000,46.000000,,1.7173913043478262,3,.,.,2.000000,1.000000,,2.0,24,.,.,14.000000,10.000000,,1.4
INDEL,I1_5,notinrefseq_cds,ALL,*,QUAL,*,0.845455,0.765432,0.309659,0.8034560000000001,22,2,2900663922.000000,2481219263.000000,0.000000,220,.,.,125.000000,78.000000,,1.6025641025641026,186,.,.,119.000000,51.000000,,2.3333333333333335,34,.,.,6.000000,27.000000,,0.2222222222222222,352,.,.,251.000000,72.000000,,3.486111111111111,186,.,.,128.000000,51.000000,,2.5098039215686274,57,.,.,47.000000,1.000000,,47.0,109,.,.,76.000000,20.000000,,3.8
INDEL,I1_5,notinrefseq_cds,PASS,*,QUAL,*,0.845455,0.857143,0.323988,0.851259,22,2,2900663922.000000,2481219263.000000,0.000000,220,.,.,125.000000,78.000000,,1.6025641025641026,186,.,.,119.000000,51.000000,,2.3333333333333335,34,.,.,6.000000,27.000000,,0.2222222222222222,321,.,.,220.000000,72.000000,,3.0555555555555554,186,.,.,128.000000,51.000000,,2.5098039215686274,31,.,.,21.000000,1.000000,,21.0,104,.,.,71.000000,20.000000,,3.55
INDEL,I1_5,refseq_cds,ALL,*,QUAL,*,0.921053,0.875,0.254658,0.897436,3,4,34216490.000000,31072531.000000,0.000000,114,.,.,70.000000,41.000000,,1.7073170731707317,105,.,.,65.000000,37.000000,,1.7567567567567568,9,.,.,5.000000,4.000000,,1.25,161,.,.,99.000000,61.000000,,1.6229508196721312,105,.,.,68.000000,37.000000,,1.837837837837838,15,.,.,15.000000,0.000000,,,41,.,.,16.000000,24.000000,,0.6666666666666666
INDEL,I1_5,refseq_cds,PASS,*,QUAL,*,0.9122809999999999,0.9454549999999999,0.266667,0.9285709999999999,3,0,34216490.000000,31072531.000000,0.000000,114,.,.,70.000000,41.000000,,1.7073170731707317,104,.,.,64.000000,37.000000,,1.7297297297297298,10,.,.,6.000000,4.000000,,1.5,150,.,.,88.000000,61.000000,,1.4426229508196722,104,.,.,67.000000,37.000000,,1.8108108108108107,6,.,.,6.000000,0.000000,,,40,.,.,15.000000,24.000000,,0.625
INDEL,I1_5,segdups,ALL,*,QUAL,*,0.666667,0.923077,0.606061,0.7741939999999999,0,0,166860344.000000,80066740.000000,0.000000,18,.,.,9.000000,9.000000,,1.0,12,.,.,6.000000,6.000000,,1.0,6,.,.,3.000000,3.000000,,1.0,33,.,.,17.000000,16.000000,,1.0625,12,.,.,6.000000,6.000000,,1.0,1,.,.,1.000000,0.000000,,,20,.,.,10.000000,10.000000,,1.0
INDEL,I1_5,segdups,PASS,*,QUAL,*,0.666667,0.923077,0.566667,0.7741939999999999,0,0,166860344.000000,80066740.000000,0.000000,18,.,.,9.000000,9.000000,,1.0,12,.,.,6.000000,6.000000,,1.0,6,.,.,3.000000,3.000000,,1.0,30,.,.,14.000000,16.000000,,0.875,12,.,.,6.000000,6.000000,,1.0,1,.,.,1.000000,0.000000,,,17,.,.,7.000000,10.000000,,0.7
INDEL,I6_15,*,ALL,*,QUAL,*,0.935484,0.935484,0.340426,0.935484,0,0,2809068885,2512317834.000000,0.000000,62,.,.,37.000000,19.000000,,1.9473684210526316,58,.,.,36.000000,18.000000,,2.0,4,.,.,1.000000,1.000000,,1.0,94,.,.,58.000000,28.000000,,2.0714285714285716,58,.,.,39.000000,18.000000,,2.1666666666666665,4,.,.,4.000000,0.000000,,,32,.,.,15.000000,10.000000,,1.5
INDEL,I6_15,*,PASS,*,QUAL,*,0.935484,0.9508200000000001,0.344086,0.943089,0,0,2809068885,2512317834.000000,0.000000,62,.,.,37.000000,19.000000,,1.9473684210526316,58,.,.,36.000000,18.000000,,2.0,4,.,.,1.000000,1.000000,,1.0,93,.,.,57.000000,28.000000,,2.0357142857142856,58,.,.,39.000000,18.000000,,2.1666666666666665,3,.,.,3.000000,0.000000,,,32,.,.,15.000000,10.000000,,1.5
INDEL,I6_15,AllTandemRepeats_le50bp_slop5,ALL,*,QUAL,*,0.947368,1.0,0.41935500000000003,0.972973,0,0,29009467.000000,24005140.000000,0.000000,19,.,.,14.000000,2.000000,,7.0,18,.,.,13.000000,2.000000,,6.5,1,.,.,1.000000,0.000000,,,31,.,.,20.000000,6.000000,,3.3333333333333335,18,.,.,15.000000,2.000000,,7.5,0,.,.,0.000000,0.000000,,,13,.,.,5.000000,4.000000,,1.25
INDEL,I6_15,AllTandemRepeats_le50bp_slop5,PASS,*,QUAL,*,0.947368,1.0,0.41935500000000003,0.972973,0,0,29009467.000000,24005140.000000,0.000000,19,.,.,14.000000,2.000000,,7.0,18,.,.,13.000000,2.000000,,6.5,1,.,.,1.000000,0.000000,,,31,.,.,20.000000,6.000000,,3.3333333333333335,18,.,.,15.000000,2.000000,,7.5,0,.,.,0.000000,0.000000,,,13,.,.,5.000000,4.000000,,1.25
INDEL,I6_15,MHC,ALL,*,QUAL,*,0.0,0.0,0.0,,0,0,4970557.000000,4595500.000000,0.000000,1,.,.,1.000000,0.000000,,,0,.,.,0.000000,0.000000,,,1,.,.,1.000000,0.000000,,,0,.,.,0.000000,0.000000,,,0,.,.,0.000000,0.000000,,,0,.,.,0.000000,0.000000,,,0,.,.,0.000000,0.000000,,
INDEL,I6_15,MHC,PASS,*,QUAL,*,0.0,0.0,0.0,,0,0,4970557.000000,4595500.000000,0.000000,1,.,.,1.000000,0.000000,,,0,.,.,0.000000,0.000000,,,1,.,.,1.000000,0.000000,,,0,.,.,0.000000,0.000000,,,0,.,.,0.000000,0.000000,,,0,.,.,0.000000,0.000000,,,0,.,.,0.000000,0.000000,,
INDEL,I6_15,SimpleRepeat_homopolymer_4to6_slop5,ALL,*,QUAL,*,1.0,0.8461540000000001,0.409091,0.916667,0,0,789111519.000000,682283208.000000,0.000000,11,.,.,6.000000,5.000000,,1.2,11,.,.,6.000000,5.000000,,1.2,0,.,.,0.000000,0.000000,,,22,.,.,10.000000,10.000000,,1.0,11,.,.,6.000000,5.000000,,1.2,2,.,.,2.000000,0.000000,,,9,.,.,2.000000,5.000000,,0.4
INDEL,I6_15,SimpleRepeat_homopolymer_4to6_slop5,PASS,*,QUAL,*,1.0,0.916667,0.428571,0.956522,0,0,789111519.000000,682283208.000000,0.000000,11,.,.,6.000000,5.000000,,1.2,11,.,.,6.000000,5.000000,,1.2,0,.,.,0.000000,0.000000,,,21,.,.,9.000000,10.000000,,0.9,11,.,.,6.000000,5.000000,,1.2,1,.,.,1.000000,0.000000,,,9,.,.,2.000000,5.000000,,0.4
INDEL,I6_15,SimpleRepeat_homopolymer_7to11_slop5,ALL,*,QUAL,*,1.0,1.0,0.0,1.0,0,0,49788855.000000,40344087.000000,0.000000,1,.,.,1.000000,0.000000,,,1,.,.,1.000000,0.000000,,,0,.,.,0.000000,0.000000,,,1,.,.,1.000000,0.000000,,,1,.,.,1.000000,0.000000,,,0,.,.,0.000000,0.000000,,,0,.,.,0.000000,0.000000,,
INDEL,I6_15,SimpleRepeat_homopolymer_7to11_slop5,PASS,*,QUAL,*,1.0,1.0,0.0,1.0,0,0,49788855.000000,40344087.000000,0.000000,1,.,.,1.000000,0.000000,,,1,.,.,1.000000,0.000000,,,0,.,.,0.000000,0.000000,,,1,.,.,1.000000,0.000000,,,1,.,.,1.000000,0.000000,,,0,.,.,0.000000,0.000000,,,0,.,.,0.000000,0.000000,,
INDEL,I6_15,SimpleRepeat_homopolymer_ge12_slop5,ALL,*,QUAL,*,0.0,,1.0,,0,0,18344341.000000,7284150.000000,0.000000,0,.,.,0.000000,0.000000,,,0,.,.,0.000000,0.000000,,,0,.,.,0.000000,0.000000,,,3,.,.,1.000000,0.000000,,,0,.,.,0.000000,0.000000,,,0,.,.,0.000000,0.000000,,,3,.,.,1.000000,0.000000,,
INDEL,I6_15,SimpleRepeat_homopolymer_ge12_slop5,PASS,*,QUAL,*,0.0,,1.0,,0,0,18344341.000000,7284150.000000,0.000000,0,.,.,0.000000,0.000000,,,0,.,.,0.000000,0.000000,,,0,.,.,0.000000,0.000000,,,3,.,.,1.000000,0.000000,,,0,.,.,0.000000,0.000000,,,0,.,.,0.000000,0.000000,,,3,.,.,1.000000,0.000000,,
INDEL,I6_15,TS_boundary,ALL,*,QUAL,*,0.0,,1.0,,0,0,3148273288.000000,2512317834.000000,0.000000,0,.,.,0.000000,0.000000,,,0,.,.,0.000000,0.000000,,,0,.,.,0.000000,0.000000,,,1,.,.,1.000000,0.000000,,,0,.,.,0.000000,0.000000,,,0,.,.,0.000000,0.000000,,,1,.,.,1.000000,0.000000,,
INDEL,I6_15,TS_boundary,PASS,*,QUAL,*,0.0,,1.0,,0,0,3148273288.000000,2512317834.000000,0.000000,0,.,.,0.000000,0.000000,,,0,.,.,0.000000,0.000000,,,0,.,.,0.000000,0.000000,,,1,.,.,1.000000,0.000000,,,0,.,.,0.000000,0.000000,,,0,.,.,0.000000,0.000000,,,1,.,.,1.000000,0.000000,,
INDEL,I6_15,TS_contained,ALL,*,QUAL,*,0.935484,0.935484,0.0,0.935484,0,0,2512317834.000000,2512317834.000000,0.000000,62,.,.,37.000000,19.000000,,1.9473684210526316,58,.,.,36.000000,18.000000,,2.0,4,.,.,1.000000,1.000000,,1.0,62,.,.,43.000000,18.000000,,2.388888888888889,58,.,.,39.000000,18.000000,,2.1666666666666665,4,.,.,4.000000,0.000000,,,0,.,.,0.000000,0.000000,,
INDEL,I6_15,TS_contained,PASS,*,QUAL,*,0.935484,0.9508200000000001,0.0,0.943089,0,0,2512317834.000000,2512317834.000000,0.000000,62,.,.,37.000000,19.000000,,1.9473684210526316,58,.,.,36.000000,18.000000,,2.0,4,.,.,1.000000,1.000000,,1.0,61,.,.,42.000000,18.000000,,2.3333333333333335,58,.,.,39.000000,18.000000,,2.1666666666666665,3,.,.,3.000000,0.000000,,,0,.,.,0.000000,0.000000,,
INDEL,I6_15,alldifficultregions,ALL,*,QUAL,*,0.918367,0.9574469999999999,0.38961,0.9375,0,0,624829623.000000,384850875.000000,0.000000,49,.,.,32.000000,11.000000,,2.909090909090909,45,.,.,31.000000,10.000000,,3.1,4,.,.,1.000000,1.000000,,1.0,77,.,.,49.000000,20.000000,,2.45,45,.,.,34.000000,10.000000,,3.4,2,.,.,2.000000,0.000000,,,30,.,.,13.000000,10.000000,,1.3
INDEL,I6_15,alldifficultregions,PASS,*,QUAL,*,0.918367,0.978261,0.394737,0.947368,0,0,624829623.000000,384850875.000000,0.000000,49,.,.,32.000000,11.000000,,2.909090909090909,45,.,.,31.000000,10.000000,,3.1,4,.,.,1.000000,1.000000,,1.0,76,.,.,48.000000,20.000000,,2.4,45,.,.,34.000000,10.000000,,3.4,1,.,.,1.000000,0.000000,,,30,.,.,13.000000,10.000000,,1.3
INDEL,I6_15,gc30to55_slop50,ALL,*,QUAL,*,1.0,0.857143,0.3,0.923077,0,0,2011401956.000000,1714091517.000000,0.000000,12,.,.,5.000000,5.000000,,1.0,12,.,.,5.000000,5.000000,,1.0,0,.,.,0.000000,0.000000,,,20,.,.,11.000000,6.000000,,1.8333333333333333,12,.,.,7.000000,5.000000,,1.4,2,.,.,2.000000,0.000000,,,6,.,.,2.000000,1.000000,,2.0
INDEL,I6_15,gc30to55_slop50,PASS,*,QUAL,*,1.0,0.857143,0.3,0.923077,0,0,2011401956.000000,1714091517.000000,0.000000,12,.,.,5.000000,5.000000,,1.0,12,.,.,5.000000,5.000000,,1.0,0,.,.,0.000000,0.000000,,,20,.,.,11.000000,6.000000,,1.8333333333333333,12,.,.,7.000000,5.000000,,1.4,2,.,.,2.000000,0.000000,,,6,.,.,2.000000,1.000000,,2.0
INDEL,I6_15,gclt25orgt65_slop50,ALL,*,QUAL,*,0.942857,0.942857,0.351852,0.942857,0,0,191795155.000000,160819334.000000,0.000000,35,.,.,21.000000,10.000000,,2.1,33,.,.,21.000000,10.000000,,2.1,2,.,.,0.000000,0.000000,,,54,.,.,32.000000,18.000000,,1.7777777777777777,33,.,.,22.000000,10.000000,,2.2,2,.,.,2.000000,0.000000,,,19,.,.,8.000000,8.000000,,1.0
INDEL,I6_15,gclt25orgt65_slop50,PASS,*,QUAL,*,0.942857,0.9705879999999999,0.358491,0.956522,0,0,191795155.000000,160819334.000000,0.000000,35,.,.,21.000000,10.000000,,2.1,33,.,.,21.000000,10.000000,,2.1,2,.,.,0.000000,0.000000,,,53,.,.,31.000000,18.000000,,1.7222222222222223,33,.,.,22.000000,10.000000,,2.2,1,.,.,1.000000,0.000000,,,19,.,.,8.000000,8.000000,,1.0
INDEL,I6_15,lowmappabilityall,ALL,*,QUAL,*,0.0,0.0,0.5,,0,0,248876839.000000,101322520.000000,0.000000,1,.,.,0.000000,1.000000,,0.0,0,.,.,0.000000,0.000000,,,1,.,.,0.000000,1.000000,,0.0,2,.,.,1.000000,0.000000,,,0,.,.,0.000000,0.000000,,,1,.,.,1.000000,0.000000,,,1,.,.,0.000000,0.000000,,
INDEL,I6_15,lowmappabilityall,PASS,*,QUAL,*,0.0,0.0,0.5,,0,0,248876839.000000,101322520.000000,0.000000,1,.,.,0.000000,1.000000,,0.0,0,.,.,0.000000,0.000000,,,1,.,.,0.000000,1.000000,,0.0,2,.,.,1.000000,0.000000,,,0,.,.,0.000000,0.000000,,,1,.,.,1.000000,0.000000,,,1,.,.,0.000000,0.000000,,
INDEL,I6_15,notinAllTandemRepeatsandHomopolymers_slop5,ALL,*,QUAL,*,0.9642860000000001,0.8709680000000001,0.08823500000000001,0.9152540000000001,0,0,2682532985.000000,2403693407.000000,0.000000,28,.,.,14.000000,14.000000,,1.0,27,.,.,14.000000,13.000000,,1.0769230769230769,1,.,.,0.000000,1.000000,,0.0,34,.,.,20.000000,13.000000,,1.5384615384615385,27,.,.,14.000000,13.000000,,1.0769230769230769,4,.,.,4.000000,0.000000,,,3,.,.,2.000000,0.000000,,
INDEL,I6_15,notinAllTandemRepeatsandHomopolymers_slop5,PASS,*,QUAL,*,0.9642860000000001,0.9,0.090909,0.931034,0,0,2682532985.000000,2403693407.000000,0.000000,28,.,.,14.000000,14.000000,,1.0,27,.,.,14.000000,13.000000,,1.0769230769230769,1,.,.,0.000000,1.000000,,0.0,33,.,.,19.000000,13.000000,,1.4615384615384615,27,.,.,14.000000,13.000000,,1.0769230769230769,3,.,.,3.000000,0.000000,,,3,.,.,2.000000,0.000000,,
INDEL,I6_15,notinalldifficultregions,ALL,*,QUAL,*,1.0,0.866667,0.117647,0.9285709999999999,0,0,2310050789.000000,2127440919.000000,0.000000,13,.,.,5.000000,8.000000,,0.625,13,.,.,5.000000,8.000000,,0.625,0,.,.,0.000000,0.000000,,,17,.,.,9.000000,8.000000,,1.125,13,.,.,5.000000,8.000000,,0.625,2,.,.,2.000000,0.000000,,,2,.,.,2.000000,0.000000,,
INDEL,I6_15,notinalldifficultregions,PASS,*,QUAL,*,1.0,0.866667,0.117647,0.9285709999999999,0,0,2310050789.000000,2127440919.000000,0.000000,13,.,.,5.000000,8.000000,,0.625,13,.,.,5.000000,8.000000,,0.625,0,.,.,0.000000,0.000000,,,17,.,.,9.000000,8.000000,,1.125,13,.,.,5.000000,8.000000,,0.625,2,.,.,2.000000,0.000000,,,2,.,.,2.000000,0.000000,,
INDEL,I6_15,notinrefseq_cds,ALL,*,QUAL,*,0.958333,0.92,0.305556,0.938776,0,0,2900663922.000000,2481219263.000000,0.000000,24,.,.,11.000000,9.000000,,1.2222222222222223,23,.,.,11.000000,9.000000,,1.2222222222222223,1,.,.,0.000000,0.000000,,,36,.,.,22.000000,9.000000,,2.4444444444444446,23,.,.,13.000000,9.000000,,1.4444444444444444,2,.,.,2.000000,0.000000,,,11,.,.,7.000000,0.000000,,
INDEL,I6_15,notinrefseq_cds,PASS,*,QUAL,*,0.958333,0.92,0.305556,0.938776,0,0,2900663922.000000,2481219263.000000,0.000000,24,.,.,11.000000,9.000000,,1.2222222222222223,23,.,.,11.000000,9.000000,,1.2222222222222223,1,.,.,0.000000,0.000000,,,36,.,.,22.000000,9.000000,,2.4444444444444446,23,.,.,13.000000,9.000000,,1.4444444444444444,2,.,.,2.000000,0.000000,,,11,.,.,7.000000,0.000000,,
INDEL,I6_15,refseq_cds,ALL,*,QUAL,*,0.921053,0.945946,0.36206900000000003,0.933333,0,0,34216490.000000,31072531.000000,0.000000,38,.,.,26.000000,10.000000,,2.6,35,.,.,25.000000,9.000000,,2.7777777777777777,3,.,.,1.000000,1.000000,,1.0,58,.,.,36.000000,19.000000,,1.894736842105263,35,.,.,26.000000,9.000000,,2.888888888888889,2,.,.,2.000000,0.000000,,,21,.,.,8.000000,10.000000,,0.8
INDEL,I6_15,refseq_cds,PASS,*,QUAL,*,0.921053,0.9722219999999999,0.368421,0.945946,0,0,34216490.000000,31072531.000000,0.000000,38,.,.,26.000000,10.000000,,2.6,35,.,.,25.000000,9.000000,,2.7777777777777777,3,.,.,1.000000,1.000000,,1.0,57,.,.,35.000000,19.000000,,1.8421052631578947,35,.,.,26.000000,9.000000,,2.888888888888889,1,.,.,1.000000,0.000000,,,21,.,.,8.000000,10.000000,,0.8
INDEL,I6_15,segdups,ALL,*,QUAL,*,1.0,0.666667,0.0,0.8,0,0,166860344.000000,80066740.000000,0.000000,2,.,.,2.000000,0.000000,,,2,.,.,2.000000,0.000000,,,0,.,.,0.000000,0.000000,,,3,.,.,3.000000,0.000000,,,2,.,.,2.000000,0.000000,,,1,.,.,1.000000,0.000000,,,0,.,.,0.000000,0.000000,,
INDEL,I6_15,segdups,PASS,*,QUAL,*,1.0,0.666667,0.0,0.8,0,0,166860344.000000,80066740.000000,0.000000,2,.,.,2.000000,0.000000,,,2,.,.,2.000000,0.000000,,,0,.,.,0.000000,0.000000,,,3,.,.,3.000000,0.000000,,,2,.,.,2.000000,0.000000,,,1,.,.,1.000000,0.000000,,,0,.,.,0.000000,0.000000,,
SNP,*,*,ALL,*,QUAL,*,0.940581,0.985943,0.110141,0.962728,44,18,2809068885,2512317834.000000,0.000000,23713,17702.000000,6018.000000,14603.000000,9099.000000,2.9415088069125956,1.604901637542587,22304,16701.000000,5608.000000,13681.000000,8617.000000,2.9780670470756063,1.5876755251247534,1409,1001.000000,410.000000,922.000000,482.000000,2.4414634146341463,1.9128630705394192,25422,18874.000000,6554.000000,15920.000000,9495.000000,2.8797680805614894,1.6766719325961033,22304,16701.000000,5608.000000,13681.000000,8617.000000,2.9780670470756063,1.5876755251247534,318,218.000000,100.000000,309.000000,9.000000,2.18,34.333333333333336,2800,1955.000000,846.000000,1930.000000,869.000000,2.310874704491726,2.220943613348677
SNP,*,*,PASS,*,QUAL,*,0.907603,0.9979129999999999,0.07671599999999999,0.9506180000000001,18,1,2809068885,2512317834.000000,0.000000,23713,17702.000000,6018.000000,14603.000000,9099.000000,2.9415088069125956,1.604901637542587,21522,16154.000000,5373.000000,13347.000000,8169.000000,3.0065140517401825,1.6338597135512303,2191,1548.000000,645.000000,1256.000000,930.000000,2.4,1.3505376344086022,23359,17443.000000,5922.000000,14590.000000,8762.000000,2.9454576156703816,1.6651449440766948,21522,16154.000000,5373.000000,13347.000000,8169.000000,3.0065140517401825,1.6338597135512303,45,29.000000,16.000000,44.000000,1.000000,1.8125,44.0,1792,1260.000000,533.000000,1199.000000,592.000000,2.3639774859287055,2.0253378378378377
SNP,*,AllTandemRepeats_le50bp_slop5,ALL,*,QUAL,*,0.931579,0.983333,0.207048,0.956757,0,1,29009467.000000,24005140.000000,0.000000,190,133.000000,57.000000,119.000000,71.000000,2.3333333333333335,1.676056338028169,177,122.000000,55.000000,108.000000,69.000000,2.2181818181818183,1.565217391304348,13,11.000000,2.000000,11.000000,2.000000,5.5,5.5,227,152.000000,75.000000,141.000000,86.000000,2.026666666666667,1.6395348837209303,177,122.000000,55.000000,108.000000,69.000000,2.2181818181818183,1.565217391304348,3,1.000000,2.000000,3.000000,0.000000,0.5,,47,29.000000,18.000000,30.000000,17.000000,1.6111111111111112,1.7647058823529411
SNP,*,AllTandemRepeats_le50bp_slop5,PASS,*,QUAL,*,0.889474,1.0,0.179612,0.9415040000000001,0,0,29009467.000000,24005140.000000,0.000000,190,133.000000,57.000000,119.000000,71.000000,2.3333333333333335,1.676056338028169,169,115.000000,54.000000,102.000000,67.000000,2.1296296296296298,1.5223880597014925,21,18.000000,3.000000,17.000000,4.000000,6.0,4.25,206,138.000000,68.000000,129.000000,77.000000,2.0294117647058822,1.6753246753246753,169,115.000000,54.000000,102.000000,67.000000,2.1296296296296298,1.5223880597014925,0,0.000000,0.000000,0.000000,0.000000,,,37,23.000000,14.000000,27.000000,10.000000,1.6428571428571428,2.7
SNP,*,MHC,ALL,*,QUAL,*,0.007233,0.5,0.272727,0.01426,4,0,4970557.000000,4595500.000000,0.000000,553,378.000000,177.000000,439.000000,109.000000,2.135593220338983,4.027522935779817,4,3.000000,1.000000,1.000000,3.000000,3.0,0.3333333333333333,549,375.000000,176.000000,438.000000,106.000000,2.1306818181818183,4.132075471698113,11,7.000000,4.000000,2.000000,9.000000,1.75,0.2222222222222222,4,3.000000,1.000000,1.000000,3.000000,3.0,0.3333333333333333,4,3.000000,1.000000,1.000000,3.000000,3.0,0.3333333333333333,3,1.000000,2.000000,0.000000,3.000000,0.5,0.0
SNP,*,MHC,PASS,*,QUAL,*,0.0,0.0,0.0,,0,0,4970557.000000,4595500.000000,0.000000,553,378.000000,177.000000,439.000000,109.000000,2.135593220338983,4.027522935779817,0,0.000000,0.000000,0.000000,0.000000,,,553,378.000000,177.000000,439.000000,109.000000,2.135593220338983,4.027522935779817,0,0.000000,0.000000,0.000000,0.000000,,,0,0.000000,0.000000,0.000000,0.000000,,,0,0.000000,0.000000,0.000000,0.000000,,,0,0.000000,0.000000,0.000000,0.000000,,
SNP,*,SimpleRepeat_homopolymer_4to6_slop5,ALL,*,QUAL,*,0.936311,0.9873280000000001,0.10288,0.9611430000000001,12,3,789111519.000000,682283208.000000,0.000000,4993,3607.000000,1386.000000,3130.000000,1862.000000,2.6024531024531026,1.6809881847475832,4675,3392.000000,1283.000000,2906.000000,1768.000000,2.643803585346843,1.6436651583710407,318,215.000000,103.000000,224.000000,94.000000,2.087378640776699,2.382978723404255,5278,3792.000000,1486.000000,3334.000000,1943.000000,2.5518169582772545,1.7159032424086464,4675,3392.000000,1283.000000,2906.000000,1768.000000,2.643803585346843,1.6436651583710407,60,39.000000,21.000000,58.000000,2.000000,1.8571428571428572,29.0,543,361.000000,182.000000,370.000000,173.000000,1.9835164835164836,2.138728323699422
SNP,*,SimpleRepeat_homopolymer_4to6_slop5,PASS,*,QUAL,*,0.901863,0.9966799999999999,0.07323099999999999,0.9469040000000001,7,0,789111519.000000,682283208.000000,0.000000,4993,3607.000000,1386.000000,3130.000000,1862.000000,2.6024531024531026,1.6809881847475832,4503,3269.000000,1234.000000,2844.000000,1658.000000,2.6491085899513775,1.715319662243667,490,338.000000,152.000000,286.000000,204.000000,2.223684210526316,1.4019607843137254,4875,3512.000000,1363.000000,3103.000000,1771.000000,2.5766691122523846,1.7521174477696217,4503,3269.000000,1234.000000,2844.000000,1658.000000,2.6491085899513775,1.715319662243667,15,7.000000,8.000000,15.000000,0.000000,0.875,,357,236.000000,121.000000,244.000000,113.000000,1.9504132231404958,2.15929203539823
SNP,*,SimpleRepeat_homopolymer_7to11_slop5,ALL,*,QUAL,*,0.97,0.97,0.24811999999999998,0.97,1,0,49788855.000000,40344087.000000,0.000000,100,50.000000,50.000000,60.000000,40.000000,1.0,1.5,97,47.000000,50.000000,59.000000,38.000000,0.94,1.5526315789473684,3,3.000000,0.000000,1.000000,2.000000,,0.5,133,63.000000,70.000000,84.000000,49.000000,0.9,1.7142857142857142,97,47.000000,50.000000,59.000000,38.000000,0.94,1.5526315789473684,3,1.000000,2.000000,2.000000,1.000000,0.5,2.0,33,15.000000,18.000000,23.000000,10.000000,0.8333333333333334,2.3
SNP,*,SimpleRepeat_homopolymer_7to11_slop5,PASS,*,QUAL,*,0.95,0.979381,0.224,0.964467,1,0,49788855.000000,40344087.000000,0.000000,100,50.000000,50.000000,60.000000,40.000000,1.0,1.5,95,46.000000,49.000000,59.000000,36.000000,0.9387755102040817,1.6388888888888888,5,4.000000,1.000000,1.000000,4.000000,4.0,0.25,125,58.000000,67.000000,82.000000,43.000000,0.8656716417910447,1.9069767441860466,95,46.000000,49.000000,59.000000,36.000000,0.9387755102040817,1.6388888888888888,2,1.000000,1.000000,1.000000,1.000000,1.0,1.0,28,11.000000,17.000000,22.000000,6.000000,0.6470588235294118,3.6666666666666665
SNP,*,SimpleRepeat_homopolymer_ge12_slop5,ALL,*,QUAL,*,0.666667,0.666667,0.625,0.666667,2,0,18344341.000000,7284150.000000,0.000000,6,2.000000,4.000000,2.000000,4.000000,0.5,0.5,4,1.000000,3.000000,1.000000,3.000000,0.3333333333333333,0.3333333333333333,2,1.000000,1.000000,1.000000,1.000000,1.0,1.0,16,2.000000,14.000000,11.000000,5.000000,0.14285714285714285,2.2,4,1.000000,3.000000,1.000000,3.000000,0.3333333333333333,0.3333333333333333,2,0.000000,2.000000,2.000000,0.000000,0.0,,10,1.000000,9.000000,8.000000,2.000000,0.1111111111111111,4.0
SNP,*,SimpleRepeat_homopolymer_ge12_slop5,PASS,*,QUAL,*,0.666667,0.666667,0.6,0.666667,2,0,18344341.000000,7284150.000000,0.000000,6,2.000000,4.000000,2.000000,4.000000,0.5,0.5,4,1.000000,3.000000,1.000000,3.000000,0.3333333333333333,0.3333333333333333,2,1.000000,1.000000,1.000000,1.000000,1.0,1.0,15,2.000000,13.000000,10.000000,5.000000,0.15384615384615385,2.0,4,1.000000,3.000000,1.000000,3.000000,0.3333333333333333,0.3333333333333333,2,0.000000,2.000000,2.000000,0.000000,0.0,,9,1.000000,8.000000,7.000000,2.000000,0.125,3.5
SNP,*,TS_boundary,ALL,*,QUAL,*,0.0,,1.0,,0,0,3148273288.000000,2512317834.000000,0.000000,0,0.000000,0.000000,0.000000,0.000000,,,0,0.000000,0.000000,0.000000,0.000000,,,0,0.000000,0.000000,0.000000,0.000000,,,7,5.000000,2.000000,7.000000,0.000000,2.5,,0,0.000000,0.000000,0.000000,0.000000,,,0,0.000000,0.000000,0.000000,0.000000,,,7,5.000000,2.000000,7.000000,0.000000,2.5,
SNP,*,TS_boundary,PASS,*,QUAL,*,0.0,,1.0,,0,0,3148273288.000000,2512317834.000000,0.000000,0,0.000000,0.000000,0.000000,0.000000,,,0,0.000000,0.000000,0.000000,0.000000,,,0,0.000000,0.000000,0.000000,0.000000,,,4,4.000000,0.000000,4.000000,0.000000,,,0,0.000000,0.000000,0.000000,0.000000,,,0,0.000000,0.000000,0.000000,0.000000,,,4,4.000000,0.000000,4.000000,0.000000,,
SNP,*,TS_contained,ALL,*,QUAL,*,0.940581,0.985943,0.0,0.962728,44,18,2512317834.000000,2512317834.000000,0.000000,23713,17702.000000,6018.000000,14603.000000,9099.000000,2.9415088069125956,1.604901637542587,22304,16701.000000,5608.000000,13681.000000,8617.000000,2.9780670470756063,1.5876755251247534,1409,1001.000000,410.000000,922.000000,482.000000,2.4414634146341463,1.9128630705394192,22622,16919.000000,5708.000000,13990.000000,8626.000000,2.964085494043448,1.621840945977278,22304,16701.000000,5608.000000,13681.000000,8617.000000,2.9780670470756063,1.5876755251247534,318,218.000000,100.000000,309.000000,9.000000,2.18,34.333333333333336,0,0.000000,0.000000,0.000000,0.000000,,
SNP,*,TS_contained,PASS,*,QUAL,*,0.907603,0.9979129999999999,0.0,0.9506180000000001,18,1,2512317834.000000,2512317834.000000,0.000000,23713,17702.000000,6018.000000,14603.000000,9099.000000,2.9415088069125956,1.604901637542587,21522,16154.000000,5373.000000,13347.000000,8169.000000,3.0065140517401825,1.6338597135512303,2191,1548.000000,645.000000,1256.000000,930.000000,2.4,1.3505376344086022,21567,16183.000000,5389.000000,13391.000000,8170.000000,3.002969010948228,1.6390452876376989,21522,16154.000000,5373.000000,13347.000000,8169.000000,3.0065140517401825,1.6338597135512303,45,29.000000,16.000000,44.000000,1.000000,1.8125,44.0,0,0.000000,0.000000,0.000000,0.000000,,
SNP,*,alldifficultregions,ALL,*,QUAL,*,0.905852,0.958134,0.252069,0.9312600000000001,36,18,624829623.000000,384850875.000000,0.000000,7074,5051.000000,2025.000000,4332.000000,2737.000000,2.494320987654321,1.5827548410668615,6408,4590.000000,1818.000000,3911.000000,2497.000000,2.5247524752475248,1.566279535442531,666,461.000000,207.000000,421.000000,240.000000,2.2270531400966185,1.7541666666666667,8942,6352.000000,2591.000000,5735.000000,3206.000000,2.4515631030490157,1.788833437305053,6408,4590.000000,1818.000000,3911.000000,2497.000000,2.5247524752475248,1.566279535442531,280,198.000000,82.000000,276.000000,4.000000,2.4146341463414633,69.0,2254,1564.000000,691.000000,1548.000000,705.000000,2.263386396526773,2.195744680851064
SNP,*,alldifficultregions,PASS,*,QUAL,*,0.833192,0.9934270000000001,0.176087,0.906281,15,1,624829623.000000,384850875.000000,0.000000,7074,5051.000000,2025.000000,4332.000000,2737.000000,2.494320987654321,1.5827548410668615,5894,4235.000000,1659.000000,3641.000000,2253.000000,2.5527426160337554,1.6160674656014202,1180,816.000000,366.000000,691.000000,484.000000,2.2295081967213113,1.427685950413223,7201,5145.000000,2057.000000,4502.000000,2698.000000,2.501215362177929,1.6686434395848777,5894,4235.000000,1659.000000,3641.000000,2253.000000,2.5527426160337554,1.6160674656014202,39,26.000000,13.000000,38.000000,1.000000,2.0,38.0,1268,884.000000,385.000000,823.000000,444.000000,2.296103896103896,1.8536036036036037
SNP,*,gc30to55_slop50,ALL,*,QUAL,*,0.956175,0.98936,0.085236,0.972484,17,4,2011401956.000000,1714091517.000000,0.000000,10405,7784.000000,2625.000000,6424.000000,3976.000000,2.965333333333333,1.6156941649899397,9949,7463.000000,2490.000000,6105.000000,3839.000000,2.99718875502008,1.5902578796561604,456,321.000000,135.000000,319.000000,137.000000,2.3777777777777778,2.3284671532846715,10993,8163.000000,2834.000000,6899.000000,4089.000000,2.880381086803105,1.6872095866960137,9949,7463.000000,2490.000000,6105.000000,3839.000000,2.99718875502008,1.5902578796561604,107,75.000000,32.000000,105.000000,2.000000,2.34375,52.5,937,625.000000,312.000000,689.000000,248.000000,2.003205128205128,2.778225806451613
SNP,*,gc30to55_slop50,PASS,*,QUAL,*,0.924459,0.998236,0.06264600000000001,0.959932,10,0,2011401956.000000,1714091517.000000,0.000000,10405,7784.000000,2625.000000,6424.000000,3976.000000,2.965333333333333,1.6156941649899397,9619,7233.000000,2390.000000,5947.000000,3667.000000,3.026359832635983,1.621761658031088,786,551.000000,235.000000,477.000000,309.000000,2.34468085106383,1.5436893203883495,10280,7678.000000,2606.000000,6419.000000,3856.000000,2.946277820414428,1.6646784232365146,9619,7233.000000,2390.000000,5947.000000,3667.000000,3.026359832635983,1.621761658031088,17,14.000000,3.000000,17.000000,0.000000,4.666666666666667,,644,431.000000,213.000000,455.000000,189.000000,2.023474178403756,2.4074074074074074
SNP,*,gclt25orgt65_slop50,ALL,*,QUAL,*,0.925493,0.9840780000000001,0.13561600000000001,0.953887,7,6,191795155.000000,160819334.000000,0.000000,5476,3908.000000,1570.000000,3361.000000,2110.000000,2.489171974522293,1.5928909952606636,5068,3646.000000,1422.000000,3083.000000,1985.000000,2.5639943741209565,1.5531486146095719,408,262.000000,148.000000,278.000000,125.000000,1.7702702702702702,2.224,5958,4289.000000,1670.000000,3689.000000,2268.000000,2.568263473053892,1.626543209876543,5068,3646.000000,1422.000000,3083.000000,1985.000000,2.5639943741209565,1.5531486146095719,82,51.000000,31.000000,81.000000,1.000000,1.6451612903225807,81.0,808,592.000000,217.000000,525.000000,282.000000,2.728110599078341,1.8617021276595744
SNP,*,gclt25orgt65_slop50,PASS,*,QUAL,*,0.8944489999999999,0.997353,0.096246,0.943102,2,0,191795155.000000,160819334.000000,0.000000,5476,3908.000000,1570.000000,3361.000000,2110.000000,2.489171974522293,1.5928909952606636,4898,3523.000000,1375.000000,3028.000000,1870.000000,2.562181818181818,1.6192513368983956,578,385.000000,195.000000,333.000000,240.000000,1.9743589743589745,1.3875,5434,3911.000000,1524.000000,3377.000000,2056.000000,2.566272965879265,1.642509727626459,4898,3523.000000,1375.000000,3028.000000,1870.000000,2.562181818181818,1.6192513368983956,13,7.000000,6.000000,13.000000,0.000000,1.1666666666666667,,523,381.000000,143.000000,336.000000,186.000000,2.664335664335664,1.8064516129032258
SNP,*,lowmappabilityall,ALL,*,QUAL,*,0.756225,0.735032,0.549369,0.745478,22,13,248876839.000000,101322520.000000,0.000000,763,542.000000,221.000000,447.000000,316.000000,2.4524886877828056,1.4145569620253164,577,403.000000,174.000000,343.000000,234.000000,2.3160919540229883,1.4658119658119657,186,139.000000,47.000000,104.000000,82.000000,2.9574468085106385,1.2682926829268293,1742,1207.000000,535.000000,1271.000000,471.000000,2.25607476635514,2.6985138004246285,577,403.000000,174.000000,343.000000,234.000000,2.3160919540229883,1.4658119658119657,208,149.000000,59.000000,208.000000,0.000000,2.5254237288135593,,957,655.000000,302.000000,720.000000,237.000000,2.1688741721854305,3.037974683544304
SNP,*,lowmappabilityall,PASS,*,QUAL,*,0.348624,0.9268290000000001,0.427146,0.506667,7,1,248876839.000000,101322520.000000,0.000000,763,542.000000,221.000000,447.000000,316.000000,2.4524886877828056,1.4145569620253164,266,190.000000,76.000000,155.000000,111.000000,2.5,1.3963963963963963,497,352.000000,145.000000,292.000000,205.000000,2.4275862068965517,1.424390243902439,501,343.000000,158.000000,333.000000,168.000000,2.170886075949367,1.9821428571428572,266,190.000000,76.000000,155.000000,111.000000,2.5,1.3963963963963963,21,14.000000,7.000000,21.000000,0.000000,2.0,,214,139.000000,75.000000,157.000000,57.000000,1.8533333333333333,2.754385964912281
SNP,*,notinAllTandemRepeatsandHomopolymers_slop5,ALL,*,QUAL,*,0.9407479999999999,0.986242,0.066624,0.962958,41,17,2682532985.000000,2403693407.000000,0.000000,23088,17274.000000,5821.000000,14227.000000,8850.000000,2.9675313520013744,1.6075706214689265,21720,16307.000000,5418.000000,13329.000000,8385.000000,3.009782207456626,1.589624329159213,1368,967.000000,403.000000,898.000000,465.000000,2.399503722084367,1.9311827956989247,23595,17635.000000,5966.000000,14706.000000,8882.000000,2.9559168622192424,1.655708173834722,21720,16307.000000,5418.000000,13329.000000,8385.000000,3.009782207456626,1.589624329159213,303,214.000000,89.000000,296.000000,7.000000,2.404494382022472,42.285714285714285,1572,1114.000000,459.000000,1081.000000,490.000000,2.4270152505446623,2.206122448979592
SNP,*,notinAllTandemRepeatsandHomopolymers_slop5,PASS,*,QUAL,*,0.907961,0.998238,0.047533,0.9509620000000001,16,1,2682532985.000000,2403693407.000000,0.000000,23088,17274.000000,5821.000000,14227.000000,8850.000000,2.9675313520013744,1.6075706214689265,20963,15781.000000,5187.000000,13010.000000,7947.000000,3.042413726624253,1.637095759406065,2125,1493.000000,634.000000,1217.000000,903.000000,2.354889589905363,1.3477297895902547,22048,16554.000000,5500.000000,13760.000000,8281.000000,3.009818181818182,1.6616350682284748,20963,15781.000000,5187.000000,13010.000000,7947.000000,3.042413726624253,1.637095759406065,37,27.000000,10.000000,37.000000,0.000000,2.7,,1048,746.000000,303.000000,713.000000,334.000000,2.462046204620462,2.1347305389221556
SNP,*,notinalldifficultregions,ALL,*,QUAL,*,0.9553459999999999,0.9976149999999999,0.033131,0.976023,8,0,2310050789.000000,2127440919.000000,0.000000,16639,12651.000000,3993.000000,10271.000000,6362.000000,3.1682945154019535,1.614429424709211,15896,12111.000000,3790.000000,9770.000000,6120.000000,3.195514511873351,1.59640522875817,743,540.000000,203.000000,501.000000,242.000000,2.6600985221674875,2.0702479338842976,16480,12522.000000,3963.000000,10185.000000,6289.000000,3.1597274791824375,1.619494355223406,15896,12111.000000,3790.000000,9770.000000,6120.000000,3.195514511873351,1.59640522875817,38,20.000000,18.000000,33.000000,5.000000,1.1111111111111112,6.6,546,391.000000,155.000000,382.000000,164.000000,2.52258064516129,2.3292682926829267
SNP,*,notinalldifficultregions,PASS,*,QUAL,*,0.9392389999999999,0.999616,0.03243,0.9684879999999999,3,0,2310050789.000000,2127440919.000000,0.000000,16639,12651.000000,3993.000000,10271.000000,6362.000000,3.1682945154019535,1.614429424709211,15628,11919.000000,3714.000000,9706.000000,5916.000000,3.2092084006462036,1.6406355645706558,1011,732.000000,279.000000,565.000000,446.000000,2.6236559139784945,1.2668161434977578,16158,12298.000000,3865.000000,10088.000000,6064.000000,3.181888745148771,1.6635883905013193,15628,11919.000000,3714.000000,9706.000000,5916.000000,3.2092084006462036,1.6406355645706558,6,3.000000,3.000000,6.000000,0.000000,1.0,,524,376.000000,148.000000,376.000000,148.000000,2.5405405405405403,2.5405405405405403
SNP,*,notinrefseq_cds,ALL,*,QUAL,*,0.942317,0.9912209999999999,0.13278099999999998,0.966151,6,1,2900663922.000000,2481219263.000000,0.000000,4074,2829.000000,1245.000000,2587.000000,1487.000000,2.272289156626506,1.7397444519166105,3839,2665.000000,1174.000000,2432.000000,1407.000000,2.270017035775128,1.728500355366027,235,164.000000,71.000000,155.000000,80.000000,2.3098591549295775,1.9375,4466,3075.000000,1391.000000,2834.000000,1632.000000,2.2106398274622574,1.7365196078431373,3839,2665.000000,1174.000000,2432.000000,1407.000000,2.270017035775128,1.728500355366027,34,20.000000,14.000000,32.000000,2.000000,1.4285714285714286,16.0,593,390.000000,203.000000,370.000000,223.000000,1.9211822660098523,1.6591928251121075
SNP,*,notinrefseq_cds,PASS,*,QUAL,*,0.9057440000000001,0.998107,0.099391,0.949685,2,0,2900663922.000000,2481219263.000000,0.000000,4074,2829.000000,1245.000000,2587.000000,1487.000000,2.272289156626506,1.7397444519166105,3690,2575.000000,1115.000000,2368.000000,1322.000000,2.309417040358744,1.7912254160363086,384,254.000000,130.000000,219.000000,165.000000,1.9538461538461538,1.3272727272727274,4105,2851.000000,1254.000000,2627.000000,1478.000000,2.2735247208931417,1.777401894451962,3690,2575.000000,1115.000000,2368.000000,1322.000000,2.309417040358744,1.7912254160363086,7,4.000000,3.000000,7.000000,0.000000,1.3333333333333333,,408,272.000000,136.000000,252.000000,156.000000,2.0,1.6153846153846154
SNP,*,refseq_cds,ALL,*,QUAL,*,0.9402209999999999,0.9848530000000001,0.105316,0.9620190000000001,38,17,34216490.000000,31072531.000000,0.000000,19639,14873.000000,4773.000000,12016.000000,7612.000000,3.116069557930023,1.578560168155544,18465,14036.000000,4434.000000,11249.000000,7210.000000,3.1655390166892197,1.5601941747572816,1174,837.000000,339.000000,767.000000,402.000000,2.4690265486725664,1.907960199004975,20956,15799.000000,5163.000000,13086.000000,7863.000000,3.0600426108851444,1.6642502861503243,18465,14036.000000,4434.000000,11249.000000,7210.000000,3.1655390166892197,1.5601941747572816,284,198.000000,86.000000,277.000000,7.000000,2.302325581395349,39.57142857142857,2207,1565.000000,643.000000,1560.000000,646.000000,2.4339035769828925,2.414860681114551
SNP,*,refseq_cds,PASS,*,QUAL,*,0.9079889999999999,0.9978739999999999,0.071881,0.9508120000000001,16,1,34216490.000000,31072531.000000,0.000000,19639,14873.000000,4773.000000,12016.000000,7612.000000,3.116069557930023,1.578560168155544,17832,13579.000000,4258.000000,10979.000000,6847.000000,3.189055894786285,1.6034759748795093,1807,1294.000000,515.000000,1037.000000,765.000000,2.512621359223301,1.3555555555555556,19254,14592.000000,4668.000000,11963.000000,7284.000000,3.125964010282776,1.6423668314113125,17832,13579.000000,4258.000000,10979.000000,6847.000000,3.189055894786285,1.6034759748795093,38,25.000000,13.000000,37.000000,1.000000,1.9230769230769231,37.0,1384,988.000000,397.000000,947.000000,436.000000,2.4886649874055418,2.1720183486238533
SNP,*,segdups,ALL,*,QUAL,*,0.790195,0.82406,0.484296,0.806772,28,15,166860344.000000,80066740.000000,0.000000,1387,997.000000,390.000000,863.000000,523.000000,2.556410256410256,1.650095602294455,1096,783.000000,313.000000,699.000000,397.000000,2.501597444089457,1.7607052896725441,291,214.000000,77.000000,164.000000,126.000000,2.779220779220779,1.3015873015873016,2579,1809.000000,771.000000,1824.000000,754.000000,2.3463035019455254,2.419098143236074,1096,783.000000,313.000000,699.000000,397.000000,2.501597444089457,1.7607052896725441,234,174.000000,60.000000,233.000000,1.000000,2.9,233.0,1249,852.000000,398.000000,892.000000,356.000000,2.14070351758794,2.50561797752809
SNP,*,segdups,PASS,*,QUAL,*,0.5443399999999999,0.966709,0.37669600000000003,0.696494,12,1,166860344.000000,80066740.000000,0.000000,1387,997.000000,390.000000,863.000000,523.000000,2.556410256410256,1.650095602294455,755,554.000000,201.000000,483.000000,272.000000,2.756218905472637,1.775735294117647,632,443.000000,189.000000,380.000000,251.000000,2.3439153439153437,1.5139442231075697,1253,884.000000,370.000000,810.000000,442.000000,2.389189189189189,1.832579185520362,755,554.000000,201.000000,483.000000,272.000000,2.756218905472637,1.775735294117647,26,19.000000,7.000000,26.000000,0.000000,2.7142857142857144,,472,311.000000,162.000000,301.000000,170.000000,1.9197530864197532,1.7705882352941176
