# This file was produced by samtools stats (1.20+htslib-1.20) and can be plotted using plot-bamstats
# This file contains statistics for all reads.
# The command line was:  stats results/bqsr/NA12878.recal.bam
# CHK, Checksum	[2]Read Names	[3]Sequences	[4]Qualities
# CHK, CRC32 of reads which passed filtering followed by addition (32bit overflow)
CHK	860b221e	48995876	4bd9df5d
# Summary Numbers. Use `grep ^SN | cut -f 2-` to extract this part.
SN	raw total sequences:	402208343	# excluding supplementary and secondary reads
SN	filtered sequences:	0
SN	sequences:	402208343
SN	is sorted:	1
SN	1st fragments:	201050275
SN	last fragments:	201158068
SN	reads mapped:	402207293
SN	reads mapped and paired:	402206218	# paired-end technology bit set + both mates mapped
SN	reads unmapped:	1050
SN	reads properly paired:	401600284	# proper-pair bit set
SN	reads paired:	402208343	# paired-end technology bit set
SN	reads duplicated:	11767063	# PCR or optical duplicate bit set
SN	reads MQ0:	11772640	# mapped and MQ=0
SN	reads QC failed:	0
SN	non-primary alignments:	0
SN	supplementary alignments:	71824
SN	total length:	40166633743	# ignores clipping
SN	total first fragment length:	20077843678	# ignores clipping
SN	total last fragment length:	20088790065	# ignores clipping
SN	bases mapped:	40166530353	# ignores clipping
SN	bases mapped (cigar):	40160162277	# more accurate
SN	bases trimmed:	0
SN	bases duplicated:	1175078634
SN	mismatches:	43421919	# from NM fields
SN	error rate:	1.081219e-03	# mismatches / bases mapped (cigar)
SN	average length:	100
SN	average first fragment length:	100
SN	average last fragment length:	100
SN	maximum length:	100
SN	maximum first fragment length:	100
SN	maximum last fragment length:	100
SN	average quality:	38.8
SN	insert size average:	222.5
SN	insert size standard deviation:	69.3
SN	inward oriented pairs:	200022326
SN	outward oriented pairs:	904886
SN	pairs with other orientation:	26463
SN	pairs on different chromosomes:	147394
SN	percentage of properly paired reads (%):	99.8
# First Fragment Qualities. Use `grep ^FFQ | cut -f 2-` to extract this part.
# Columns correspond to qualities and rows to cycles. First column is the cycle number.
FFQ	1	427952	0	14188	59145	22238	16741	23435	23627	17632	16586	13779	9071	10505	12327	13266	6768	12596	9064	10855	12812	19771	4162	16150	13712	11842	16442	25562	10726	17257	23099	24805	42204	23165556	1645416	23463025	3033786	137847760	8620921	2109060	206432	0	0	0	0	0	0	0
FFQ	2	139610	73	748	16453	16679	11769	3928	6906	8009	9778	9576	10580	13515	15423	17409	17207	18683	23216	18228	20358	22356	24484	27949	27089	27727	26226	36146	35526	34770	62255	53425	2595911	8817843	7720534	6773552	12956117	16955816	37502781	27433213	21049156	17433304	26818399	9197822	5039726	0	0	0
FFQ	3	176710	440	899	34336	15739	11606	5110	6670	5539	7432	8775	10822	10597	9942	11291	10682	9272	9615	9063	9752	10150	9954	10938	9387	11097	13812	13677	14506	15413	15355	39458	1524196	4814113	5716617	6611120	3604018	13250977	7236026	33251744	15468764	33185620	16684152	27156658	20471077	11547154	0	0
FFQ	4	79011	1131	16047	69320	24960	16379	6414	8314	8023	8614	10539	12479	12802	11577	12207	11947	11282	12448	10337	12907	11670	12325	14676	11081	12284	14710	15457	15349	16407	18929	44974	1370723	5500201	5422829	5894149	3005371	12092219	3545273	36445242	15070805	35294732	13596955	32060811	21228964	9977401	0	0
FFQ	5	21571	15	160	3499	4079	3204	1486	1846	2386	2135	2584	3035	4287	4610	4891	5540	6032	6315	6042	7217	7349	6786	9357	9229	9570	11563	11636	12488	13034	14529	37971	1163621	5018438	5602710	5340930	3582373	11552770	3360455	39872730	14905314	32177284	12779545	31690121	25728704	8040834	0	0
FFQ	6	73975	4685	5065	37750	30835	25122	14883	15395	16110	19188	22857	24261	26670	23647	22087	21913	20012	19250	20874	20810	21745	21937	22573	22515	25452	26237	28368	32704	31053	73786	160398	3083166	7087865	5553149	5060947	10474232	5305007	34034242	21010120	33372141	7891602	32319911	25208588	9717148	0	0	0
FFQ	7	27392	493	1106	22509	20806	16027	10005	9912	11194	11013	13868	16971	18317	18670	19205	17279	21443	18882	19825	19055	23047	23869	24498	27695	25799	33032	33047	30140	33604	40678	69643	825044	6555631	4950458	11299803	7907184	8992254	34981726	23776591	28464773	3606027	32502920	28076142	8432698	0	0	0
FFQ	8	41633	35	372	7680	11299	7987	3258	4580	4952	4894	6603	8428	9384	11222	11153	12832	13310	13129	12675	13750	13272	16164	16688	16221	17288	17038	21529	24216	20770	28481	1342019	4602471	4978818	5904616	3571885	14773167	3882035	33396211	15395008	30779712	14041611	35068085	19911487	13012307	0	0	0
FFQ	9	5662	0	4672	74144	44561	28311	7896	15328	21330	24175	21287	25117	33317	36560	39593	33896	33983	32787	29602	30120	33270	35377	29776	29345	33013	40937	40818	48459	43465	43844	1112879	4761113	6468030	6170010	4680518	13436345	7909660	38234310	17007220	23242240	18377629	30556988	19217212	8955476	0	0	0
FFQ	10	21413	443	1412	28953	22364	16116	6891	9636	8388	9780	11537	14620	16984	16057	17830	18059	20263	20296	19944	21539	22887	23778	27185	24018	31249	29424	32521	37703	38000	42696	206318	3957246	7238575	4671636	5686185	14010554	6164423	34189327	21197411	30976625	8912265	30419883	19886134	12921707	0	0	0
FFQ	11	26931	0	696	36758	31355	23134	8035	9736	13713	14210	13997	16594	18225	24137	24636	25811	26723	29409	27017	27455	28999	29769	30190	34148	34897	36821	42264	36412	43428	48748	1200493	5127998	4669650	6596163	3822005	8215259	12949820	29499054	19722418	12888394	27788434	36628453	24868068	6309818	0	0	0
FFQ	12	40591	324	823	5935	13925	9921	4040	4695	4787	6228	7199	9061	10185	11571	13043	13689	14367	17360	16951	17058	19651	17052	24207	21029	25933	27394	27299	36043	31906	49438	801389	6112905	5920645	7193716	5943513	9472888	15717438	34248167	21688590	12289441	28883551	31037186	16729475	4509666	0	0	0
FFQ	13	39074	326	1307	11231	15699	11436	4429	6346	6869	7380	7937	9241	10900	12533	12462	14809	13939	16501	15774	17475	17963	20855	20676	22655	22357	28281	27722	31855	34615	39503	141644	3182853	7860778	5143820	6411173	12996583	5811904	35584433	21518665	27807388	9036692	33229852	20114382	11707958	0	0	0
FFQ	14	10151	235	676	6905	11828	8646	3233	3721	3807	4939	5977	7919	8447	9573	9418	12011	12781	12682	14467	13949	16703	16040	20872	20655	23007	24350	26129	32409	31878	46818	54350	3111334	7208655	5220187	6321486	13013379	5400427	33689339	20816417	28655084	8727933	33253153	22359451	12798854	0	0	0
FFQ	15	4882	742	2303	13660	20020	14256	6909	9004	9129	9280	10812	13041	15140	15461	17390	16718	18054	17933	18949	19466	19359	23911	20517	23504	21007	28305	30833	31656	36152	42457	138682	3147293	7322357	5011862	6319194	12596532	5048943	33446414	20690907	28524611	9254003	33966260	22793781	12258586	0	0	0
FFQ	16	3690	12	214	13768	16961	12052	2925	5991	6559	7371	9687	11393	13342	16537	18499	20082	21822	22830	24043	22951	24406	25231	26636	29055	26652	29818	37902	39226	38856	50427	61014	1326788	7934798	3611962	8741741	8777726	8659798	27995160	26647090	28515046	4543348	35801749	23787137	14067980	0	0	0
FFQ	17	6675	0	390	18335	18815	13998	5487	5356	8702	8681	8730	10491	11513	14086	13799	15872	16262	16133	16110	15947	16479	16646	18724	22430	19241	22092	25917	28838	27602	34201	58864	1270903	7849159	3680421	8633468	8564761	8489326	27918495	26949981	28938838	4152067	35575757	24035260	14414888	60535	0	0
FFQ	18	5153	26	503	24434	20982	14550	4483	7675	10648	10067	10731	12048	15284	16537	17755	18952	15849	18701	18136	17804	18621	20968	21852	22165	23822	28364	30437	32300	34811	43908	58590	1236262	8025398	3624312	8682181	8451134	8400967	28016125	26630928	28543223	4540556	35480924	24681768	14140341	0	0	0
FFQ	19	8842	133	551	10704	12023	8672	3237	4510	4678	4986	6132	7932	8840	10075	11106	12030	12282	14081	13905	14688	14389	15036	18957	17804	20418	23678	23118	29351	29788	38908	61820	1227526	7934555	3707898	8742071	8451794	8347301	28089421	26533490	28541345	4395073	35683736	24464681	14468710	0	0	0
FFQ	20	4074	47	637	32391	22988	17614	5070	7577	7764	10126	9471	13487	15661	17089	18700	19408	21422	20913	22539	20494	22065	23988	25400	28247	24579	29333	31533	37194	31731	47653	68058	1215518	7817475	3758488	8842530	8458798	8447295	28117903	26494364	28443442	4344193	35883422	24269240	14300354	0	0	0
FFQ	21	13513	145	767	19810	19409	14172	5979	8237	9786	9523	10517	13004	16631	16090	17610	19247	21397	19560	18257	21949	22210	23676	23994	24389	27039	29883	32858	31754	39798	43225	68547	1227716	7738964	3817413	8699956	8445511	8589328	27429785	26801879	28607837	4000728	36404618	23924253	14719310	0	0	0
FFQ	22	2175	68	1461	53590	23187	14553	4810	8293	8278	7966	9453	11539	15428	13228	14806	15297	15248	15909	14622	16869	15268	20380	20531	19446	22331	19078	26523	30469	30707	39838	67189	1241950	7850358	3740567	8822471	8478368	8516752	28269282	26339903	28374619	4516823	35884150	24032629	14403859	0	0	0
FFQ	23	10830	56	1225	42291	25392	18076	6453	8303	10496	9211	11173	10810	14024	15749	16025	16585	15089	17477	15355	17442	17796	18772	21031	19043	24162	23166	28021	29227	34896	31854	61756	1220518	7858909	3757374	8891370	8531999	8543343	28381415	26328711	28337074	4438001	35900695	23821559	14447516	0	0	0
FFQ	24	3676	0	949	44678	26234	19156	6815	7619	10628	10701	10029	12344	15088	15808	17203	17983	20379	18588	20641	19904	20632	23062	24347	26551	26590	30554	32949	39855	44636	43329	94169	1280789	7423092	4212707	8908407	7611617	8744026	26573585	26248368	27869673	6306532	33420757	24873289	15351654	1520676	0	0
FFQ	25	3757	74	542	13546	14507	10320	4298	5876	6919	6940	8199	9718	13788	13484	16201	15457	16847	19897	17766	19657	20864	23175	26351	26401	25990	31948	30906	35930	38561	41646	68500	1250334	7807679	3807222	8795395	8657854	8594352	27750219	26508946	28651494	4050887	36071206	23837509	14568928	110174	0	0
FFQ	26	20175	119	1338	25009	22534	17029	6047	9294	9214	10894	11601	14892	18403	17986	20543	23494	23592	23405	22782	27691	24509	27314	31536	28340	32964	32913	39601	37647	42006	53838	66599	1274766	7386456	4221757	8858137	7657736	8530871	26486080	26305504	27820199	6194281	33568386	25024416	15459709	1518655	0	0
FFQ	27	3650	19	24982	96357	39375	25405	7630	16776	19988	19064	18939	23903	31631	27366	29123	26202	27186	25494	22609	25120	26918	26642	27158	30486	31890	32809	35352	34702	39539	35407	91869	1266440	7713338	3874779	8665371	8643532	8379471	27726936	26298703	28683753	3939589	36415000	23832097	14445031	242631	0	0
FFQ	28	11485	153	519	2397	7927	5469	2005	1876	2583	2832	3522	5099	5476	6520	7025	8541	9034	9224	11613	11217	12899	13545	16470	17974	18855	21024	24055	28494	27778	40979	57907	1233511	6832605	4755810	8788799	6404987	8655419	22697668	29358963	24438243	11094652	29653883	26595552	16719707	3425960	0	0
FFQ	29	9032	136	833	10599	12241	8506	2908	3473	4435	4472	5112	6538	6796	8942	8876	9959	10870	10758	12365	12428	13566	14173	17055	18900	19773	21874	25180	29185	28946	36509	65355	1212926	8011586	3722247	8805506	8609089	8423635	28233486	26248476	28223535	4783567	35860827	23932453	14543117	0	0	0
FFQ	30	1138	105	579	17752	16546	12211	4089	5422	6197	7201	7578	8986	11002	12371	13447	14749	15240	15784	16089	16823	18600	18674	21287	24406	24038	26440	30621	34498	33471	42225	69644	1222940	7306037	4354152	8834851	7415511	8446109	24824628	29168170	24795375	9651428	31804694	25288368	15524382	1866374	0	0
FFQ	31	17910	35	6181	39223	22265	15386	5002	9907	9540	11450	11853	13869	18026	18609	19144	22896	18945	21373	19941	22141	22782	24320	28154	27016	30882	30828	37856	34771	40889	45378	146679	1349453	7238897	4234859	8763851	7637256	8399604	25740768	26751507	27809792	6040846	34008744	24853804	15912892	1514678	0	0
FFQ	32	8977	122	726	22062	19662	13170	5483	6752	8316	8145	9352	11420	13983	14826	16115	16973	16456	18226	17045	19756	18060	20412	23358	23498	24052	30299	29621	33497	34086	40168	75742	1224828	7065717	4686776	8830983	6464318	8598358	23162385	29142710	24039705	11736580	29217527	26582705	16458478	3234174	0	0
FFQ	33	9010	78	673	9431	13439	9554	3656	4815	5318	5217	7822	9418	11084	11567	12043	14719	15029	16342	17700	16334	19199	20229	24402	24347	30400	30200	31574	35398	37127	44445	78179	1224516	7770244	3926852	8727480	8627308	8602661	27434726	26646028	28620969	4001183	36400112	23612352	14761721	116008	0	0
FFQ	34	4746	0	19250	64413	30182	20812	6286	7777	10113	9426	10215	10141	14236	13688	14901	15955	14208	14094	16487	14981	17255	17072	22802	21453	24631	27378	30057	36635	36437	43985	74207	1219542	7397543	4289479	8801236	7574593	8575102	26138557	26498852	27688530	6201444	33759042	24973893	15736491	1518336	0	0
FFQ	35	4467	364	733	8497	13786	10452	3897	4900	5009	5789	7587	8831	9644	10545	12442	12282	12879	13600	13741	16183	13823	18779	17451	21032	19500	27120	28761	25897	31865	36542	69666	1215022	7916827	3781216	8967985	8452579	8670995	28225312	26189273	28188130	4791263	35727643	23954299	14465568	0	0	0
FFQ	36	27381	59	42405	77665	31357	21493	6496	7674	10373	10115	10653	11242	16187	17458	17339	21889	22277	23994	26477	24986	28229	29497	33997	34827	33720	37568	38756	42095	43165	55960	78643	1249305	7847545	3853552	8830661	8605218	8420029	28230669	26105133	28171799	4659923	35916682	23699584	14554088	0	0	0
FFQ	37	2867	139	463	1935	7667	5112	1826	1936	2507	2604	3344	4649	5076	5977	6626	7173	8261	9045	10220	10374	11904	12544	15288	16952	17928	19977	23244	28023	27748	35587	65604	1223844	7793213	3885308	8750158	8492790	8446132	27884859	26415675	28325099	4470274	36371883	23712775	14733396	146496	0	0
FFQ	38	1615	150	468	2362	8157	5679	1980	2427	2585	2745	3873	5301	5548	6604	7089	8509	9308	9653	10958	11696	13411	13750	17344	18688	20207	22414	26208	31156	31263	42968	67103	1216703	7616609	4192128	8827623	7632731	8435140	26875775	26268692	27450394	6752550	33448674	25060541	15329184	1503087	0	0
FFQ	39	31494	12772	7381	70116	57325	48935	25968	23894	29563	35053	36607	41315	33848	33457	30642	30304	31997	28859	31006	36884	38579	43301	39387	33555	38872	44202	48083	66460	82777	104015	141724	1373307	7750348	4229009	9059875	7577939	8911905	27022646	25279902	27305732	6990206	32815309	24890978	14956294	1495697	0	0
FFQ	40	19059	259	1187	7409	12683	9231	3539	4687	5170	4674	6472	8133	8903	10391	10406	12452	13918	13477	14264	16921	17223	18657	22573	22692	25930	26541	30399	36062	34925	42019	77981	1215569	7883357	3822438	8910145	8527267	8527164	28312358	26151534	28121711	4854347	35745555	23852834	14551451	0	0	0
FFQ	41	2488	116	740	8278	12453	8975	3613	4398	4933	4969	6122	7714	9121	9857	9783	12222	13133	13205	15563	14519	17409	17194	19943	23472	24500	27715	30971	36197	34771	45130	78309	1215129	7779614	3929227	8740561	8617456	8416460	27860179	26551790	28325500	4259896	36300692	23670846	14703506	122155	0	0
FFQ	42	11331	138	1298	37162	20596	14454	4805	8675	8339	9554	11479	12815	15874	16464	18373	19310	16919	20212	17480	19965	18987	25173	23006	27100	28321	28054	35971	35724	38754	45271	71217	1206370	7884157	3845537	8948527	8479842	8646450	28302447	26244741	27979422	4926253	35650988	23774126	14455922	0	0	0
FFQ	43	3932	0	21948	123822	52733	33958	9599	16364	23871	22111	23296	26576	34141	35729	41057	31980	38368	34519	35156	31885	35260	42097	34133	43899	40680	48063	53015	55716	57491	64527	101300	1253772	8095375	3734278	8822561	8530871	8471695	28441435	25866631	27714055	5370036	35350302	23837663	14298651	0	0	0
FFQ	44	7960	39	327	30530	18341	12215	3516	5326	6261	7089	7066	11048	12805	14385	16102	15385	18077	17546	20935	19320	22911	21885	27140	29329	29759	32799	38155	43678	42221	63247	74985	1245075	7887554	3857291	8906990	8509525	8568034	28168683	26313659	27862769	5007807	35695178	23800665	14507961	0	0	0
FFQ	45	4066	16	5793	53361	25674	16235	2981	5639	8270	9765	9951	12677	15725	18468	19849	17874	22267	20696	24030	21562	25122	23776	29625	29897	34545	33964	39995	43527	41475	52816	82819	1216970	8103912	3751773	8876681	8582183	8433552	28520429	25966040	27758930	5334718	35509840	23908034	14282291	0	0	0
FFQ	46	4582	0	6647	41310	22238	13953	2277	6078	7039	9256	8394	10871	14149	17913	17071	17270	20626	17485	21233	18381	22236	20906	24694	28667	28045	32199	36947	41435	39583	50413	107653	1279403	7884620	3866523	8796246	8579227	8432207	28344572	26120133	27771307	5197901	35685848	23820725	14505641	0	0	0
FFQ	47	3646	137	562	4053	10178	6837	2461	2588	3128	3494	4519	6307	7425	8248	9163	10577	11538	12331	13701	14240	18200	15820	22416	23237	25239	27438	31022	37194	36781	64845	62560	1288336	8170289	3728357	8903848	8584504	8502346	28943844	25689199	27635239	5800693	35250751	23872541	14119825	0	0	0
FFQ	48	2071	0	15316	77549	30056	18258	4733	10546	11284	10301	10628	12708	15771	15972	17029	17011	14532	16421	15894	17489	18627	17279	22846	24644	25552	29746	33612	38479	37117	48093	78785	1209387	7462532	4325408	8906782	7531855	8464064	26822422	26216707	27287878	6662582	33541204	24944031	15416797	1485503	0	0
FFQ	49	8721	89	2175	18779	14236	9746	3494	4979	4941	5146	6463	8017	8980	10416	9894	11739	12219	11842	13314	14847	14883	15672	19481	22070	23406	26182	30310	35513	34491	56781	68585	1236672	7860391	3889448	8881470	8488773	8653390	28068575	26357514	27997314	4835323	35844516	23865999	14343216	131087	0	0
FFQ	50	3934	218	590	3442	9426	6360	2200	2625	2834	3100	4230	5895	6233	7386	8592	9447	11017	11220	13028	13534	15706	15765	19307	22543	23384	26107	30409	35754	35145	45869	79469	1208618	7951190	3813521	9015489	8459900	8563296	28587074	26187175	27665116	5347276	35519505	23841761	14341838	0	0	0
FFQ	51	10002	96	618	6251	10705	7448	2548	3324	3524	3668	4363	6313	6872	8549	7992	9795	11070	10942	12027	13395	14187	15862	18867	21489	22225	24982	28501	34065	33556	47284	74066	1219339	8076922	3795609	8835261	8603094	8502598	28266796	26326339	27723177	5340900	35586923	23758166	14462080	0	0	0
FFQ	52	140	112	930	8615	13487	9979	3678	5210	4681	6140	6318	7684	10039	9960	11671	12502	14753	14692	17641	16868	21041	20380	23775	26749	28042	32111	36006	41362	40505	64579	74907	1237356	7434820	4326566	8870760	7583800	8550644	26754770	26388852	27023980	6964145	33359293	24979677	15425320	1482104	0	0
FFQ	53	2478	227	575	2098	8309	5523	1834	2140	2171	2726	3825	4639	5092	6098	6986	7563	8859	8876	10481	11874	12256	14481	17095	19088	20271	23712	27596	33296	32344	42396	76523	1216361	8084935	3821347	8852835	8500374	8601940	28276355	26147334	27612941	5582834	35581938	23829688	14430870	0	0	0
FFQ	54	1458	313	895	5192	11509	8098	3348	3846	4200	4535	5683	7092	8500	9491	9211	11078	12926	13541	13722	15122	17176	18232	20667	24136	25403	28927	32830	38127	37021	49076	83506	1215929	6918546	4890038	8867476	6405890	8783594	22967906	29312296	23854323	11526349	29612731	26386275	16401195	3287885	0	0
FFQ	55	5430	25	646	12746	11957	7814	2163	3429	4131	4704	4867	6214	8519	9502	10043	11308	10747	11463	13871	13430	15563	14940	19108	20912	22063	25107	28523	33974	33437	44266	78889	1223413	7450745	4345465	8832475	7546716	8558320	26436177	26414895	27081008	6831080	33721428	24845227	15692518	1479846	0	0
FFQ	56	11932	0	50728	80986	29002	17896	3265	4937	7214	7587	7331	8566	12326	14094	16137	17310	18227	22184	22586	24519	26377	28541	28793	38583	35719	40710	44536	46401	42959	53760	116945	1283806	7473533	4286122	8854145	7594233	8512340	26863496	26176766	26922144	7183098	33289721	24848259	15305597	1468885	0	0
FFQ	57	2300	162	849	13405	16584	11803	4756	7303	7071	8275	8984	11319	13837	14001	15532	17757	16915	19354	17972	20469	21635	24099	26369	27071	29453	34205	39951	38607	45018	52945	88271	1217184	7149380	4748407	7761294	7739239	9629188	22218592	29076740	23542829	12091699	29157694	26421476	16391908	3133017	0	0
FFQ	58	2499	153	653	3049	9094	6490	2211	2739	2875	4046	3716	5484	6614	7758	7623	9712	10552	12083	12884	14615	16161	16346	20939	23265	25355	27570	31426	37368	36807	48617	84773	1189239	6313782	5482193	7640856	6551308	9650114	18467761	32336089	20309127	16436549	25652682	27626985	17767837	5008769	0	0
FFQ	59	6060	0	21204	63302	26644	16843	4637	8300	9979	9151	10034	11665	14881	14537	15530	16235	17052	15610	18046	19159	19553	22370	25126	30119	30462	35247	40372	45864	43765	64334	113565	1271542	6396996	5399823	7707456	5728053	11507517	18416296	31772068	20158936	16898398	25087881	27639555	17395342	4748316	0	0
FFQ	60	8544	64	597	10015	11094	7589	2589	3249	3213	3645	4764	7150	7348	8967	8824	11745	12287	11808	14726	14662	16550	17491	21264	23233	24507	27717	32326	38116	37988	57114	79212	1241519	7010936	4821849	7970393	7674288	9532388	23084848	28672695	23973266	11520728	29641661	26091286	16231539	2912389	0	0
FFQ	61	3191	13	272	17290	15882	11126	2845	5503	5750	7836	7773	10717	12350	13553	15059	16274	17935	16523	18653	18133	19360	20912	23239	27427	28402	33154	34237	42884	40136	53444	92060	1204888	7485396	4301599	8980899	7518024	8519756	26975695	26335597	26760169	7241782	33233217	24905637	15340015	1463811	0	0
FFQ	62	4704	125	544	5595	10264	6583	2077	2198	2802	3203	4047	5563	6093	7681	8280	9390	9333	11255	12234	14592	14697	15917	19886	23740	23712	28611	33109	38228	37255	53874	82224	1200010	5992131	5802206	7961476	4504054	11728008	15152934	34561435	17271635	20848636	21819551	29047303	18167843	6332925	0	0
FFQ	63	2432	252	698	2392	8945	5991	2129	2492	2535	2911	3937	5294	6137	7154	7089	8977	9940	10293	13128	12899	16258	16199	20985	23273	24430	28150	32382	38345	37781	50576	87690	1216354	6931417	4914947	8893210	6430214	8621794	23472436	29126337	23532112	12029268	29323949	26170533	16595509	3127104	0	0
FFQ	64	5327	236	602	2015	8691	5841	1941	2074	2269	2567	3769	5101	5447	6574	7137	7895	9986	10160	11266	12199	14835	15361	18492	22762	22734	27663	32029	37836	36520	53101	111070	1247995	7419881	4355107	8847159	7610497	8549176	26688563	26445734	26790120	7248176	33257555	25069806	15368315	1462888	0	0
FFQ	65	5098	212	789	2211	8806	6039	1943	2252	2323	2909	3998	5127	5665	6765	7121	9153	9718	10366	12825	12759	15829	15540	19898	23247	24714	27527	32358	38555	38069	50385	120385	1243923	6312916	5475943	8709045	4467067	10907133	18259427	32381729	20325031	16521082	25719584	27327285	17948335	4730332	0	0
FFQ	66	5142	194	720	2118	8495	5736	1998	2197	2558	2938	3592	5210	5576	6767	7234	8341	9691	10522	12172	12988	15858	16272	20510	22295	23354	27386	31484	38651	37693	66987	69606	1244419	7283843	4511248	8751895	6537058	10649687	23285129	29413108	24454495	9624176	32213100	24906654	15720970	1757193	0	0
FFQ	67	4847	282	906	3792	10516	7223	2615	3220	3826	3642	4778	6447	7317	8716	8831	10529	12302	13387	14874	14745	17632	18630	22640	26044	26767	31885	35830	43985	43213	56304	189800	1358813	5777219	5802033	7810489	4651873	11649420	14459731	35008256	16793211	21486474	21413412	29093077	18353937	6508203	0	0
FFQ	68	3804	128	648	5473	11112	7509	2843	3387	3871	4308	5404	6898	8470	9622	10864	12748	13983	15377	16896	17692	21103	19732	26623	28131	30723	33790	39036	47344	45722	68183	120664	1274610	5361195	6440412	6625068	4812673	12527218	10668777	37327627	14177626	25297817	18146537	30046879	19522782	7936346	0	0
FFQ	69	2750	395	896	3210	10305	6985	2351	2849	2942	3719	4778	5930	6760	7641	8878	10144	11325	12286	13510	14816	17030	18536	21505	26628	27736	31486	36776	43304	41968	57486	98057	1193914	5509626	5826117	6300749	4856873	13653992	6951835	38323724	13582339	29242076	13428880	31603851	20409263	9358165	0	0
FFQ	70	12000	197	770	3367	10075	7066	2270	2872	3349	3637	4231	6227	7044	8335	9162	9626	12614	12861	15070	14633	19092	19004	23407	27571	28504	33674	37974	45599	43847	77048	81414	1248477	5381104	5913546	6127568	4926049	13731983	6188165	38661961	13938343	28629001	14060248	31319164	20537686	9534158	0	0
FFQ	71	9633	229	752	2289	9178	5793	2125	2285	2352	3028	3880	5699	5647	6926	7500	8810	9319	10919	13335	13049	17649	17865	22321	25258	25833	31731	35801	43066	40832	59122	90930	1200463	5971014	5858069	7920564	4550022	11775190	15238763	34643522	16512972	21951866	20982962	28965950	18337888	6322885	0	0
FFQ	72	4251	321	653	2565	9801	6675	2011	2405	2854	3545	4437	5695	6184	7873	8279	10165	10729	11527	13995	14231	18057	17163	23298	26297	27450	31369	36340	43342	42216	69818	85872	1237846	6398677	5437937	8864546	4541238	10777740	19083828	32144119	19996018	16895042	25346332	27295956	17524360	4656357	0	0
FFQ	73	5054	214	721	2005	8821	6077	1938	2138	2650	2806	3700	5255	5833	6973	7697	8227	10289	11467	12793	13343	16557	17757	22359	24156	27905	30307	35784	44816	41699	64907	92115	1211686	5944048	5901078	7871830	4654166	11594325	15327968	34548845	17015016	21114881	21825845	28517411	18557190	6115504	0	0
FFQ	74	12611	276	719	1936	9236	6153	2186	2233	2518	2837	4157	5826	5519	7213	7127	9204	10393	10579	12792	12879	17559	16519	20867	26453	28123	31649	36809	43675	42838	57158	98589	1201202	5921952	5912495	6757948	6755917	10585255	14845894	34724041	17143674	20955130	21925920	28496617	18794941	6153664	0	0
FFQ	75	1798	116	712	7435	11848	7917	2649	2812	3594	3825	5452	6708	7810	9004	11048	11298	12850	14680	16253	17336	20153	20766	26176	28905	30559	34720	39482	47701	46959	62504	104328	1190528	5887325	5469844	7230213	4809151	12840574	10026390	36299777	17186143	23541398	18383262	29706898	19665279	7850562	0	0
FFQ	76	513	240	742	2154	9102	6300	2030	2372	2494	3080	3995	5648	5927	6910	7861	8955	11363	11250	13570	13874	16986	18201	20884	23653	30062	33281	39138	46615	44614	59196	102248	1189577	6484522	4839345	8405297	4632548	11660916	15355574	33034667	19579673	20296313	21053339	28955226	18367683	6286296	0	0
FFQ	77	605	203	779	2220	8890	6277	1797	2421	2498	3012	4162	5500	5970	7184	7538	9341	10442	11818	13466	14092	17756	18617	21969	27272	30079	32665	40744	45816	44826	80197	84546	1249103	5507289	6323766	6842447	4948364	12335959	11840586	37047381	13561688	25991918	17549969	30056269	19205316	7656017	0	0
FFQ	78	1660	262	728	2183	9669	6442	2163	2711	2500	3180	4258	6288	6149	7983	7764	9864	10689	12129	13908	15553	19368	19946	24112	27716	29932	35610	41906	48832	46078	60535	142157	1265551	5955478	5852394	7875112	4752962	11558821	15726546	34461173	16443971	22000346	20953716	28840999	18146828	6206102	0	0
FFQ	79	440	21	6819	39700	22361	14194	3411	7071	9741	8166	9100	11290	14667	15712	17866	17748	18941	18590	21568	22292	23369	24894	30228	34769	36000	41923	47123	55022	53741	79359	104960	1254359	6384365	4971747	8225461	4681540	11859853	14547007	33316546	19935526	19706834	21612539	28552661	18380824	6403095	0	0
FFQ	80	800	161	541	4050	10475	6629	2232	2861	3446	3384	4163	5985	7452	8489	8873	9916	13008	13798	15645	15815	20948	19989	23134	31332	33237	38115	44191	49246	49854	75006	101901	1264046	5605182	6271327	6921598	4908861	12434980	12246170	36486921	13581093	26402032	17364654	29881243	19006163	7624511	0	0
FFQ	81	2248	446	604	2345	9487	6780	2096	2374	2562	3325	4557	5952	5932	7905	7957	9472	11839	11912	12947	15286	18091	17786	21562	27554	32436	35685	43357	50515	49315	68969	103929	1205213	5552986	6287044	7034777	4782298	12577076	11838519	37134298	13426647	26179484	17506476	29880836	19027198	7578230	0	0
FFQ	82	2010	68	1360	39736	22884	16114	4489	7735	8945	9792	9327	12354	15285	17360	17884	20734	20327	22898	23501	23469	25591	25775	29671	34301	38289	41932	46751	55919	55936	88001	106379	1254740	5516462	6307790	6950760	4832147	12672189	11462351	37175563	13420210	26114182	17513188	29726424	19154015	7636871	0	0
FFQ	83	2162	262	784	2371	9853	6697	2164	2542	2684	3226	4583	6002	6420	7454	8364	10102	10783	13463	13005	15581	19926	19101	22338	29638	28085	37481	44944	51912	49993	72046	108291	1223220	6337985	5643643	8008782	4709178	11701321	16153460	34183222	16062759	22704705	20440870	28957816	17621544	6196237	0	0
FFQ	84	3418	274	777	3046	10310	7235	2474	2728	2662	3635	4563	6673	6300	7935	9452	10049	11926	13179	15481	17382	21389	19976	27006	29461	34413	35804	47515	56177	54480	76857	112128	1255411	5646242	5727982	6513644	4936911	13738446	7848449	37768859	13487591	29299776	13549407	31238627	19581493	9282217	0	0
FFQ	85	2850	467	818	3079	11113	7901	3067	3282	3365	4354	5409	7240	8008	9363	9686	12497	14145	15043	16842	18905	21352	22366	27430	32467	34272	39892	44058	55640	54215	89373	105328	1286171	5958249	5876287	7775949	4829067	11728479	15085792	34593579	16685588	21452120	21486723	28566119	18162141	6329911	0	0
FFQ	86	1720	195	1218	30159	19204	13191	4837	5686	6349	7075	10155	11544	13534	14306	15669	18885	18462	19595	21016	22085	26010	27329	33115	34171	40686	41871	52201	59340	59103	79336	130544	1210816	5459461	6407634	6908918	4884077	12475441	11722433	37007166	13715001	25657238	17995592	29526235	18986627	7675466	0	0
FFQ	87	7509	122	793	13641	13870	9755	2983	4526	4327	5665	5599	8426	9540	11294	13198	11714	16066	16663	18322	19874	25066	21774	29719	33405	40388	40412	51108	58222	58072	76501	126595	1215474	6391775	5427358	8859354	4610513	11063131	18387780	32352929	20229868	16403015	25615265	26995489	17290951	4813707	0	0
FFQ	88	1640	402	737	2405	10051	6917	2325	2548	2867	3607	4732	6409	6321	7415	9413	9996	11935	12479	15949	16836	18682	22509	23475	30277	35081	40249	48367	58085	55193	87959	139275	1344832	5908806	5872881	7752052	4922693	11735411	15096492	34423191	17261154	20857540	22062342	28185598	18110875	6129912	0	0
FFQ	89	2378	341	921	2384	10488	7371	2467	3040	3008	3277	5004	6515	7152	9237	7952	11390	11819	14665	15631	15973	22420	21353	25123	30154	34003	39628	50001	58307	58268	70018	123556	1202410	5640908	6345890	6653167	5083679	12184855	11527455	37111869	13663613	25802795	18063543	29590325	19076179	7672876	0	0
FFQ	90	10280	129	927	6817	12439	8442	2821	3902	3738	4326	5928	7962	8706	9384	10291	12532	14767	15374	17142	20983	22297	25573	28840	33475	40919	43968	52306	60593	58554	81125	128281	1250656	6447638	5382274	7918845	5898927	11494320	18863262	31908849	19612481	17206461	25032444	26904294	17095260	4456654	0	0
FFQ	91	484	208	882	2411	10155	6781	2266	2855	2702	3561	4633	6488	6360	7759	8988	10905	10762	12989	15500	16240	19787	20268	26102	30178	38798	38842	53190	58885	59388	73938	125626	1242181	5953849	5424958	7299302	4973516	12642602	11518926	35683693	16324049	24768702	17373010	29701679	18804249	7770456	0	0
FFQ	92	1226	197	797	3009	10426	7133	2482	2723	3138	3583	4923	6564	6783	8604	9011	11199	11606	15792	15892	17955	23014	23024	29095	31595	38796	42003	48872	63221	60092	76004	132325	1208845	5751117	5756251	6351373	5044063	13768879	7446733	38090282	13343592	29324565	13684836	30738025	19853067	9009445	0	0
FFQ	93	1407	154	625	9687	11751	7917	2756	2970	3318	3504	5313	7691	7665	9324	9798	12203	12981	15222	17782	18608	22718	24184	25083	33475	35857	42856	54770	65554	60306	93863	115979	1269216	5880562	5410211	7221194	5096378	12586419	11246751	35864083	16360346	24646356	17548158	29215470	19349741	7554623	0	0
FFQ	94	7813	19	309	12473	12645	8819	2106	3383	4254	5212	5513	7041	9045	10598	11458	13097	14189	15539	18582	19728	21723	23820	28537	34121	37175	43694	49052	59003	57483	82563	123449	1245109	6240241	5239772	7312370	4971328	12570025	12003290	35030756	16675716	24579430	17696490	29558892	18468063	7569797	0	0
FFQ	95	0	0	0	0	0	0	0	0	0	0	0	0	0	0	0	0	0	0	0	0	0	0	0	639	3025	3771	11907	22072	36084	70824	139767	1273132	5565044	5797335	6331119	5298732	13260726	8276762	37961665	13198569	29167682	13930901	30484136	20037392	8934750	0	0
FFQ	96	0	0	0	0	0	0	0	0	0	0	0	0	0	0	0	0	0	0	0	0	0	0	0	623	2519	3322	9302	20726	30831	69906	125452	1222029	5861555	5934450	7826775	4932440	11406755	15585211	34694116	17015646	20408193	22382309	27899849	18187929	5965114	0	0
FFQ	97	0	0	0	0	0	0	0	0	0	0	0	0	0	0	0	0	0	0	0	0	0	0	0	646	3108	3523	11075	20437	31317	64548	169119	1296936	6002878	5765182	8042884	4957025	11460276	16759921	34103040	16344233	21710660	21263237	28106459	17581986	5783479	0	0
FFQ	98	0	0	0	0	0	0	0	0	0	0	0	0	0	0	0	0	0	0	0	0	0	0	0	635	2818	3310	10689	19169	30197	83409	255289	1558395	6651580	4890864	9179959	4842702	10738178	20975427	30958602	18841019	19034600	23627894	27577130	15701055	4392673	0	0
FFQ	99	0	0	0	0	0	0	0	0	0	0	0	0	0	0	0	0	0	0	0	0	0	0	0	716	3117	3628	11273	20326	31658	78785	266965	1590643	8044027	3612102	9325767	8603786	8871390	29892496	25046449	25945926	8738707	32664351	23927247	12558502	0	0	0
FFQ	100	0	0	0	0	0	0	0	0	0	0	0	0	0	0	0	0	0	0	0	0	0	0	0	857	3726	4226	13079	23128	35536	115544	1167176	7565339	4059781	9003451	8420480	8668129	28339367	26249387	26873555	6864643	34079082	23611118	13967913	27196	0	0	0
# Last Fragment Qualities. Use `grep ^LFQ | cut -f 2-` to extract this part.
# Columns correspond to qualities and rows to cycles. First column is the cycle number.
LFQ	1	7765	0	0	0	48302	59111	3578	16837	15872	14321	16513	9404	15445	5277	14311	7705	13657	12107	10697	13851	12545	14562	9983	14783	18840	22511	19640	32160	20158	38052	35290	56874	51894	22703454	18514529	9153637	1868303	141922209	6363891	0	0	0	0	0	0	0	0
LFQ	2	9619	86	371	446	429	10440	1770	3068	3714	2085	4656	4965	6715	4325	6802	9776	10510	7571	13050	12192	13208	13146	21179	19992	19777	30473	27148	41014	31124	45495	112829	1385446	6274304	7819524	12421687	9112661	19027786	44345785	30322409	16502229	25494006	15273767	8193142	4444143	53204	0	0
LFQ	3	773	0	108	182	253	2915	581	987	999	1122	1277	1580	1802	1852	2309	2421	3149	2990	3501	3514	4510	4550	5739	6579	7167	8863	10466	12583	12960	16573	207205	1344048	2832582	7478842	3335091	9142015	12510609	9349230	35819702	26334656	16840070	35614382	10930784	25330923	3965624	0	0
LFQ	4	3818	30	177	224	357	3251	625	771	892	1041	1264	1425	1732	1874	2018	2540	2621	3098	3690	3201	4416	4871	5583	6562	7100	8951	10722	12776	12861	17318	180873	1227167	3405477	7676728	3517201	8047509	10380230	10748756	35926600	33000717	11330328	36004480	13486415	22842615	3257163	0	0
LFQ	5	203	21	192	338	545	4222	1011	1220	1427	1326	1663	1962	2091	2492	2577	2945	3564	3482	4567	4058	5276	5385	6578	7687	9356	10239	12303	14828	13282	19262	168218	1013495	3311937	7335688	3039314	8981150	9195593	10870533	38491731	33854907	8560560	32824351	16730291	23800352	2835846	0	0
LFQ	6	2903	32	268	274	611	4677	817	1145	1281	1368	1631	1990	2274	2453	2816	3258	3888	3826	4952	4411	5839	5979	7094	8400	9390	11191	13118	15617	14635	20780	186800	1132977	6205616	4789047	8350118	8847750	10924633	32470977	38584918	13252069	25694883	19674457	21748676	9138229	0	0	0
LFQ	7	205	24	240	332	626	8715	1947	2250	2568	2642	3244	4116	3794	4327	4790	5959	6162	5673	7869	7290	9008	8551	11860	11875	15180	15514	18303	23113	21126	27770	118896	681866	5327842	5995411	10790240	9788120	12076224	38872305	27273412	15188458	25543260	22414764	19517800	7334397	0	0	0
LFQ	8	5378	15	203	270	390	4671	1181	1245	1413	1582	1841	2253	2611	2951	3237	3694	4352	4117	5116	5061	6309	6354	8562	8769	10501	12017	13870	17552	17068	21595	200017	1291557	4930342	5156545	7474607	11028892	9913739	28764404	29366130	16572003	28595333	25299849	18401626	13988846	0	0	0
LFQ	9	1808	30	295	349	561	6955	1514	1619	1961	1974	2461	2831	3120	3558	3622	4816	5056	4729	6072	6109	7176	7093	9663	9653	12090	13345	14660	19629	18164	23186	303274	1296623	5571257	5534086	9061956	10186977	9869483	36160577	30250657	13298997	28186070	21658655	19155719	10351181	78457	0	0
LFQ	10	349	83	332	303	522	5847	988	1237	1368	1525	1745	2418	2305	2864	3177	3772	4339	4077	5420	5202	6330	6677	8261	9274	10005	12512	13919	17208	16767	22429	271743	1590240	3937812	7113869	4119792	10229276	13229734	15228033	40557646	25313047	11839567	33121437	11154711	20843340	2436566	0	0
LFQ	11	3872	58	506	1086	2972	15773	2474	3010	3527	3294	4459	4362	5442	6562	5866	6883	8584	7204	9731	8311	10458	11410	12793	14934	16114	19651	19415	21539	25910	27145	994424	1796456	3904862	4183096	6468758	8937150	7856797	21908414	32514369	14680588	23456138	29492057	27779536	14747225	2154853	0	0
LFQ	12	516	84	321	370	773	7272	1297	1488	1710	1811	2254	2775	3087	3408	3742	4503	4779	4808	6153	5741	7179	7013	9327	9655	12372	13139	14969	19701	17816	23658	125251	761934	4834691	7126313	6071325	10536824	10609539	18316365	41839322	16395443	16900708	35353640	15952718	15259776	882498	0	0
LFQ	13	2212	30	249	364	1935	9349	1641	1860	2456	2448	2645	3315	3462	4043	4184	5332	5337	4894	6324	6117	7273	7085	9797	9907	11876	13255	15043	19296	17691	23099	176023	1119819	3573370	8067288	3512743	11623926	10636670	14691743	43520428	21036492	12181277	36896095	12042757	19589774	2287144	0	0
LFQ	14	3373	100	329	376	597	6422	1467	1429	1716	1728	2362	2666	2853	3348	3520	4271	4939	4594	5820	5605	7063	7111	9162	9674	11465	13098	15256	18908	17650	23805	194882	1248515	3310665	7649055	2811714	11748837	10953308	12358875	40611771	22659845	12281365	36757485	12861976	22961837	2557231	0	0
LFQ	15	3431	24	263	322	526	6335	1255	1540	1640	1850	2235	2638	2831	3408	3378	4393	4711	4626	5797	5793	7108	7054	9398	9957	11984	13199	15344	19023	18003	24193	194908	1192964	3330995	7556349	3226087	10972979	11208085	11727088	40240710	23180019	12135379	37339980	13816788	21733422	3110056	0	0
LFQ	16	34975	41	345	389	594	7416	1453	1757	1876	2002	2482	3068	3561	3958	3715	4850	5370	5251	6183	6351	7725	7868	10155	10582	12758	14404	16487	20847	19317	25777	193619	1151099	3397651	7661087	3482110	10586860	11021994	12949375	40264569	22585695	12714004	36962280	13716856	21674554	2554756	0	0
LFQ	17	1701	146	445	476	1720	11822	1469	2042	2271	2400	2895	3308	3673	4472	4166	5509	5463	5436	7158	6360	8024	8154	10152	10300	12909	14392	16794	20307	19250	61163	153594	1212761	3295107	7817573	2980356	11018541	10244840	12686087	40634632	23421587	11790850	37320057	13224719	22529718	2573267	0	0
LFQ	18	6757	59	285	311	560	6214	1147	1353	1472	1722	2042	2488	2656	3068	3494	4049	4660	4576	5957	5584	6885	6924	9151	9723	11570	13130	14981	19131	17790	24067	181265	1079212	3319711	7854134	3028899	11142349	9878450	12564653	40831844	23190502	11573548	37556758	13539761	22704055	2521118	0	0
LFQ	19	1351	92	330	375	913	7088	1229	1622	1704	1872	2191	2690	2748	3297	3681	4260	4938	4731	6060	5767	7151	7358	9363	10059	12084	13586	15687	19854	18053	24736	179970	1072496	3322467	7823237	3075049	11098256	9858169	12323766	40209989	23698738	11375444	37559804	13440137	23284243	2641430	0	0
LFQ	20	4250	63	326	372	708	6696	1274	1526	1576	1975	2320	2927	2598	3409	3942	4486	5209	4855	6419	6297	7647	7576	9939	10530	12770	14262	16667	20923	18988	25836	187697	1063081	3443977	7573450	3595275	10455819	10868484	12363769	39106728	24550904	11934786	36326036	14590476	21699089	3192127	0	0
LFQ	21	12839	93	391	386	1856	9228	1240	1694	1948	2185	2556	3175	3450	4104	4238	5095	5453	5622	7133	6601	8258	8203	11081	11520	13807	15105	17347	22363	20528	27277	159976	1105173	3271129	7705343	3195461	10994132	10289531	11965053	40576374	23444446	11764648	37153361	13942791	22227136	3128732	0	0
LFQ	22	4189	83	275	354	631	6825	1287	1342	1799	1982	2384	2682	3055	3612	3995	4750	5209	5133	6518	6102	7850	7714	10236	10740	13190	14487	16601	21718	19810	26431	200816	1100337	3294600	7574146	3275523	10694428	10546234	11409419	40144870	24057978	11781571	36857251	14140026	22539521	3330353	0	0
LFQ	23	6165	83	318	377	626	6821	1381	1599	1748	1954	2366	2910	3290	3660	4067	4740	5500	5083	6760	6448	8059	7972	10626	11244	13538	15172	16977	22196	20269	27635	169973	1111335	3290078	7674541	3225983	10773664	10653499	11433049	39946822	24351897	11383573	37029935	14049436	22438644	3406043	0	0
LFQ	24	54403	50	300	405	588	6997	1386	1622	1712	1902	2325	3014	3268	3678	3935	4803	5392	5116	6648	6518	8010	7926	10329	11274	13358	14891	17075	22022	20129	27464	197145	1096946	3379364	7796157	3292587	11259409	10279389	12848615	40452811	22194322	12438662	37601775	13097042	22426162	2531129	0	0
LFQ	25	26201	81	269	453	604	7439	1374	1848	1824	2155	2404	3250	3283	3947	4076	5125	5464	5595	7260	6835	8425	8564	11071	11801	14339	16098	18316	23106	21655	29225	167986	1131120	3232684	7794002	3052855	11238536	10251752	12129984	39637892	23945810	11726429	37011046	13819679	22662101	3104083	0	0
LFQ	26	932	66	355	377	559	6891	1306	1434	1600	1795	2243	2790	2971	3400	3689	4457	5244	4931	6299	6035	7545	7419	9933	10533	12610	14099	16458	20755	19503	25964	191663	1094920	3335490	7495007	3404540	10303204	10431194	12806917	36286427	24584027	13297940	35602925	15566234	21510849	5044516	0	0
LFQ	27	30458	61	360	420	664	7575	1387	1650	1841	1796	2398	3126	3328	3852	4183	4909	5662	5576	6840	6674	8022	8339	10715	11364	13542	15288	17733	22283	21032	27502	194456	1086147	3362185	7484590	3249600	10701729	10164275	12809507	36201275	24830281	14263180	33325464	16741567	22711008	2657929	1126273	0
LFQ	28	1164	49	308	385	562	7188	1322	1515	1791	1983	2331	2953	3159	3749	4418	4711	5682	5327	7045	6638	8166	8101	10766	11682	13819	15467	17791	22446	21084	28168	130241	1145100	3174784	7865182	3129116	11464896	9883235	12844446	40179658	22593895	12074294	37746533	13229762	22877723	2599407	0	0
LFQ	29	55463	108	415	413	803	7780	1498	1744	1953	1813	2607	3133	3214	4061	4175	5116	5472	5501	7494	6744	8557	8492	11193	12079	14161	16229	18214	23718	21860	29369	197283	1074923	3356428	7647321	3096753	10677213	10732799	10941126	39347590	24884408	11681846	36229332	14409813	22922241	3675578	0	0
LFQ	30	12497	71	370	422	653	7625	1432	1697	1862	1982	2577	3243	3414	4077	4080	4918	5755	5936	6904	6850	8523	8669	10965	11782	14115	16015	18256	23291	21494	29163	196064	1077309	3363502	7729825	3243076	11211108	10220473	12288896	40186325	23422630	11623218	37718049	13645909	21977947	3015055	0	0
LFQ	31	4822	53	270	408	576	7261	1217	1531	1845	1977	2508	2727	3116	3906	3951	4998	5527	5273	7096	6777	8158	8081	10642	11429	13937	15524	17883	22598	20939	28542	196772	1081089	3369467	7728292	3282236	10839577	10606021	12082982	39674084	23597971	11976601	37084964	13827116	22414749	3172503	0	0
LFQ	32	8418	1147	1141	1721	12143	27605	3623	4249	4959	5366	4716	7221	6655	6861	8645	9101	9187	10127	10038	11194	11556	13795	15730	18335	20066	20106	25297	24251	27808	38865	207374	1088599	3360826	7661510	3262839	10922991	10529095	11886941	39838117	23937269	11621403	37014259	13842587	22367387	3242256	0	0
LFQ	33	3709	80	472	554	852	10974	1703	1985	2357	2561	2789	3974	4013	5051	4888	6376	7047	6284	8612	7724	10502	9943	12343	13994	16042	18102	20886	26594	24124	33180	174380	1100772	3314249	7874852	3187702	11632252	10094179	13042288	40261376	22176459	12319647	37718955	13056289	22511797	2415775	0	0
LFQ	34	5976	69	284	495	580	8023	1398	1867	1946	2310	2583	3271	3845	3968	4684	5655	6411	6052	7602	7603	9112	9238	12025	13083	15224	17483	20219	25588	23685	31945	206669	1063756	3356373	7693546	3249710	10996114	10350185	11988270	39625915	23829790	11766033	36854383	14034140	22740834	3136305	0	0
LFQ	35	6720	89	394	460	734	9235	1654	1839	2130	2304	2850	3567	3993	4454	4892	5898	6779	6537	8221	8054	9899	9917	12995	13616	16137	18338	21023	27300	25129	33805	212704	1066912	3370187	7697140	3321552	11146885	10179585	12548602	39643516	23493835	11591892	37545718	13705599	22356824	2990021	0	0
LFQ	36	9634	54	397	480	705	8571	1535	1882	2036	2248	2783	3494	3805	4197	4829	5817	6423	6370	7878	7760	9729	9698	11982	14406	16000	18427	21410	26628	25011	33531	213297	1043549	3370486	7793835	3293475	11296328	10285334	13051038	39436728	23038230	12296746	36973796	13636920	22356797	2781661	0	0
LFQ	37	14175	94	466	443	721	8717	1565	1998	2083	2192	2543	3576	3961	4494	4656	5648	6624	6369	8238	7884	9905	10060	13003	13754	16549	18936	21461	27492	25544	34294	215893	1061029	3397921	7613589	3318845	10945790	10386694	11849793	39822764	23717761	11766146	36764432	14259341	22486541	3248291	0	0
LFQ	38	20141	81	372	457	686	8593	1548	1825	2036	2256	2709	3375	3627	4598	4818	5416	6493	6310	8107	7710	9871	9945	12820	13716	16267	18337	21092	27291	24824	33868	213261	1061134	3415703	7615746	3496665	10813011	10588123	12047367	39934863	23498378	12159626	36459158	14365508	21888342	3292732	0	0
LFQ	39	9260	88	325	532	709	8758	1580	1849	2106	2299	2795	3536	4122	4414	4998	5947	6798	6718	8201	8515	10255	10130	13197	14288	16940	19264	22054	27701	25959	34666	220450	1054887	3373791	7763374	3338816	11243837	10142000	13030555	40121662	22164055	12617295	37134280	13760255	22271673	2610314	0	0
LFQ	40	12724	92	441	445	736	9079	1836	1815	2231	2151	2765	3786	4095	4818	5145	5667	7472	6998	8512	8368	10544	10530	13642	14842	17534	19864	22897	28903	26873	36180	223428	1090526	3558743	7511519	3860365	10458205	10907566	12974718	38700759	23513100	13021465	35778081	14509733	21591268	3131222	0	0
LFQ	41	4093	71	458	561	738	9265	1653	2051	2309	2511	2939	3898	4082	4960	5478	6266	6939	7890	8261	9154	11070	11803	14317	16838	18498	21070	24324	30726	28379	38896	229957	1056748	3390035	7638846	3531373	11088130	10183759	12923198	39965268	22715360	12399960	36767664	14275639	21625224	3027864	0	0
LFQ	42	1827	48	409	560	814	9202	1661	1999	2426	2466	2809	3850	4214	4993	4958	6232	7289	7026	8997	8667	10906	10696	14028	14962	17628	20383	23237	29514	27245	36650	224533	1041004	3451922	7621376	3524370	10797996	10571064	12491727	39578922	23403828	12226071	36546113	14354954	21822525	3173198	0	0
LFQ	43	7143	96	496	759	1431	11859	1750	2475	2501	2953	3529	4237	4632	5507	5849	7018	8191	7805	9386	9851	11447	12040	15041	16672	19145	21977	25102	31588	29317	39038	230232	1051803	3418477	7747842	3456985	11142952	10210752	13076689	39750037	22664767	12285613	37219593	13858054	21814691	2864909	0	0
LFQ	44	594	42	455	647	895	11099	1766	2318	2568	2593	3030	4207	4733	5302	5857	6973	8293	7769	9549	10299	11442	12534	15167	17062	19246	22543	25354	32136	30510	39500	232402	1032058	3417351	7801544	3571943	11032728	10161969	13603792	39750544	22009439	12784809	36879452	13889896	22120936	2505906	0	0
LFQ	45	1810	93	467	531	874	11120	1817	2156	2284	2691	3655	4613	4509	5495	5900	7705	7773	8143	10458	9969	12661	12380	16113	17310	20125	23418	25006	32888	32660	42587	238998	1026959	3440355	7667683	3413274	11015027	10416551	12425719	39673690	23417008	12104349	36296518	14561939	21948936	3131255	0	0
LFQ	46	446	53	608	744	2149	13355	2005	2545	2830	3133	3354	4685	5236	5960	6176	7246	9419	8525	9798	11226	11888	12960	16152	17555	22089	23965	27047	33537	32209	41906	248968	1064168	3469754	7614684	3632993	10880805	10366129	13176165	39217681	22951325	12474959	36656144	14348069	21621974	3038923	0	0
LFQ	47	1602	93	535	628	842	11325	1824	2415	2565	3016	3153	4587	4709	5541	5822	8009	8208	8616	10157	10844	13158	13307	16285	18304	20300	24795	27956	35169	33846	43110	241846	1018948	3428207	7536351	3685456	10797354	10191752	13150803	38748473	23197775	12699580	36278083	14798088	21124235	3859606	0	0
LFQ	48	4710	58	493	612	885	10710	1702	2260	2590	2715	3121	4359	4744	5372	6297	6781	7916	8660	10411	10150	12555	13546	16223	17793	20906	24046	27566	34095	32813	43048	241515	1042938	3571485	7581070	3632140	11328539	10305666	13519301	39506529	22338090	12689422	36672985	14102196	21683854	2540244	0	0
LFQ	49	8693	155	447	602	878	11170	1794	2275	2354	3046	3606	4790	4143	6039	6473	7515	8533	8707	11533	10743	13216	14032	17047	19020	22500	25850	29275	35885	34499	45401	250585	1042470	3480000	7699184	3484424	11621238	9755954	14155913	39564039	22217353	12284835	37293628	13646840	21951853	2280164	0	0
LFQ	50	6659	42	610	611	820	11312	1866	2569	2488	2903	3250	4878	5197	5337	6745	7294	8635	8737	10296	10842	12691	13630	15741	19042	20875	25846	28975	36031	34303	43928	248669	1041955	3475441	7559737	3494536	10834057	10535807	12423737	39347922	23697048	12264356	35830123	14777330	21929469	3271776	0	0
LFQ	51	5752	89	498	631	865	13059	1820	2450	2347	3012	3867	5178	5333	5981	6642	8444	9064	9527	11439	11601	14511	14142	18307	20160	22483	28035	30739	38571	36542	46955	256068	1037634	3495008	7555686	3545068	10967194	10484584	12946329	39110066	23551839	12450439	35722773	14542454	21871286	3164887	0	0
LFQ	52	7017	104	497	630	1786	14756	2010	3048	3352	3772	4259	5413	5632	6851	8338	8996	10895	10549	12989	13544	16157	16301	20372	23323	24992	29238	33551	41150	39491	51130	267552	1048767	3474428	7391863	3752341	10659474	10537342	12977897	38545234	23370904	12665564	35722742	14996043	21445763	3798136	0	0
LFQ	53	5921	182	537	665	1065	12425	2021	2487	2655	2918	4041	5089	5504	5716	7271	8137	9961	9796	11665	12444	15410	14392	19475	22412	23998	28332	32616	40349	38761	49584	262056	1034276	3500431	7533936	3946871	10768867	10353602	13960588	39018195	22279420	12959214	36112417	14823256	20576730	3543040	0	0
LFQ	54	6088	229	670	708	1365	14453	2404	2959	2949	3160	4527	5674	5680	6854	7747	8608	10698	10650	13003	13505	15188	16914	19627	22999	27621	30029	32717	41563	42153	54076	266752	1033886	3526024	7525761	3940454	11193829	9918672	14578538	39252230	21788705	12858361	36662069	14292918	20573336	3226466	0	0
LFQ	55	12920	126	698	1102	1397	16319	2342	3572	3451	3944	4472	5671	6617	7827	8190	9239	11254	10815	14094	13227	17623	16850	21731	24334	26985	31444	35595	43890	41578	54411	229652	1076136	3405647	7368372	3864849	10792829	10317548	13265470	38458000	23130249	12869994	35409555	15357798	20935369	4123427	0	0
LFQ	56	28574	86	538	731	888	12952	1927	2501	3595	2718	4243	5337	5344	6748	6676	8410	10560	10635	11246	12760	16413	16639	20427	23304	25910	29372	34033	42318	40931	52748	269466	1032581	3481910	7533076	3631933	11232355	9852616	14386449	38353042	22863763	12502889	36309879	14393027	21855560	2912691	0	0
LFQ	57	9528	378	707	747	1181	16308	2684	2949	3163	3831	4568	5965	5646	7578	8128	9557	10921	11301	13473	13734	16879	16450	21868	23959	26948	32055	36122	45202	43948	55679	276685	1026807	3654984	7425197	4319278	10975716	10182571	15852773	38169837	21404402	13524328	36315660	14313687	20542446	2606579	0	0
LFQ	58	6648	85	697	781	958	14111	2463	2758	3254	3073	4073	5387	6402	7023	7760	8418	10775	11888	13309	14231	16866	18353	22062	25859	27313	32135	36844	45875	44032	56549	277466	1032719	3535309	7391342	3919136	10485422	10744915	13223928	38681016	23056333	12781485	35555298	15159404	21006183	3734305	0	0
LFQ	59	2951	337	644	716	1187	13750	2235	3027	3338	3321	3937	5552	5798	6503	7723	8489	10802	10607	11736	14006	15567	17048	19461	23583	25876	31988	32800	43348	42819	55545	270613	1027292	3529726	7626870	3645335	11351439	9785652	14609496	38763789	22072771	12719011	36774973	14123196	21556515	2743907	0	0
LFQ	60	3920	201	727	733	1257	14665	2496	2878	3247	3511	4580	5885	6306	6886	7959	9657	11143	11697	12918	13886	18116	17491	21963	24945	27438	31668	36491	45516	44016	56209	302620	1075180	3518214	7454772	3935874	10709220	10524540	13907132	38124401	23580191	12494589	35502729	14990320	20927196	3520225	0	0
LFQ	61	14657	291	640	673	1198	14604	2265	2790	3363	3213	4862	5312	6201	6491	8385	9553	10266	12362	13815	14625	17702	17998	21783	24802	27479	32748	37908	46796	44853	57411	281208	1043027	3539294	7437477	3907929	10764775	10372461	13932960	38480067	23002548	12451261	35776413	15015074	20981678	3554603	0	0
LFQ	62	23417	172	830	898	1382	17194	2529	2946	3802	4245	4965	6570	6272	7837	10263	9519	12093	12606	15975	15971	19174	19491	24605	27185	29986	35018	38734	48823	48757	63666	304858	1063426	3547524	7434363	3765229	11053084	10205623	13860419	38357443	23302588	12643257	35574290	14746977	21249248	3372108	0	0
LFQ	63	15895	215	580	877	1059	15327	2256	2667	4002	3517	4430	5989	6720	7429	8268	9907	10806	12024	13613	14520	18397	18877	20662	26727	27803	35690	39764	48845	46318	60108	285453	1026231	3556985	7462311	4017151	10979280	10404268	13993814	39202949	22372814	12839934	36072791	14272193	21133010	2881807	0	0
LFQ	64	4190	194	720	845	952	15313	2391	3013	3156	2972	4619	5969	6362	7284	7912	8109	12714	11662	13162	14513	17006	18807	21477	26470	28426	34025	39090	47078	45077	58737	284236	990508	3495593	7554019	4031634	10976072	10411926	14076315	39136299	22174219	13139868	35664164	14552540	20987045	3035194	0	0
LFQ	65	4401	138	850	935	1386	20058	3104	3879	3999	4265	5397	6769	6900	9497	10006	11011	12975	15024	16028	17575	21588	20302	25498	30677	31185	37528	44717	52966	50663	66050	295544	1027597	3582871	7525102	3787108	11511654	9767219	14507678	39163018	21740630	13123765	35956256	14411366	21172993	2850638	0	0
LFQ	66	24136	127	779	950	1132	16884	2574	3516	3513	3852	4814	7280	6057	8421	8789	9792	13306	11784	15722	16000	18786	21213	24337	27776	29360	40146	41789	53346	51604	65546	296585	1025894	3608491	7459923	3919036	11291861	10094400	14104380	39151317	22642211	12155798	36481658	14499090	20885445	2795234	0	0
LFQ	67	39369	163	751	743	1229	17721	2871	2870	3253	3967	4662	6499	6813	7147	8841	10889	12058	13215	14039	17858	18049	21364	22906	30217	30713	37282	45409	52654	52019	66921	313228	1050468	3598479	7482036	4182630	11205954	9963165	15718152	38418520	21453250	13176368	36494712	14501997	19642931	3174681	0	0
LFQ	68	23168	128	782	838	1549	19846	2958	3569	3506	4578	5401	8019	7215	8942	10105	11888	14471	14934	16631	18805	21142	24254	27362	32047	33887	41791	46698	57311	55328	71050	326265	1062799	3775907	7316867	4333209	11092790	10505385	15145293	38847458	21337052	13942531	35306323	14224488	20874543	2235923	0	0
LFQ	69	7801	197	758	977	1200	20240	2629	3959	3919	4230	4809	6822	8084	8990	9534	11181	13716	14230	16827	19160	19563	22710	26744	30140	36053	41421	43719	56470	56178	73659	328524	1060229	3562510	7521328	3889383	11742802	9408002	15851518	38730977	21252689	13153259	36502324	14188488	20584323	2559488	0	0
LFQ	70	11191	202	777	752	1111	17632	2846	3007	3639	3725	5269	6365	6685	7349	10334	10464	12004	14837	15425	18929	19590	22021	25645	30625	34919	38969	45939	57609	55445	71211	310209	1025066	3737266	7176100	4518646	10445698	11127652	13589745	39244371	22207144	13526854	34738761	15365608	20244660	3075090	0	0
LFQ	71	23169	83	854	773	1366	18556	2883	3568	4088	4246	4677	7684	6650	8839	10166	10266	14732	13971	17457	18105	20700	23205	27420	29890	32899	41066	42537	57288	56226	73413	323735	1049804	3721830	7399016	4547360	10853984	10696754	14975339	39940622	20564792	13746530	35651716	14632463	19519070	2672896	0	0
LFQ	72	163	162	749	795	1015	17405	2799	3059	3924	3243	4584	6286	6625	8486	9790	8530	13345	14267	15757	17531	20530	20768	26220	29429	33038	38235	41110	54491	56234	72626	316307	1023216	3724910	7269898	4223958	11221073	10124964	15103151	38303536	22468131	12979384	35565946	14721321	20104955	3174902	0	0
LFQ	73	1130	210	665	809	1069	18431	2730	3095	3410	3959	5166	6837	7130	8458	9622	10829	14518	14155	16052	18745	19981	21772	25737	31374	33952	41510	45441	61304	63066	75434	318889	1018946	3686122	7295644	4093798	11107797	10563692	13752665	39483903	21941067	13409004	34842972	15419195	20282350	3060937	0	0
LFQ	74	1804	199	834	1133	1197	21256	3190	3405	4365	4290	5177	7367	7282	9388	10534	11387	13449	16196	15854	21349	20940	22723	28933	34466	36159	46465	49315	60036	64130	75118	323229	1051829	3699856	7442653	4155010	11482800	9977606	15516020	39406231	20367774	13689417	36302178	13809310	20938621	2068231	0	0
LFQ	75	543	163	727	848	1133	18765	2599	3077	4061	3133	5118	7070	7028	8237	8952	10435	13830	14154	15181	18041	20751	22129	25427	32202	33110	40228	43482	56655	55378	72141	310694	1029626	3710087	7524776	4077069	11791252	9765296	15672016	39446104	20323772	13610611	36388919	14079769	20602234	1935334	0	0
LFQ	76	1119	166	746	977	948	18782	2760	3444	3698	3949	4634	7115	7241	7857	9925	11686	13277	14630	14651	19409	18815	21206	24154	31034	31881	37962	50827	60686	61190	84385	319313	1091504	3723075	7444172	4311541	11133495	10429062	15348460	39924559	19700090	13981462	36241128	13751974	20618555	2214088	0	0
LFQ	77	317	165	811	1124	1068	19729	2834	3228	4326	4333	4623	6590	7450	8981	10872	9766	14751	15508	15388	20983	20472	23699	26916	32145	36277	42601	47653	60409	62830	79385	319747	1018634	3626143	7506216	4119960	11584868	9741202	15706031	39525995	20035744	13542982	36523626	13803915	20980199	2165689	0	0
LFQ	78	1949	199	823	1143	1082	20244	3003	3128	4078	3940	5314	6423	7900	7650	10918	10386	14165	15073	15862	21240	20558	23218	25966	34782	36160	45536	50244	61387	64797	76301	334526	1035529	3662610	7595104	4029436	12028951	9354421	16370801	39737495	19707169	13328924	37113374	13415254	20696165	1766450	0	0
LFQ	79	3705	159	776	1111	1308	24106	2834	4072	4772	4966	5506	8118	9110	9744	11744	12412	15785	18163	17076	23891	21603	26216	29249	36494	42030	48636	52310	68369	72302	87030	356246	1055174	3667562	7517643	4024547	11723475	9838494	15707412	39699458	19726894	14023345	35956725	13831614	20886318	2072369	0	0
LFQ	80	815	237	1077	1018	1261	21373	2875	3942	4201	4564	5027	7370	8012	8263	11419	11358	13663	15911	17415	21811	20606	28084	26420	35897	39530	45500	52095	66504	68008	81754	331814	1056568	3667041	7370681	4406560	11240658	10117412	15786945	38391691	21598555	13231501	35862224	14423008	19764053	2856181	0	0
LFQ	81	5624	176	762	1203	969	21608	3039	3753	3913	4736	4969	7943	7889	9970	10321	13218	14709	16768	17355	21321	20696	26407	27190	35010	39208	45289	53869	70522	70874	84096	338907	1027788	3658003	7396146	4242406	11780892	9719988	16071068	38820196	20791185	13272450	36189574	13921421	20489682	2350656	0	0
LFQ	82	3799	180	1043	1084	1155	23023	3601	3767	4820	4073	5637	8338	8499	10010	11427	11785	16847	17750	17921	23242	21277	30315	26506	38381	42886	45703	55597	72167	77481	89139	350803	1018659	3960456	7123077	5260534	10958108	11005232	16449670	39375747	18899569	15133180	34893845	14807631	18878259	1896939	0	0
LFQ	83	7295	97	768	1177	1483	25191	3227	3898	5263	4250	5997	8542	8941	10798	11825	13087	16559	18679	18822	23901	23110	27459	32820	39382	46433	50605	58323	73915	84111	86844	356579	1030989	3674261	7307223	4535461	10866776	10624175	15130602	38392062	21357130	13771846	34723204	15168743	19396503	3616099	0	0
LFQ	84	5595	144	1095	1109	1570	26455	3428	4456	4617	5314	5930	8691	9741	11074	12123	14372	18062	17912	21439	24894	23967	30478	33390	38687	44205	54620	57436	77038	79942	93025	363590	1037871	3969906	7159331	5048818	11223730	10247644	17762011	37940635	20178852	14729481	34231211	15183440	18205111	2624779	0	0
LFQ	85	3704	295	1061	1144	1388	26034	3558	3977	4583	5440	6451	8595	9134	10667	13409	13416	17064	19292	19511	26692	25311	29714	32427	40299	45323	51974	65810	73545	83234	96975	367921	1015762	3976886	7194422	5076007	11206804	10340468	17401072	39471956	18302663	15385978	34508126	14966373	18720643	1932339	0	0
LFQ	86	10121	210	1166	1156	1438	28910	3965	4318	4516	6300	6333	9913	9629	11599	14974	15428	18170	21430	21479	29529	25657	34591	32571	46189	44263	58083	67532	80880	88987	101044	384999	1030682	3796439	7358753	4602380	11632580	9906201	16772202	39368294	19201930	14176972	35892569	13810210	19750097	2093453	0	0
LFQ	87	12203	229	1188	1288	1123	27582	3727	4384	5020	4915	6302	9589	9879	12414	12757	13721	19857	20055	22210	27418	26960	32903	31880	43289	47858	52536	72010	71805	89729	115095	401327	1154778	3911442	7019821	5115410	11085917	10720230	16309877	39451846	19665412	14263335	34940111	14816440	18480400	2382904	0	0
LFQ	88	2196	171	1122	1207	1293	28270	4092	4688	4790	5451	6305	10742	9869	12292	12900	15092	19526	22354	21829	27981	25922	32749	32508	42374	52227	59787	68877	86117	92239	143468	350272	1201105	3783675	7368756	4526962	11707714	9819846	17366384	38640211	19736632	14657110	35083465	13914555	19615056	1845182	0	0
LFQ	89	8028	227	926	1533	1960	31921	4083	5256	6294	6561	7134	10477	10999	14548	14378	17008	20068	23251	23793	30967	27798	34887	36550	48439	54521	62345	78848	88243	87540	108097	393045	1040849	3749690	7309541	4553533	11650844	9722725	16675069	39266027	19522712	14179481	35685259	13861210	20097432	1826802	0	0
LFQ	90	5243	206	1308	994	1615	29040	3824	5009	5344	5146	6714	10016	10913	12455	13982	14584	20403	22622	22894	27886	29560	31108	36231	46490	50646	61742	68584	86084	94826	111201	383926	1063515	3761181	7557958	4403147	11913473	9854703	17648603	38941385	19111621	14364438	35757118	13552644	19458255	1724144	0	0
LFQ	91	7891	276	1173	1311	1593	31791	4502	4768	5712	5264	7813	10969	12134	12117	14664	18165	20953	23729	25264	30936	30064	36472	38849	50509	52999	65913	76200	91779	103640	107879	422200	1058654	3875798	7112261	5085635	11066715	10618978	16729925	38820675	19649133	14599872	34876203	14881003	18226184	2348505	0	0
LFQ	92	7321	265	1246	943	1590	29713	4069	4835	5562	5747	6968	10898	10629	11512	15805	14752	19464	22889	22517	29170	26441	34300	34078	50408	50377	62202	71232	81294	92507	100612	398012	1066771	3868026	7390733	4844890	11843676	9744525	18595587	39050085	18170357	15387845	34878730	13895847	18481067	1746329	0	0
LFQ	93	8817	112	1230	1114	1649	28591	3242	5755	4928	5792	6316	10011	10846	11317	13930	16672	17223	21821	23610	28777	28341	35413	34066	49064	45607	63708	71912	83600	86771	107368	395987	1036457	3844621	7134989	4847472	11131034	10323393	16578778	38728868	20346722	14130934	34899307	14391758	18733844	2747336	0	0
LFQ	94	8029	166	916	1138	1289	25772	3314	4285	5316	4988	6451	9201	9649	11708	12756	14870	18158	19632	21596	27130	26378	32518	37740	40281	50147	56732	71933	85587	87110	117443	388888	1133319	3788300	7253268	4650641	11810049	9843753	17383339	39140532	18997016	14386762	35574382	13752822	19197441	1905612	0	0
LFQ	95	0	0	0	0	0	0	0	0	0	0	0	0	0	0	0	0	0	0	0	0	0	0	0	565	3433	4351	14037	28975	46863	88546	436885	1156637	4391766	6756264	6099406	10971442	11105906	19700503	38099112	18046895	17080964	32664689	14696387	16997818	1531222	0	0
LFQ	96	0	0	0	0	0	0	0	0	0	0	0	0	0	0	0	0	0	0	0	0	0	0	0	560	3888	4665	13691	28235	46787	90602	403723	1044672	3808874	7066833	4760238	11188973	10475651	15645117	39423711	20383068	14392697	34350644	14933481	18995399	2663064	0	0
LFQ	97	0	0	0	0	0	0	0	0	0	0	0	0	0	0	0	0	0	0	0	0	0	0	0	477	3500	4094	12799	25910	43942	86127	417680	1035903	3840355	7385378	4596707	12113187	9566480	18080229	39429122	18558523	14830538	35407227	13610990	19050230	1522089	0	0
LFQ	98	0	0	0	0	0	0	0	0	0	0	0	0	0	0	0	0	0	0	0	0	0	0	0	561	3480	4085	14551	28657	50380	194970	319641	1343148	4116728	7060502	5611507	11316769	10903249	19308516	38671198	17490790	16862580	34087604	13575570	16866737	1683879	0	0
LFQ	99	0	0	0	0	0	0	0	0	0	0	0	0	0	0	0	0	0	0	0	0	0	0	0	629	4179	4732	15085	29791	49010	111420	415110	1165720	4713263	6829464	7305421	10129721	13138090	21581492	37178956	15678734	20589301	30111527	15061182	13737134	1527406	0	0
LFQ	100	0	0	0	0	0	0	0	0	0	0	0	0	0	0	0	0	0	0	0	0	0	0	0	1541	5575	4516	22192	41252	55760	419539	505655	3343180	7163945	6583389	10514768	10551225	20439127	37433857	18266980	17656977	32105140	16118184	15316347	2683071	0	0	0
# GC Content of first fragments. Use `grep ^GCF | cut -f 2-` to extract this part.
GCF	1.76	0
GCF	4.02	1
GCF	5.03	6
GCF	6.03	9
GCF	7.04	11
GCF	8.04	41
GCF	8.79	146
GCF	9.30	150
GCF	9.80	281
GCF	10.30	279
GCF	10.80	701
GCF	11.31	702
GCF	12.06	1672
GCF	12.81	3982
GCF	13.32	3985
GCF	13.82	7614
GCF	14.32	7611
GCF	14.82	14376
GCF	15.33	14380
GCF	15.83	26765
GCF	16.33	26766
GCF	16.83	50414
GCF	17.34	50416
GCF	17.84	88969
GCF	18.34	88991
GCF	18.84	147810
GCF	19.35	147817
GCF	19.85	233298
GCF	20.35	233300
GCF	20.85	345925
GCF	21.36	345947
GCF	21.86	496254
GCF	22.36	496268
GCF	22.86	693731
GCF	23.37	693830
GCF	23.87	923136
GCF	24.37	923450
GCF	24.87	1196442
GCF	25.38	1196795
GCF	25.88	1511980
GCF	26.38	1512755
GCF	26.88	1855739
GCF	27.39	1856504
GCF	27.89	2229282
GCF	28.39	2230330
GCF	28.89	2623422
GCF	29.40	2624916
GCF	29.90	3012180
GCF	30.40	3014173
GCF	30.90	3413640
GCF	31.41	3416703
GCF	31.91	3804868
GCF	32.41	3808315
GCF	32.91	4178293
GCF	33.42	4180389
GCF	33.92	4519055
GCF	34.42	4521586
GCF	34.92	4823839
GCF	35.43	4826551
GCF	35.93	5089038
GCF	36.43	5091620
GCF	36.93	5334273
GCF	37.44	5337468
GCF	37.94	5496233
GCF	38.44	5498718
GCF	38.94	5586386
GCF	39.45	5588126
GCF	39.95	5617709
GCF	40.45	5619612
GCF	40.95	5573775
GCF	41.46	5575119
GCF	41.96	5483122
GCF	42.46	5483774
GCF	42.96	5357450
GCF	43.47	5357659
GCF	43.97	5222128
GCF	44.47	5222661
GCF	44.97	5077882
GCF	45.48	5077493
GCF	45.98	4918346
GCF	46.48	4918483
GCF	46.98	4772167
GCF	47.49	4771475
GCF	47.99	4658978
GCF	48.49	4658374
GCF	48.99	4560865
GCF	49.50	4560726
GCF	50.00	4497029
GCF	50.50	4497150
GCF	51.01	4446451
GCF	51.51	4447026
GCF	52.01	4422394
GCF	52.51	4422517
GCF	53.02	4430907
GCF	53.52	4431743
GCF	54.02	4466347
GCF	54.52	4466396
GCF	55.03	4528146
GCF	55.53	4529200
GCF	56.03	4598220
GCF	56.53	4598837
GCF	57.04	4652561
GCF	57.54	4652125
GCF	58.04	4695792
GCF	58.54	4695778
GCF	59.05	4714123
GCF	59.55	4713763
GCF	60.05	4702616
GCF	60.55	4702135
GCF	61.06	4620291
GCF	61.56	4619401
GCF	62.06	4469655
GCF	62.56	4467783
GCF	63.07	4264939
GCF	63.57	4262370
GCF	64.07	4002690
GCF	64.57	4000856
GCF	65.08	3678323
GCF	65.58	3676318
GCF	66.08	3323091
GCF	66.58	3320958
GCF	67.09	2989446
GCF	67.59	2985859
GCF	68.09	2615449
GCF	68.59	2611788
GCF	69.10	2244803
GCF	69.60	2241798
GCF	70.10	1893602
GCF	70.60	1890501
GCF	71.11	1564025
GCF	71.61	1561929
GCF	72.11	1294053
GCF	72.61	1292022
GCF	73.12	1062061
GCF	73.62	1060731
GCF	74.12	885193
GCF	74.62	884158
GCF	75.13	739089
GCF	75.63	737837
GCF	76.13	606871
GCF	76.63	606015
GCF	77.14	496992
GCF	77.64	496366
GCF	78.14	408461
GCF	78.64	407866
GCF	79.15	325042
GCF	79.65	324658
GCF	80.15	252676
GCF	80.65	252165
GCF	81.16	192112
GCF	81.66	191801
GCF	82.16	142491
GCF	82.66	142157
GCF	83.17	100405
GCF	83.67	100213
GCF	84.17	67462
GCF	84.67	67277
GCF	85.18	44994
GCF	85.68	44873
GCF	86.18	28574
GCF	86.68	28442
GCF	87.19	17479
GCF	87.69	17414
GCF	88.19	10589
GCF	88.69	10548
GCF	89.20	5522
GCF	89.70	5498
GCF	90.20	2874
GCF	90.70	2839
GCF	91.21	1236
GCF	91.71	1207
GCF	92.21	457
GCF	92.71	458
GCF	93.22	153
GCF	93.72	144
GCF	94.22	53
GCF	94.72	49
GCF	95.23	16
GCF	95.73	12
GCF	96.23	13
GCF	96.73	9
GCF	97.24	10
GCF	97.74	9
GCF	98.99	6
# GC Content of last fragments. Use `grep ^GCL | cut -f 2-` to extract this part.
GCL	1.26	0
GCL	3.02	2
GCL	4.02	7
GCL	5.03	11
GCL	6.03	19
GCL	7.04	28
GCL	8.04	55
GCL	8.79	184
GCL	9.30	185
GCL	10.05	319
GCL	11.06	693
GCL	12.06	1643
GCL	12.81	3966
GCL	13.32	3971
GCL	13.82	7498
GCL	14.32	7496
GCL	14.82	14185
GCL	15.33	14190
GCL	15.83	26216
GCL	16.33	26223
GCL	16.83	49230
GCL	17.34	49231
GCL	17.84	87858
GCL	18.34	87860
GCL	18.84	145419
GCL	19.35	145425
GCL	19.85	230513
GCL	20.35	230514
GCL	20.85	341044
GCL	21.36	341060
GCL	21.86	492866
GCL	22.36	492887
GCL	22.86	689693
GCL	23.37	689774
GCL	23.87	918511
GCL	24.37	918787
GCL	24.87	1190823
GCL	25.38	1191134
GCL	25.88	1505507
GCL	26.38	1506149
GCL	26.88	1847753
GCL	27.39	1848514
GCL	27.89	2219997
GCL	28.39	2221015
GCL	28.89	2617251
GCL	29.40	2618770
GCL	29.90	3004716
GCL	30.40	3006596
GCL	30.90	3403728
GCL	31.41	3406730
GCL	31.91	3791182
GCL	32.41	3794586
GCL	32.91	4159657
GCL	33.42	4161867
GCL	33.92	4509576
GCL	34.42	4512092
GCL	34.92	4808120
GCL	35.43	4810742
GCL	35.93	5082058
GCL	36.43	5084619
GCL	36.93	5315234
GCL	37.44	5318467
GCL	37.94	5481273
GCL	38.44	5483856
GCL	38.94	5582662
GCL	39.45	5584129
GCL	39.95	5613819
GCL	40.45	5615588
GCL	40.95	5570883
GCL	41.46	5572228
GCL	41.96	5477699
GCL	42.46	5478398
GCL	42.96	5353777
GCL	43.47	5353991
GCL	43.97	5223599
GCL	44.47	5223983
GCL	44.97	5078028
GCL	45.48	5077791
GCL	45.98	4925966
GCL	46.48	4925954
GCL	46.98	4781672
GCL	47.49	4781106
GCL	47.99	4666636
GCL	48.49	4666065
GCL	48.99	4571490
GCL	49.50	4571298
GCL	50.00	4511861
GCL	50.50	4512041
GCL	51.01	4467409
GCL	51.51	4467709
GCL	52.01	4441788
GCL	52.51	4441963
GCL	53.02	4452559
GCL	53.52	4453402
GCL	54.02	4480874
GCL	54.52	4481122
GCL	55.03	4547410
GCL	55.53	4548340
GCL	56.03	4611157
GCL	56.53	4611778
GCL	57.04	4667361
GCL	57.54	4667026
GCL	58.04	4703293
GCL	58.54	4703166
GCL	59.05	4721363
GCL	59.55	4721159
GCL	60.05	4701824
GCL	60.55	4701526
GCL	61.06	4621528
GCL	61.56	4620536
GCL	62.06	4471452
GCL	62.56	4469525
GCL	63.07	4258037
GCL	63.57	4255354
GCL	64.07	3998129
GCL	64.57	3995847
GCL	65.08	3672087
GCL	65.58	3670217
GCL	66.08	3317591
GCL	66.58	3315430
GCL	67.09	2989687
GCL	67.59	2985978
GCL	68.09	2616654
GCL	68.59	2613120
GCL	69.10	2246919
GCL	69.60	2243901
GCL	70.10	1895877
GCL	70.60	1892758
GCL	71.11	1565197
GCL	71.61	1563140
GCL	72.11	1292963
GCL	72.61	1291083
GCL	73.12	1066712
GCL	73.62	1065271
GCL	74.12	890533
GCL	74.62	889616
GCL	75.13	747188
GCL	75.63	745864
GCL	76.13	615708
GCL	76.63	614890
GCL	77.14	507326
GCL	77.64	506695
GCL	78.14	419669
GCL	78.64	419051
GCL	79.15	338672
GCL	79.65	338293
GCL	80.15	265758
GCL	80.65	265266
GCL	81.16	205116
GCL	81.66	204793
GCL	82.16	153209
GCL	82.66	152887
GCL	83.17	109271
GCL	83.67	109069
GCL	84.17	74020
GCL	84.67	73835
GCL	85.18	50827
GCL	85.68	50716
GCL	86.18	32175
GCL	86.68	32052
GCL	87.19	19405
GCL	87.69	19335
GCL	88.19	11631
GCL	88.69	11588
GCL	89.20	6040
GCL	89.70	6009
GCL	90.20	3309
GCL	90.70	3279
GCL	91.21	1368
GCL	91.71	1341
GCL	92.46	538
GCL	93.22	239
GCL	93.72	232
GCL	94.22	88
GCL	94.72	83
GCL	95.23	36
GCL	95.73	31
GCL	96.23	33
GCL	96.73	28
GCL	97.24	14
GCL	97.74	13
GCL	98.49	17
GCL	99.50	11
# ACGT content per cycle. Use `grep ^GCC | cut -f 2-` to extract this part. The columns are: cycle; A,C,G,T base counts as a percentage of all A/C/G/T bases [%]; and N and O counts as a percentage of all A/C/G/T bases [%]
GCC	1	16.85	33.13	33.11	16.91	0.11	0.00
GCC	2	30.11	19.87	19.82	30.20	0.04	0.00
GCC	3	26.74	23.22	23.20	26.84	0.04	0.00
GCC	4	26.75	23.21	23.20	26.84	0.02	0.00
GCC	5	26.84	23.13	23.11	26.92	0.01	0.00
GCC	6	27.14	22.84	22.80	27.22	0.02	0.00
GCC	7	27.81	22.17	22.13	27.89	0.01	0.00
GCC	8	24.92	25.07	25.04	24.97	0.01	0.00
GCC	9	25.37	24.61	24.59	25.44	0.00	0.00
GCC	10	28.34	21.65	21.61	28.41	0.01	0.00
GCC	11	21.40	28.59	28.56	21.45	0.01	0.00
GCC	12	23.64	26.35	26.32	23.69	0.01	0.00
GCC	13	26.40	23.58	23.55	26.47	0.01	0.00
GCC	14	26.37	23.63	23.57	26.44	0.00	0.00
GCC	15	26.00	23.97	23.95	26.07	0.00	0.00
GCC	16	25.92	24.05	24.03	26.00	0.01	0.00
GCC	17	25.95	24.03	23.99	26.03	0.00	0.00
GCC	18	25.86	24.13	24.10	25.91	0.00	0.00
GCC	19	25.80	24.18	24.15	25.87	0.00	0.00
GCC	20	25.85	24.14	24.10	25.92	0.00	0.00
GCC	21	25.83	24.15	24.13	25.89	0.01	0.00
GCC	22	25.77	24.22	24.18	25.83	0.00	0.00
GCC	23	25.86	24.11	24.10	25.93	0.00	0.00
GCC	24	25.98	24.01	23.97	26.04	0.01	0.00
GCC	25	25.91	24.07	24.03	25.98	0.01	0.00
GCC	26	25.93	24.05	24.02	26.00	0.01	0.00
GCC	27	25.89	24.10	24.07	25.95	0.01	0.00
GCC	28	25.80	24.19	24.14	25.86	0.00	0.00
GCC	29	25.81	24.17	24.14	25.88	0.02	0.00
GCC	30	25.89	24.09	24.06	25.96	0.00	0.00
GCC	31	25.84	24.15	24.12	25.89	0.01	0.00
GCC	32	25.88	24.10	24.07	25.95	0.00	0.00
GCC	33	25.89	24.09	24.06	25.96	0.00	0.00
GCC	34	25.81	24.19	24.14	25.87	0.00	0.00
GCC	35	25.81	24.17	24.13	25.88	0.00	0.00
GCC	36	25.85	24.14	24.09	25.92	0.01	0.00
GCC	37	25.75	24.23	24.20	25.82	0.00	0.00
GCC	38	25.82	24.16	24.13	25.88	0.01	0.00
GCC	39	25.85	24.14	24.11	25.91	0.01	0.00
GCC	40	25.79	24.20	24.17	25.85	0.01	0.00
GCC	41	25.80	24.19	24.14	25.87	0.00	0.00
GCC	42	25.84	24.14	24.11	25.90	0.00	0.00
GCC	43	25.74	24.24	24.21	25.81	0.00	0.00
GCC	44	25.76	24.22	24.19	25.82	0.00	0.00
GCC	45	25.78	24.21	24.16	25.84	0.00	0.00
GCC	46	25.70	24.28	24.25	25.77	0.00	0.00
GCC	47	25.75	24.24	24.21	25.80	0.00	0.00
GCC	48	25.78	24.20	24.17	25.85	0.00	0.00
GCC	49	25.73	24.26	24.22	25.80	0.00	0.00
GCC	50	25.75	24.24	24.19	25.82	0.00	0.00
GCC	51	25.78	24.20	24.15	25.86	0.00	0.00
GCC	52	25.70	24.27	24.24	25.79	0.00	0.00
GCC	53	25.71	24.27	24.24	25.78	0.00	0.00
GCC	54	25.76	24.22	24.19	25.82	0.00	0.00
GCC	55	25.65	24.33	24.30	25.72	0.00	0.00
GCC	56	25.69	24.29	24.24	25.78	0.01	0.00
GCC	57	25.71	24.27	24.24	25.77	0.00	0.00
GCC	58	25.65	24.34	24.29	25.72	0.00	0.00
GCC	59	25.72	24.27	24.24	25.77	0.00	0.00
GCC	60	25.75	24.24	24.20	25.81	0.00	0.00
GCC	61	25.68	24.31	24.26	25.75	0.00	0.00
GCC	62	25.70	24.28	24.24	25.78	0.01	0.00
GCC	63	25.74	24.25	24.21	25.80	0.00	0.00
GCC	64	25.64	24.35	24.31	25.70	0.00	0.00
GCC	65	25.69	24.30	24.27	25.74	0.00	0.00
GCC	66	25.69	24.29	24.25	25.76	0.01	0.00
GCC	67	25.63	24.36	24.32	25.69	0.01	0.00
GCC	68	25.68	24.31	24.26	25.75	0.01	0.00
GCC	69	25.70	24.29	24.25	25.76	0.00	0.00
GCC	70	25.67	24.31	24.28	25.75	0.01	0.00
GCC	71	25.68	24.31	24.27	25.74	0.01	0.00
GCC	72	25.73	24.26	24.22	25.80	0.00	0.00
GCC	73	25.66	24.34	24.28	25.72	0.00	0.00
GCC	74	25.67	24.33	24.28	25.73	0.00	0.00
GCC	75	25.71	24.28	24.24	25.77	0.00	0.00
GCC	76	25.60	24.38	24.35	25.67	0.00	0.00
GCC	77	25.65	24.33	24.29	25.73	0.00	0.00
GCC	78	25.68	24.31	24.27	25.75	0.00	0.00
GCC	79	25.63	24.36	24.32	25.70	0.00	0.00
GCC	80	25.67	24.32	24.27	25.75	0.00	0.00
GCC	81	25.72	24.26	24.23	25.79	0.00	0.00
GCC	82	25.68	24.31	24.27	25.75	0.00	0.00
GCC	83	25.66	24.31	24.28	25.75	0.00	0.00
GCC	84	25.72	24.27	24.23	25.79	0.00	0.00
GCC	85	25.58	24.40	24.36	25.66	0.00	0.00
GCC	86	25.68	24.30	24.28	25.74	0.00	0.00
GCC	87	25.67	24.30	24.29	25.74	0.00	0.00
GCC	88	25.63	24.35	24.31	25.71	0.00	0.00
GCC	89	25.66	24.33	24.28	25.72	0.00	0.00
GCC	90	25.70	24.29	24.24	25.76	0.00	0.00
GCC	91	25.66	24.33	24.29	25.73	0.00	0.00
GCC	92	25.69	24.28	24.26	25.77	0.00	0.00
GCC	93	25.73	24.25	24.23	25.80	0.00	0.00
GCC	94	25.69	24.30	24.27	25.75	0.00	0.00
GCC	95	25.67	24.32	24.27	25.73	0.00	0.00
GCC	96	25.67	24.32	24.28	25.73	0.00	0.00
GCC	97	25.65	24.33	24.29	25.72	0.00	0.00
GCC	98	25.65	24.33	24.30	25.72	0.00	0.00
GCC	99	25.68	24.31	24.27	25.75	0.00	0.00
GCC	100	25.66	24.31	24.29	25.74	0.00	0.00
# ACGT content per cycle, read oriented. Use `grep ^GCT | cut -f 2-` to extract this part. The columns are: cycle; A,C,G,T base counts as a percentage of all A/C/G/T bases [%]
GCT	1	15.22	36.22	30.02	18.54
GCT	2	23.02	21.57	18.12	37.29
GCT	3	26.84	22.60	23.82	26.74
GCT	4	33.52	22.35	24.07	20.06
GCT	5	32.36	22.06	24.17	21.41
GCT	6	32.66	21.40	24.23	21.71
GCT	7	20.48	23.94	20.36	35.23
GCT	8	22.77	27.15	22.96	27.12
GCT	9	22.10	27.08	22.11	28.71
GCT	10	32.60	20.35	22.91	24.15
GCT	11	23.97	28.46	28.69	18.88
GCT	12	22.14	28.32	24.35	25.19
GCT	13	25.07	24.56	22.57	27.80
GCT	14	25.31	24.29	22.90	27.50
GCT	15	25.45	24.71	23.21	26.62
GCT	16	25.73	24.90	23.18	26.18
GCT	17	26.18	24.64	23.38	25.80
GCT	18	26.01	24.67	23.56	25.76
GCT	19	25.90	24.55	23.78	25.77
GCT	20	25.74	24.62	23.61	26.02
GCT	21	25.53	24.76	23.52	26.19
GCT	22	25.36	24.76	23.65	26.23
GCT	23	25.38	24.60	23.60	26.42
GCT	24	25.55	24.43	23.54	26.48
GCT	25	25.57	24.44	23.67	26.32
GCT	26	25.58	24.38	23.70	26.34
GCT	27	25.49	24.49	23.67	26.34
GCT	28	25.45	24.55	23.78	26.22
GCT	29	25.45	24.51	23.80	26.24
GCT	30	25.57	24.46	23.68	26.28
GCT	31	25.52	24.51	23.76	26.21
GCT	32	25.56	24.43	23.74	26.27
GCT	33	25.54	24.43	23.72	26.31
GCT	34	25.49	24.50	23.83	26.18
GCT	35	25.53	24.44	23.86	26.17
GCT	36	25.52	24.48	23.75	26.25
GCT	37	25.45	24.60	23.84	26.11
GCT	38	25.50	24.48	23.81	26.21
GCT	39	25.49	24.48	23.76	26.27
GCT	40	25.47	24.48	23.88	26.17
GCT	41	25.50	24.45	23.88	26.17
GCT	42	25.51	24.45	23.81	26.23
GCT	43	25.45	24.53	23.93	26.10
GCT	44	25.49	24.47	23.94	26.10
GCT	45	25.47	24.47	23.90	26.16
GCT	46	25.42	24.56	23.98	26.04
GCT	47	25.46	24.47	23.97	26.09
GCT	48	25.46	24.48	23.89	26.16
GCT	49	25.47	24.50	23.98	26.06
GCT	50	25.50	24.48	23.95	26.07
GCT	51	25.51	24.45	23.91	26.13
GCT	52	25.48	24.47	24.04	26.01
GCT	53	25.49	24.45	24.06	26.00
GCT	54	25.53	24.41	24.01	26.06
GCT	55	25.42	24.53	24.10	25.95
GCT	56	25.48	24.46	24.07	25.98
GCT	57	25.47	24.49	24.03	26.01
GCT	58	25.46	24.51	24.11	25.91
GCT	59	25.53	24.41	24.10	25.96
GCT	60	25.55	24.40	24.04	26.01
GCT	61	25.51	24.45	24.12	25.91
GCT	62	25.54	24.40	24.12	25.94
GCT	63	25.56	24.38	24.08	25.97
GCT	64	25.50	24.45	24.20	25.84
GCT	65	25.56	24.37	24.20	25.88
GCT	66	25.54	24.41	24.14	25.91
GCT	67	25.51	24.47	24.20	25.82
GCT	68	25.59	24.40	24.17	25.85
GCT	69	25.57	24.41	24.13	25.89
GCT	70	25.57	24.40	24.19	25.84
GCT	71	25.58	24.37	24.21	25.85
GCT	72	25.63	24.32	24.15	25.90
GCT	73	25.60	24.37	24.25	25.78
GCT	74	25.62	24.33	24.27	25.78
GCT	75	25.63	24.33	24.19	25.85
GCT	76	25.57	24.42	24.30	25.70
GCT	77	25.62	24.35	24.27	25.76
GCT	78	25.62	24.34	24.23	25.80
GCT	79	25.59	24.38	24.30	25.73
GCT	80	25.66	24.32	24.27	25.75
GCT	81	25.70	24.28	24.20	25.81
GCT	82	25.68	24.29	24.29	25.74
GCT	83	25.70	24.24	24.35	25.71
GCT	84	25.70	24.25	24.25	25.80
GCT	85	25.60	24.37	24.40	25.63
GCT	86	25.68	24.24	24.34	25.74
GCT	87	25.69	24.27	24.32	25.72
GCT	88	25.72	24.29	24.38	25.61
GCT	89	25.72	24.25	24.37	25.66
GCT	90	25.74	24.25	24.29	25.73
GCT	91	25.64	24.33	24.28	25.75
GCT	92	25.71	24.24	24.30	25.75
GCT	93	25.73	24.22	24.26	25.80
GCT	94	25.76	24.23	24.33	25.67
GCT	95	25.76	24.19	24.40	25.65
GCT	96	25.71	24.20	24.40	25.69
GCT	97	25.75	24.21	24.42	25.62
GCT	98	25.69	24.19	24.45	25.68
GCT	99	25.78	24.15	24.43	25.65
GCT	100	25.75	24.14	24.46	25.65
# ACGT content per cycle for first fragments. Use `grep ^FBC | cut -f 2-` to extract this part. The columns are: cycle; A,C,G,T base counts as a percentage of all A/C/G/T bases [%]; and N and O counts as a percentage of all A/C/G/T bases [%]
FBC	1	17.43	32.56	32.53	17.49	0.21	0.00
FBC	2	30.27	19.71	19.66	30.37	0.07	0.00
FBC	3	26.74	23.22	23.20	26.84	0.09	0.00
FBC	4	26.70	23.26	23.25	26.78	0.04	0.00
FBC	5	26.84	23.13	23.11	26.92	0.01	0.00
FBC	6	27.12	22.86	22.82	27.20	0.04	0.00
FBC	7	27.84	22.14	22.10	27.92	0.01	0.00
FBC	8	24.92	25.06	25.03	24.98	0.02	0.00
FBC	9	25.35	24.63	24.60	25.42	0.00	0.00
FBC	10	28.35	21.63	21.59	28.43	0.01	0.00
FBC	11	21.41	28.58	28.56	21.46	0.01	0.00
FBC	12	23.63	26.37	26.32	23.68	0.02	0.00
FBC	13	26.42	23.56	23.52	26.50	0.02	0.00
FBC	14	26.39	23.60	23.55	26.46	0.01	0.00
FBC	15	26.01	23.97	23.94	26.08	0.00	0.00
FBC	16	25.95	24.03	24.01	26.02	0.00	0.00
FBC	17	25.97	24.02	23.98	26.04	0.00	0.00
FBC	18	25.85	24.14	24.10	25.91	0.00	0.00
FBC	19	25.81	24.17	24.14	25.88	0.00	0.00
FBC	20	25.85	24.13	24.10	25.92	0.00	0.00
FBC	21	25.82	24.16	24.13	25.89	0.01	0.00
FBC	22	25.78	24.21	24.17	25.84	0.00	0.00
FBC	23	25.87	24.10	24.08	25.95	0.01	0.00
FBC	24	25.99	24.01	23.96	26.04	0.00	0.00
FBC	25	25.94	24.05	24.01	26.00	0.00	0.00
FBC	26	25.94	24.04	24.01	26.01	0.01	0.00
FBC	27	25.89	24.10	24.07	25.94	0.00	0.00
FBC	28	25.81	24.18	24.14	25.88	0.01	0.00
FBC	29	25.82	24.16	24.14	25.88	0.00	0.00
FBC	30	25.89	24.09	24.06	25.96	0.00	0.00
FBC	31	25.85	24.14	24.10	25.91	0.01	0.00
FBC	32	25.89	24.09	24.07	25.95	0.00	0.00
FBC	33	25.89	24.09	24.06	25.96	0.00	0.00
FBC	34	25.82	24.17	24.12	25.88	0.00	0.00
FBC	35	25.83	24.16	24.13	25.89	0.00	0.00
FBC	36	25.84	24.14	24.10	25.92	0.01	0.00
FBC	37	25.76	24.22	24.19	25.82	0.00	0.00
FBC	38	25.83	24.16	24.13	25.89	0.00	0.00
FBC	39	25.84	24.14	24.11	25.90	0.02	0.00
FBC	40	25.79	24.19	24.16	25.86	0.01	0.00
FBC	41	25.80	24.19	24.14	25.87	0.00	0.00
FBC	42	25.84	24.15	24.11	25.90	0.01	0.00
FBC	43	25.75	24.23	24.20	25.82	0.00	0.00
FBC	44	25.77	24.22	24.19	25.83	0.00	0.00
FBC	45	25.78	24.22	24.17	25.84	0.00	0.00
FBC	46	25.71	24.27	24.24	25.78	0.00	0.00
FBC	47	25.75	24.23	24.21	25.80	0.00	0.00
FBC	48	25.77	24.21	24.18	25.84	0.00	0.00
FBC	49	25.73	24.25	24.21	25.80	0.00	0.00
FBC	50	25.75	24.24	24.19	25.81	0.00	0.00
FBC	51	25.77	24.22	24.17	25.85	0.00	0.00
FBC	52	25.71	24.27	24.23	25.79	0.00	0.00
FBC	53	25.71	24.27	24.25	25.78	0.00	0.00
FBC	54	25.75	24.23	24.20	25.81	0.00	0.00
FBC	55	25.65	24.33	24.29	25.73	0.00	0.00
FBC	56	25.69	24.28	24.24	25.78	0.01	0.00
FBC	57	25.71	24.28	24.25	25.77	0.00	0.00
FBC	58	25.66	24.33	24.29	25.73	0.00	0.00
FBC	59	25.72	24.27	24.24	25.77	0.00	0.00
FBC	60	25.74	24.25	24.21	25.79	0.00	0.00
FBC	61	25.68	24.31	24.26	25.75	0.00	0.00
FBC	62	25.71	24.28	24.24	25.77	0.00	0.00
FBC	63	25.72	24.26	24.23	25.79	0.00	0.00
FBC	64	25.65	24.34	24.30	25.71	0.00	0.00
FBC	65	25.69	24.30	24.26	25.75	0.00	0.00
FBC	66	25.68	24.30	24.26	25.75	0.00	0.00
FBC	67	25.64	24.35	24.31	25.70	0.00	0.00
FBC	68	25.68	24.31	24.26	25.75	0.00	0.00
FBC	69	25.68	24.30	24.26	25.75	0.00	0.00
FBC	70	25.67	24.31	24.27	25.75	0.01	0.00
FBC	71	25.68	24.31	24.27	25.74	0.00	0.00
FBC	72	25.73	24.27	24.22	25.79	0.00	0.00
FBC	73	25.67	24.33	24.28	25.72	0.00	0.00
FBC	74	25.67	24.32	24.27	25.73	0.01	0.00
FBC	75	25.70	24.28	24.25	25.77	0.00	0.00
FBC	76	25.61	24.37	24.34	25.68	0.00	0.00
FBC	77	25.65	24.33	24.29	25.73	0.00	0.00
FBC	78	25.67	24.31	24.28	25.74	0.00	0.00
FBC	79	25.63	24.35	24.32	25.70	0.00	0.00
FBC	80	25.66	24.32	24.27	25.75	0.00	0.00
FBC	81	25.72	24.27	24.23	25.78	0.00	0.00
FBC	82	25.68	24.31	24.26	25.75	0.00	0.00
FBC	83	25.67	24.31	24.28	25.74	0.00	0.00
FBC	84	25.71	24.27	24.24	25.78	0.00	0.00
FBC	85	25.58	24.39	24.36	25.67	0.00	0.00
FBC	86	25.69	24.30	24.27	25.74	0.00	0.00
FBC	87	25.67	24.31	24.29	25.73	0.00	0.00
FBC	88	25.63	24.35	24.31	25.72	0.00	0.00
FBC	89	25.66	24.33	24.28	25.72	0.00	0.00
FBC	90	25.69	24.30	24.25	25.76	0.01	0.00
FBC	91	25.67	24.32	24.28	25.73	0.00	0.00
FBC	92	25.69	24.28	24.25	25.77	0.00	0.00
FBC	93	25.72	24.26	24.24	25.79	0.00	0.00
FBC	94	25.68	24.30	24.27	25.75	0.00	0.00
FBC	95	25.68	24.31	24.27	25.74	0.00	0.00
FBC	96	25.67	24.32	24.29	25.73	0.00	0.00
FBC	97	25.66	24.32	24.29	25.73	0.00	0.00
FBC	98	25.66	24.33	24.29	25.72	0.00	0.00
FBC	99	25.67	24.31	24.27	25.75	0.00	0.00
FBC	100	25.67	24.30	24.28	25.75	0.00	0.00
# ACGT raw counters for first fragments. Use `grep ^FTC | cut -f 2-` to extract this part. The columns are: A,C,G,T,N base counters
FTC	5166924956	4867943822	4860798750	5180566822	1609328
# ACGT content per cycle for last fragments. Use `grep ^LBC | cut -f 2-` to extract this part. The columns are: cycle; A,C,G,T base counts as a percentage of all A/C/G/T bases [%]; and N and O counts as a percentage of all A/C/G/T bases [%]
LBC	1	16.28	33.71	33.68	16.33	0.00	0.00
LBC	2	29.95	20.02	19.99	30.04	0.00	0.00
LBC	3	26.74	23.22	23.20	26.84	0.00	0.00
LBC	4	26.79	23.17	23.15	26.89	0.00	0.00
LBC	5	26.84	23.13	23.10	26.93	0.00	0.00
LBC	6	27.16	22.81	22.78	27.25	0.00	0.00
LBC	7	27.78	22.20	22.16	27.87	0.00	0.00
LBC	8	24.91	25.08	25.05	24.96	0.00	0.00
LBC	9	25.39	24.58	24.57	25.46	0.00	0.00
LBC	10	28.32	21.66	21.62	28.39	0.00	0.00
LBC	11	21.39	28.60	28.57	21.44	0.00	0.00
LBC	12	23.65	26.34	26.31	23.71	0.00	0.00
LBC	13	26.38	23.61	23.57	26.44	0.00	0.00
LBC	14	26.35	23.65	23.58	26.42	0.00	0.00
LBC	15	25.99	23.98	23.96	26.07	0.00	0.00
LBC	16	25.89	24.08	24.06	25.98	0.02	0.00
LBC	17	25.93	24.05	24.00	26.02	0.00	0.00
LBC	18	25.86	24.13	24.10	25.91	0.00	0.00
LBC	19	25.79	24.20	24.15	25.86	0.00	0.00
LBC	20	25.84	24.14	24.10	25.92	0.00	0.00
LBC	21	25.84	24.15	24.12	25.90	0.01	0.00
LBC	22	25.75	24.24	24.20	25.81	0.00	0.00
LBC	23	25.85	24.12	24.11	25.92	0.00	0.00
LBC	24	25.98	24.01	23.97	26.04	0.03	0.00
LBC	25	25.88	24.10	24.06	25.97	0.01	0.00
LBC	26	25.92	24.06	24.04	25.99	0.00	0.00
LBC	27	25.88	24.10	24.07	25.95	0.02	0.00
LBC	28	25.80	24.20	24.15	25.85	0.00	0.00
LBC	29	25.80	24.17	24.15	25.87	0.03	0.00
LBC	30	25.90	24.08	24.06	25.96	0.01	0.00
LBC	31	25.82	24.16	24.13	25.88	0.00	0.00
LBC	32	25.88	24.11	24.08	25.94	0.00	0.00
LBC	33	25.90	24.08	24.06	25.96	0.00	0.00
LBC	34	25.79	24.20	24.16	25.85	0.00	0.00
LBC	35	25.80	24.18	24.14	25.88	0.00	0.00
LBC	36	25.85	24.13	24.09	25.93	0.00	0.00
LBC	37	25.73	24.25	24.21	25.81	0.01	0.00
LBC	38	25.82	24.17	24.13	25.88	0.01	0.00
LBC	39	25.86	24.13	24.10	25.92	0.00	0.00
LBC	40	25.78	24.21	24.17	25.84	0.01	0.00
LBC	41	25.80	24.19	24.14	25.87	0.00	0.00
LBC	42	25.85	24.13	24.11	25.91	0.00	0.00
LBC	43	25.73	24.25	24.23	25.80	0.00	0.00
LBC	44	25.76	24.22	24.20	25.82	0.00	0.00
LBC	45	25.79	24.21	24.16	25.85	0.00	0.00
LBC	46	25.69	24.30	24.26	25.75	0.00	0.00
LBC	47	25.74	24.24	24.21	25.80	0.00	0.00
LBC	48	25.78	24.19	24.17	25.86	0.00	0.00
LBC	49	25.72	24.26	24.22	25.80	0.00	0.00
LBC	50	25.75	24.24	24.19	25.82	0.00	0.00
LBC	51	25.79	24.19	24.14	25.87	0.00	0.00
LBC	52	25.70	24.28	24.24	25.78	0.00	0.00
LBC	53	25.71	24.27	24.24	25.78	0.00	0.00
LBC	54	25.77	24.21	24.18	25.83	0.00	0.00
LBC	55	25.64	24.34	24.30	25.72	0.01	0.00
LBC	56	25.69	24.29	24.24	25.77	0.01	0.00
LBC	57	25.72	24.27	24.23	25.78	0.00	0.00
LBC	58	25.65	24.35	24.29	25.72	0.00	0.00
LBC	59	25.72	24.26	24.24	25.78	0.00	0.00
LBC	60	25.76	24.23	24.19	25.83	0.00	0.00
LBC	61	25.67	24.31	24.27	25.74	0.01	0.00
LBC	62	25.70	24.28	24.23	25.79	0.01	0.00
LBC	63	25.75	24.24	24.20	25.81	0.01	0.00
LBC	64	25.63	24.35	24.32	25.70	0.00	0.00
LBC	65	25.69	24.30	24.27	25.74	0.00	0.00
LBC	66	25.70	24.29	24.25	25.77	0.01	0.00
LBC	67	25.63	24.36	24.33	25.69	0.02	0.00
LBC	68	25.68	24.31	24.26	25.75	0.01	0.00
LBC	69	25.71	24.28	24.24	25.77	0.00	0.00
LBC	70	25.67	24.31	24.28	25.74	0.01	0.00
LBC	71	25.69	24.31	24.27	25.74	0.01	0.00
LBC	72	25.74	24.24	24.21	25.81	0.00	0.00
LBC	73	25.66	24.34	24.29	25.72	0.00	0.00
LBC	74	25.67	24.33	24.28	25.73	0.00	0.00
LBC	75	25.71	24.27	24.24	25.78	0.00	0.00
LBC	76	25.60	24.39	24.35	25.66	0.00	0.00
LBC	77	25.65	24.34	24.29	25.73	0.00	0.00
LBC	78	25.68	24.30	24.26	25.75	0.00	0.00
LBC	79	25.62	24.36	24.33	25.69	0.00	0.00
LBC	80	25.67	24.31	24.27	25.75	0.00	0.00
LBC	81	25.73	24.25	24.22	25.80	0.00	0.00
LBC	82	25.67	24.31	24.27	25.74	0.00	0.00
LBC	83	25.66	24.31	24.28	25.75	0.00	0.00
LBC	84	25.72	24.26	24.22	25.80	0.00	0.00
LBC	85	25.57	24.41	24.37	25.65	0.00	0.00
LBC	86	25.68	24.31	24.28	25.73	0.01	0.00
LBC	87	25.68	24.30	24.28	25.74	0.01	0.00
LBC	88	25.62	24.36	24.32	25.70	0.00	0.00
LBC	89	25.66	24.34	24.28	25.72	0.00	0.00
LBC	90	25.71	24.29	24.24	25.77	0.00	0.00
LBC	91	25.66	24.33	24.29	25.72	0.00	0.00
LBC	92	25.69	24.28	24.26	25.77	0.00	0.00
LBC	93	25.74	24.24	24.23	25.80	0.00	0.00
LBC	94	25.69	24.30	24.27	25.74	0.00	0.00
LBC	95	25.67	24.33	24.27	25.73	0.00	0.00
LBC	96	25.67	24.32	24.28	25.73	0.00	0.00
LBC	97	25.64	24.35	24.30	25.71	0.00	0.00
LBC	98	25.64	24.34	24.31	25.71	0.00	0.00
LBC	99	25.68	24.31	24.26	25.75	0.00	0.00
LBC	100	25.65	24.33	24.30	25.73	0.00	0.00
# ACGT raw counters for last fragments. Use `grep ^LTC | cut -f 2-` to extract this part. The columns are: A,C,G,T,N base counters
LTC	5166161662	4874496899	4867323845	5179986809	820850
# Insert sizes. Use `grep ^IS | cut -f 2-` to extract this part. The columns are: insert size, pairs total, inward oriented pairs, outward oriented pairs, other pairs
IS	0	12	0	11	1
IS	1	0	0	0	0
IS	2	100	0	100	0
IS	3	126	0	125	1
IS	4	131	0	131	0
IS	5	162	0	162	0
IS	6	123	0	123	0
IS	7	143	0	143	0
IS	8	144	0	144	0
IS	9	134	0	134	0
IS	10	123	0	123	0
IS	11	160	0	160	0
IS	12	159	0	159	0
IS	13	131	0	131	0
IS	14	166	0	166	0
IS	15	155	0	155	0
IS	16	174	0	174	0
IS	17	158	0	158	0
IS	18	192	0	192	0
IS	19	167	0	167	0
IS	20	151	1	150	0
IS	21	154	1	153	0
IS	22	194	3	191	0
IS	23	162	3	159	0
IS	24	180	0	180	0
IS	25	178	0	178	0
IS	26	201	4	197	0
IS	27	197	7	190	0
IS	28	200	8	192	0
IS	29	218	6	212	0
IS	30	255	21	234	0
IS	31	250	37	213	0
IS	32	303	59	244	0
IS	33	270	32	238	0
IS	34	370	87	283	0
IS	35	495	154	341	0
IS	36	551	186	365	0
IS	37	685	249	436	0
IS	38	734	242	490	2
IS	39	876	324	552	0
IS	40	856	357	498	1
IS	41	1022	409	611	2
IS	42	1123	470	651	2
IS	43	1190	505	680	5
IS	44	1500	670	823	7
IS	45	1725	769	950	6
IS	46	2027	947	1066	14
IS	47	2217	961	1243	13
IS	48	2601	1160	1431	10
IS	49	2810	1316	1482	12
IS	50	3035	1384	1633	18
IS	51	3379	1534	1831	14
IS	52	3609	1687	1914	8
IS	53	3986	1918	2055	13
IS	54	4410	2100	2288	22
IS	55	5025	2443	2557	25
IS	56	5586	2650	2905	31
IS	57	6347	3062	3266	19
IS	58	7145	3493	3628	24
IS	59	7764	3843	3892	29
IS	60	7838	3794	4004	40
IS	61	8674	4201	4451	22
IS	62	9199	4488	4686	25
IS	63	10317	4984	5299	34
IS	64	11074	5372	5673	29
IS	65	12092	5960	6098	34
IS	66	13435	6604	6799	32
IS	67	12009	5856	6119	34
IS	68	11399	5576	5791	32
IS	69	12405	6026	6353	26
IS	70	12884	6375	6476	33
IS	71	13966	6889	7055	22
IS	72	11506	5638	5836	32
IS	73	13186	6507	6645	34
IS	74	14703	7313	7354	36
IS	75	8819	4302	4473	44
IS	76	13735	6791	6899	45
IS	77	14581	7094	7455	32
IS	78	17147	8459	8647	41
IS	79	18279	9050	9191	38
IS	80	15466	7730	7697	39
IS	81	23014	11545	11431	38
IS	82	23003	11384	11587	32
IS	83	25497	12548	12911	38
IS	84	27988	13981	13967	40
IS	85	27506	13676	13791	39
IS	86	56664	28213	28410	41
IS	87	51416	25653	25712	51
IS	88	62093	31012	31019	62
IS	89	64984	32287	32655	42
IS	90	61591	30723	30827	41
IS	91	66362	33284	33040	38
IS	92	68653	34296	34320	37
IS	93	77004	38381	38577	46
IS	94	84790	42357	42392	41
IS	95	86535	43640	42854	41
IS	96	101175	50912	50226	37
IS	97	104813	52155	52606	52
IS	98	135841	67753	68048	40
IS	99	143413	71285	72072	56
IS	100	148346	74856	73452	38
IS	101	163369	163120	189	60
IS	102	171413	171276	86	51
IS	103	179566	179462	53	51
IS	104	188792	188709	32	51
IS	105	197591	197516	19	56
IS	106	207547	207466	25	56
IS	107	220092	220022	17	53
IS	108	233114	233046	15	53
IS	109	247663	247591	15	57
IS	110	260748	260686	13	49
IS	111	274361	274297	12	52
IS	112	286272	286209	8	55
IS	113	297779	297708	8	63
IS	114	309927	309860	8	59
IS	115	322326	322282	4	40
IS	116	335304	335233	15	56
IS	117	349842	349767	7	68
IS	118	366526	366453	16	57
IS	119	386930	386865	5	60
IS	120	405613	405542	14	57
IS	121	423767	423716	10	41
IS	122	438506	438444	5	57
IS	123	453565	453503	8	54
IS	124	468444	468372	9	63
IS	125	482169	482115	6	48
IS	126	497015	496957	1	57
IS	127	512231	512174	9	48
IS	128	531739	531660	12	67
IS	129	555530	555473	9	48
IS	130	579515	579452	11	52
IS	131	601103	601041	8	54
IS	132	621793	621725	7	61
IS	133	637798	637745	6	47
IS	134	654766	654702	9	55
IS	135	666220	666157	8	55
IS	136	680947	680879	13	55
IS	137	694438	694375	8	55
IS	138	714820	714753	14	53
IS	139	739488	739413	8	67
IS	140	763262	763201	9	52
IS	141	789048	788975	9	64
IS	142	810542	810483	8	51
IS	143	827135	827058	5	72
IS	144	842721	842659	5	57
IS	145	853332	853269	7	56
IS	146	866861	866814	6	41
IS	147	875153	875077	11	65
IS	148	890951	890894	7	50
IS	149	909935	909869	12	54
IS	150	934510	934433	14	63
IS	151	958604	958538	9	57
IS	152	981059	980993	6	60
IS	153	1000200	1000142	7	51
IS	154	1013014	1012938	13	63
IS	155	1021488	1021424	13	51
IS	156	1024149	1024107	6	36
IS	157	1027611	1027543	11	57
IS	158	1035972	1035916	6	50
IS	159	1046959	1046913	14	32
IS	160	1068043	1067966	15	62
IS	161	1092390	1092323	11	56
IS	162	1112149	1112091	4	54
IS	163	1131195	1131135	6	54
IS	164	1138326	1138277	3	46
IS	165	1143426	1143364	13	49
IS	166	1143477	1143429	1	47
IS	167	1140515	1140471	5	39
IS	168	1138573	1138517	5	51
IS	169	1142983	1142945	5	33
IS	170	1155181	1155125	4	52
IS	171	1174129	1174077	9	43
IS	172	1193610	1193554	8	48
IS	173	1210962	1210905	10	47
IS	174	1218437	1218395	6	36
IS	175	1218501	1218444	11	46
IS	176	1213298	1213250	5	43
IS	177	1204225	1204170	7	48
IS	178	1197058	1196999	11	48
IS	179	1192726	1192665	10	51
IS	180	1196726	1196685	6	35
IS	181	1207417	1207357	8	52
IS	182	1224225	1224180	8	37
IS	183	1239878	1239826	2	50
IS	184	1248810	1248752	10	48
IS	185	1249950	1249888	9	53
IS	186	1241610	1241573	8	29
IS	187	1225057	1225014	8	35
IS	188	1213071	1213018	7	46
IS	189	1202730	1202671	10	49
IS	190	1197680	1197632	2	46
IS	191	1205239	1205191	9	39
IS	192	1216702	1216659	2	41
IS	193	1229692	1229637	6	49
IS	194	1238817	1238775	7	35
IS	195	1240331	1240278	9	44
IS	196	1232414	1232366	5	43
IS	197	1217656	1217601	8	47
IS	198	1200679	1200632	7	40
IS	199	1185612	1185559	5	48
IS	200	1174930	1174897	7	26
IS	201	1172394	1172357	4	33
IS	202	1181421	1181393	4	24
IS	203	1192500	1192460	2	38
IS	204	1202225	1202175	3	47
IS	205	1204663	1204616	10	37
IS	206	1197583	1197539	5	39
IS	207	1185510	1185470	3	37
IS	208	1165541	1165504	2	35
IS	209	1145894	1145858	3	33
IS	210	1132527	1132492	5	30
IS	211	1123344	1123298	3	43
IS	212	1125867	1125833	4	30
IS	213	1132796	1132757	4	35
IS	214	1144747	1144704	9	34
IS	215	1145736	1145694	6	36
IS	216	1141836	1141787	5	44
IS	217	1129600	1129566	10	24
IS	218	1114966	1114926	9	31
IS	219	1092353	1092315	7	31
IS	220	1074509	1074474	7	28
IS	221	1063594	1063550	4	40
IS	222	1057102	1057072	0	30
IS	223	1061801	1061774	7	20
IS	224	1069451	1069403	6	42
IS	225	1074200	1074161	11	28
IS	226	1075189	1075160	4	25
IS	227	1066483	1066444	4	35
IS	228	1049639	1049592	5	42
IS	229	1029158	1029114	8	36
IS	230	1010394	1010339	3	52
IS	231	994825	994785	5	35
IS	232	986598	986557	11	30
IS	233	986247	986217	6	24
IS	234	990158	990125	5	28
IS	235	997957	997900	9	48
IS	236	999490	999452	2	36
IS	237	992898	992864	3	31
IS	238	978287	978246	2	39
IS	239	960589	960540	9	40
IS	240	941947	941917	4	26
IS	241	921890	921860	3	27
IS	242	908873	908848	2	23
IS	243	903039	903002	7	30
IS	244	905579	905543	3	33
IS	245	911355	911312	5	38
IS	246	913126	913099	6	21
IS	247	909536	909505	5	26
IS	248	898555	898529	5	21
IS	249	883969	883943	4	22
IS	250	863695	863674	0	21
IS	251	846287	846260	4	23
IS	252	829046	829012	4	30
IS	253	821528	821499	4	25
IS	254	818769	818738	2	29
IS	255	823986	823954	3	29
IS	256	828320	828278	5	37
IS	257	827096	827063	3	30
IS	258	819137	819106	2	29
IS	259	804448	804421	4	23
IS	260	788651	788633	3	15
IS	261	769710	769680	2	28
IS	262	752846	752820	5	21
IS	263	741015	740977	5	33
IS	264	736533	736493	9	31
IS	265	736811	736785	1	25
IS	266	739879	739856	2	21
IS	267	739513	739480	5	28
IS	268	735498	735471	3	24
IS	269	725049	725029	1	19
IS	270	711569	711539	8	22
IS	271	693531	693509	5	17
IS	272	677831	677805	4	22
IS	273	663146	663126	2	18
IS	274	656067	656037	3	27
IS	275	654226	654196	6	24
IS	276	656104	656086	5	13
IS	277	657064	657036	6	22
IS	278	653951	653934	2	15
IS	279	648626	648604	4	18
IS	280	635851	635827	6	18
IS	281	620696	620679	2	15
IS	282	604587	604563	2	22
IS	283	592355	592334	5	16
IS	284	580480	580457	2	21
IS	285	577217	577193	4	20
IS	286	576666	576642	3	21
IS	287	579412	579396	0	16
IS	288	577219	577190	4	25
IS	289	572100	572072	5	23
IS	290	563375	563349	3	23
IS	291	552545	552524	3	18
IS	292	536629	536608	0	21
IS	293	522102	522074	5	23
IS	294	512731	512709	2	20
IS	295	505773	505749	1	23
IS	296	504172	504149	5	18
IS	297	506084	506063	4	17
IS	298	504091	504075	0	16
IS	299	502415	502388	3	24
IS	300	495025	495001	3	21
IS	301	486205	486188	1	16
IS	302	473472	473453	2	17
IS	303	460572	460552	3	17
IS	304	450071	450045	6	20
IS	305	440455	440432	2	21
IS	306	437989	437962	2	25
IS	307	436825	436803	2	20
IS	308	437338	437307	8	23
IS	309	435453	435436	0	17
IS	310	432965	432937	1	27
IS	311	424087	424070	1	16
IS	312	414049	414038	0	11
IS	313	402518	402497	8	13
IS	314	392498	392478	2	18
IS	315	383646	383626	1	19
IS	316	379734	379716	3	15
IS	317	376908	376894	2	12
IS	318	376119	376105	1	13
IS	319	374728	374707	3	18
IS	320	371411	371394	0	17
IS	321	367865	367849	3	13
IS	322	360424	360408	1	15
IS	323	350530	350509	2	19
IS	324	341084	341068	3	13
IS	325	332335	332318	1	16
IS	326	326033	326017	2	14
IS	327	323429	323415	1	13
IS	328	321270	321253	1	16
IS	329	321639	321626	1	12
IS	330	320612	320603	0	9
IS	331	316012	315994	7	11
IS	332	311141	311122	4	15
IS	333	302338	302318	0	20
IS	334	295531	295515	0	16
IS	335	286286	286271	1	14
IS	336	280911	280893	0	18
IS	337	276825	276809	2	14
IS	338	274744	274731	3	10
IS	339	273503	273489	1	13
IS	340	272338	272318	2	18
IS	341	271103	271087	2	14
IS	342	266646	266622	3	21
IS	343	261157	261144	1	12
IS	344	254189	254177	1	11
IS	345	246513	246499	1	13
IS	346	240801	240789	1	11
IS	347	236525	236506	4	15
IS	348	233481	233465	0	16
IS	349	232208	232197	2	9
IS	350	232431	232411	6	14
IS	351	231469	231459	0	10
IS	352	227086	227068	2	16
IS	353	223612	223599	2	11
IS	354	217697	217680	1	16
IS	355	211994	211982	1	11
IS	356	205973	205958	4	11
IS	357	200796	200785	2	9
IS	358	198718	198699	3	16
IS	359	197008	196995	5	8
IS	360	195594	195579	2	13
IS	361	195635	195619	0	16
IS	362	193889	193880	0	9
IS	363	190262	190251	2	9
IS	364	186094	186082	0	12
IS	365	181228	181216	1	11
IS	366	175844	175834	1	9
IS	367	170663	170648	4	11
IS	368	167366	167354	4	8
IS	369	166157	166141	3	13
IS	370	164698	164684	1	13
IS	371	163627	163607	8	12
IS	372	162758	162749	2	7
IS	373	160920	160908	1	11
IS	374	157850	157836	4	10
IS	375	153684	153667	3	14
IS	376	149065	149054	4	7
IS	377	144931	144915	5	11
IS	378	141698	141688	1	9
IS	379	139819	139801	1	17
IS	380	138553	138539	1	13
IS	381	137949	137938	2	9
IS	382	136703	136691	1	11
IS	383	135481	135470	1	10
IS	384	133212	133201	2	9
IS	385	129300	129280	4	16
IS	386	127169	127153	4	12
IS	387	122457	122445	1	11
IS	388	119024	119007	2	15
IS	389	117169	117160	0	9
IS	390	115219	115210	3	6
IS	391	115144	115134	2	8
IS	392	114270	114254	5	11
IS	393	113613	113599	4	10
IS	394	112190	112171	7	12
IS	395	109408	109395	6	7
IS	396	106675	106664	2	9
IS	397	103843	103829	5	9
IS	398	100195	100182	4	9
IS	399	98141	98130	4	7
IS	400	96521	96510	1	10
IS	401	95618	95602	9	7
IS	402	95215	95204	2	9
IS	403	94399	94384	3	12
IS	404	92924	92909	4	11
IS	405	91607	91588	5	14
IS	406	89216	89204	4	8
IS	407	86089	86077	5	7
IS	408	83649	83640	1	8
IS	409	81757	81752	2	3
IS	410	80642	80626	5	11
IS	411	79263	79250	5	8
IS	412	78389	78377	4	8
IS	413	77912	77900	2	10
IS	414	77487	77474	4	9
IS	415	76086	76072	6	8
IS	416	74876	74862	4	10
IS	417	72436	72422	3	11
IS	418	70268	70258	5	5
IS	419	68651	68631	13	7
IS	420	66895	66885	2	8
IS	421	65312	65299	5	8
IS	422	65196	65184	4	8
IS	423	64691	64681	4	6
IS	424	63694	63679	7	8
IS	425	63126	63113	4	9
IS	426	61966	61956	3	7
IS	427	60239	60227	5	7
IS	428	58917	58904	5	8
IS	429	56790	56776	3	11
IS	430	55689	55676	4	9
IS	431	54536	54523	5	8
IS	432	53859	53844	4	11
IS	433	52827	52812	9	6
IS	434	52731	52724	1	6
IS	435	51975	51963	4	8
IS	436	51548	51534	5	9
IS	437	50197	50181	8	8
IS	438	49088	49081	0	7
IS	439	47453	47436	5	12
IS	440	46093	46079	7	7
IS	441	45071	45058	6	7
IS	442	44352	44341	2	9
IS	443	43618	43608	3	7
IS	444	43527	43514	3	10
IS	445	42842	42828	5	9
IS	446	42133	42125	1	7
IS	447	41433	41421	3	9
# Read lengths. Use `grep ^RL | cut -f 2-` to extract this part. The columns are: read length, count
RL	15	2
RL	17	1
RL	19	1
RL	20	3
RL	21	8
RL	22	2
RL	23	2
RL	24	14
RL	25	2
RL	27	10
RL	28	20
RL	29	22
RL	30	58
RL	31	9215
RL	32	9387
RL	33	8886
RL	34	8599
RL	35	8006
RL	36	7328
RL	37	6921
RL	38	7086
RL	39	7120
RL	40	6303
RL	41	6445
RL	42	6120
RL	43	5957
RL	44	7540
RL	45	7839
RL	46	8511
RL	47	8323
RL	48	8812
RL	49	9156
RL	50	9495
RL	51	10312
RL	52	10925
RL	53	11799
RL	54	12396
RL	55	13620
RL	56	14771
RL	57	16315
RL	58	17907
RL	59	19313
RL	60	19552
RL	61	20914
RL	62	22164
RL	63	24812
RL	64	26121
RL	65	28314
RL	66	31178
RL	67	28045
RL	68	26541
RL	69	28771
RL	70	29405
RL	71	31712
RL	72	26534
RL	73	29739
RL	74	33090
RL	75	21033
RL	76	30907
RL	77	33007
RL	78	37636
RL	79	39957
RL	80	34283
RL	81	49205
RL	82	49417
RL	83	54475
RL	84	59530
RL	85	58611
RL	86	117904
RL	87	107656
RL	88	128971
RL	89	136340
RL	90	131794
RL	91	152190
RL	92	190051
RL	93	161853
RL	94	193379
RL	95	419075
RL	96	206169
RL	97	212760
RL	98	275468
RL	99	290295
RL	100	398324933
# Read lengths - first fragments. Use `grep ^FRL | cut -f 2-` to extract this part. The columns are: read length, count
FRL	20	1
FRL	21	3
FRL	22	1
FRL	23	1
FRL	24	5
FRL	25	2
FRL	27	6
FRL	28	11
FRL	29	13
FRL	30	30
FRL	31	4598
FRL	32	4695
FRL	33	4446
FRL	34	4287
FRL	35	4011
FRL	36	3663
FRL	37	3452
FRL	38	3528
FRL	39	3555
FRL	40	3143
FRL	41	3221
FRL	42	3052
FRL	43	2978
FRL	44	3760
FRL	45	3909
FRL	46	4247
FRL	47	4156
FRL	48	4402
FRL	49	4571
FRL	50	4738
FRL	51	5146
FRL	52	5460
FRL	53	5890
FRL	54	6190
FRL	55	6808
FRL	56	7377
FRL	57	8151
FRL	58	8943
FRL	59	9642
FRL	60	9765
FRL	61	10455
FRL	62	11085
FRL	63	12406
FRL	64	13054
FRL	65	14158
FRL	66	15587
FRL	67	14018
FRL	68	13269
FRL	69	14393
FRL	70	14707
FRL	71	15872
FRL	72	13258
FRL	73	14873
FRL	74	16541
FRL	75	10508
FRL	76	15460
FRL	77	16500
FRL	78	18831
FRL	79	19986
FRL	80	17150
FRL	81	24598
FRL	82	24710
FRL	83	27239
FRL	84	29758
FRL	85	29306
FRL	86	58938
FRL	87	53843
FRL	88	64507
FRL	89	68222
FRL	90	66083
FRL	91	76946
FRL	92	97328
FRL	93	81107
FRL	94	97688
FRL	95	220982
FRL	96	103083
FRL	97	106375
FRL	98	137733
FRL	99	145148
FRL	100	199092713
# Read lengths - last fragments. Use `grep ^LRL | cut -f 2-` to extract this part. The columns are: read length, count
LRL	15	2
LRL	17	1
LRL	19	1
LRL	20	2
LRL	21	5
LRL	22	1
LRL	23	1
LRL	24	9
LRL	27	4
LRL	28	9
LRL	29	9
LRL	30	28
LRL	31	4617
LRL	32	4692
LRL	33	4440
LRL	34	4312
LRL	35	3995
LRL	36	3665
LRL	37	3469
LRL	38	3558
LRL	39	3565
LRL	40	3160
LRL	41	3224
LRL	42	3068
LRL	43	2979
LRL	44	3780
LRL	45	3930
LRL	46	4264
LRL	47	4167
LRL	48	4410
LRL	49	4585
LRL	50	4757
LRL	51	5166
LRL	52	5465
LRL	53	5909
LRL	54	6206
LRL	55	6812
LRL	56	7394
LRL	57	8164
LRL	58	8964
LRL	59	9671
LRL	60	9787
LRL	61	10459
LRL	62	11079
LRL	63	12406
LRL	64	13067
LRL	65	14156
LRL	66	15591
LRL	67	14027
LRL	68	13272
LRL	69	14378
LRL	70	14698
LRL	71	15840
LRL	72	13276
LRL	73	14866
LRL	74	16549
LRL	75	10525
LRL	76	15447
LRL	77	16507
LRL	78	18805
LRL	79	19971
LRL	80	17133
LRL	81	24607
LRL	82	24707
LRL	83	27236
LRL	84	29772
LRL	85	29305
LRL	86	58966
LRL	87	53813
LRL	88	64464
LRL	89	68118
LRL	90	65711
LRL	91	75244
LRL	92	92723
LRL	93	80746
LRL	94	95691
LRL	95	198093
LRL	96	103086
LRL	97	106385
LRL	98	137735
LRL	99	145147
LRL	100	199232220
# Mapping qualities for reads !(UNMAP|SECOND|SUPPL|QCFAIL|DUP). Use `grep ^MAPQ | cut -f 2-` to extract this part. The columns are: mapq, count
MAPQ	0	11564509
MAPQ	1	31473
MAPQ	2	7648
MAPQ	3	70189
MAPQ	4	13856
MAPQ	5	16338
MAPQ	6	19779
MAPQ	7	36678
MAPQ	8	18336
MAPQ	9	75668
MAPQ	10	43608
MAPQ	11	12066
MAPQ	12	19683
MAPQ	13	29314
MAPQ	14	6908
MAPQ	15	64821
MAPQ	16	12032
MAPQ	17	11743
MAPQ	18	19222
MAPQ	19	35738
MAPQ	20	42038
MAPQ	21	87160
MAPQ	22	84163
MAPQ	23	105944
MAPQ	24	194734
MAPQ	25	423089
MAPQ	26	22208
MAPQ	27	1366601
MAPQ	28	10764
MAPQ	29	9087
MAPQ	30	15052
MAPQ	31	28280
MAPQ	32	4556
MAPQ	33	80515
MAPQ	34	9106
MAPQ	35	9752
MAPQ	36	16947
MAPQ	37	31498
MAPQ	38	16501
MAPQ	39	98279
MAPQ	40	1317740
MAPQ	41	12460
MAPQ	42	57214
MAPQ	43	47549
MAPQ	44	28212
MAPQ	45	144913
MAPQ	46	57585
MAPQ	47	169549
MAPQ	48	242724
MAPQ	49	162640
MAPQ	50	1402704
MAPQ	51	55534
MAPQ	52	119163
MAPQ	53	30202
MAPQ	54	40073
MAPQ	55	150718
MAPQ	56	5840
MAPQ	57	214472
MAPQ	58	5500
MAPQ	59	14046
MAPQ	60	371395509
# Indel distribution. Use `grep ^ID | cut -f 2-` to extract this part. The columns are: length, number of insertions, number of deletions
ID	1	898231	1218642
ID	2	209835	291400
ID	3	106353	155781
ID	4	67778	98389
ID	5	22942	33406
ID	6	20182	33439
ID	7	6808	9589
ID	8	7557	12838
ID	9	8150	11808
ID	10	3711	8635
ID	11	2192	3917
ID	12	5140	7736
ID	13	2021	3320
ID	14	2542	3933
ID	15	1941	4742
ID	16	1112	3728
ID	17	578	1325
ID	18	928	3453
ID	19	936	1422
ID	20	524	1358
ID	21	623	1241
ID	22	122	2421
ID	23	23	420
ID	24	108	1019
ID	25	98	194
ID	26	10	271
ID	27	42	388
ID	28	1	318
ID	29	82	81
ID	30	1	358
ID	31	0	18
ID	32	0	60
ID	33	0	9
ID	34	0	49
ID	35	0	56
ID	36	0	24
ID	37	0	43
ID	38	0	29
ID	39	0	4
ID	40	0	2
ID	41	0	21
ID	42	0	155
ID	43	0	1
# Indels per cycle. Use `grep ^IC | cut -f 2-` to extract this part. The columns are: cycle, number of insertions (fwd), .. (rev) , number of deletions (fwd), .. (rev)
IC	3	0	0	3758	3758
IC	4	3134	2928	3528	3290
IC	5	3598	3487	3780	3728
IC	6	3839	4021	4373	4155
IC	7	4323	4232	6734	5883
IC	8	5185	4896	8547	7566
IC	9	6281	5876	9253	8064
IC	10	6580	6165	8375	7276
IC	11	5919	5674	8973	8091
IC	12	6743	6428	9785	8828
IC	13	6860	6782	10429	9193
IC	14	7142	7058	10919	9791
IC	15	7524	7385	11488	10524
IC	16	8120	7963	10504	9733
IC	17	7572	7445	11436	10440
IC	18	8061	8013	11395	10309
IC	19	8221	7919	12033	11322
IC	20	8676	8401	11697	10760
IC	21	8504	8280	11893	10917
IC	22	8828	8470	11716	10665
IC	23	8844	8560	12141	11472
IC	24	8814	8590	12127	11136
IC	25	9008	8695	12696	11782
IC	26	9594	9031	12128	11417
IC	27	9103	8726	12497	11652
IC	28	9166	9039	12273	11523
IC	29	9059	8649	12806	11679
IC	30	9003	8681	12655	11557
IC	31	9228	8737	12459	11831
IC	32	9059	8959	12771	12050
IC	33	9351	9190	12919	12085
IC	34	9135	8648	12989	12433
IC	35	9337	8933	12338	11530
IC	36	9120	8929	12303	11449
IC	37	8753	8366	12601	11870
IC	38	8951	8865	12299	11662
IC	39	9000	8589	13111	12639
IC	40	9410	9017	12438	11687
IC	41	8861	8561	12317	11595
IC	42	8713	8527	12143	11307
IC	43	8581	8421	12158	11276
IC	44	8646	8360	12365	11859
IC	45	8708	8665	12085	11687
IC	46	8666	8650	12083	11369
IC	47	8421	8430	12051	11478
IC	48	8427	8022	11881	11290
IC	49	8426	8030	11805	11401
IC	50	8211	8255	11583	11080
IC	51	8494	8195	11856	11122
IC	52	8340	8123	11826	11630
IC	53	8456	8398	12123	11780
IC	54	8678	8530	11911	11395
IC	55	8369	8303	11395	11205
IC	56	8384	8072	11401	11234
IC	57	7973	8038	11175	10955
IC	58	7748	7878	11331	10996
IC	59	8134	7777	11138	10868
IC	60	7901	7893	10902	10744
IC	61	8045	7934	11127	10970
IC	62	7810	7734	11187	10906
IC	63	7769	7929	11112	10917
IC	64	7778	7825	11111	11053
IC	65	7814	7954	11042	10679
IC	66	7801	7880	10681	10456
IC	67	7546	7724	11027	10742
IC	68	7731	7884	10894	10740
IC	69	7815	7638	10788	10679
IC	70	7819	7558	10808	10638
IC	71	7573	7481	10940	10752
IC	72	7446	7444	10378	10450
IC	73	7314	7365	10293	10056
IC	74	7266	7128	10555	10326
IC	75	7582	7339	10526	10254
IC	76	7197	7257	10543	10243
IC	77	7198	7156	10414	10225
IC	78	7112	7130	10060	9846
IC	79	7051	7094	9926	9773
IC	80	7038	6834	9783	9749
IC	81	6964	6702	9699	9766
IC	82	6836	6716	9657	9551
IC	83	6466	6541	9478	9519
IC	84	6350	6270	9115	9003
IC	85	6226	6122	8865	8826
IC	86	5793	5794	8623	8355
IC	87	5539	5650	8260	7944
IC	88	5219	5212	7916	7710
IC	89	4919	5065	7737	7211
IC	90	4750	4759	7342	7230
IC	91	4515	4570	7071	6863
IC	92	4141	4236	6824	6583
IC	93	3980	3804	6361	6165
IC	94	3596	3422	5877	5867
IC	95	3389	3384	5307	5270
IC	96	2844	2755	4670	4459
IC	97	2564	2548	3330	3226
# Coverage distribution. Use `grep ^COV | cut -f 2-` to extract this part.
COV	[1-1]	1	652441
COV	[2-2]	2	576817
COV	[3-3]	3	537798
COV	[4-4]	4	511359
COV	[5-5]	5	493056
COV	[6-6]	6	477664
COV	[7-7]	7	463950
COV	[8-8]	8	452463
COV	[9-9]	9	440454
COV	[10-10]	10	433312
COV	[11-11]	11	421792
COV	[12-12]	12	412371
COV	[13-13]	13	404553
COV	[14-14]	14	395292
COV	[15-15]	15	386685
COV	[16-16]	16	379983
COV	[17-17]	17	373586
COV	[18-18]	18	367722
COV	[19-19]	19	361384
COV	[20-20]	20	357599
COV	[21-21]	21	350797
COV	[22-22]	22	344291
COV	[23-23]	23	340164
COV	[24-24]	24	333087
COV	[25-25]	25	330209
COV	[26-26]	26	326281
COV	[27-27]	27	321804
COV	[28-28]	28	318643
COV	[29-29]	29	313122
COV	[30-30]	30	309286
COV	[31-31]	31	306999
COV	[32-32]	32	302620
COV	[33-33]	33	299109
COV	[34-34]	34	295145
COV	[35-35]	35	292306
COV	[36-36]	36	288387
COV	[37-37]	37	284415
COV	[38-38]	38	282859
COV	[39-39]	39	280896
COV	[40-40]	40	277087
COV	[41-41]	41	274628
COV	[42-42]	42	271006
COV	[43-43]	43	268289
COV	[44-44]	44	265723
COV	[45-45]	45	263391
COV	[46-46]	46	261545
COV	[47-47]	47	259211
COV	[48-48]	48	256983
COV	[49-49]	49	254089
COV	[50-50]	50	252100
COV	[51-51]	51	250131
COV	[52-52]	52	247089
COV	[53-53]	53	246050
COV	[54-54]	54	244195
COV	[55-55]	55	242913
COV	[56-56]	56	240024
COV	[57-57]	57	238531
COV	[58-58]	58	237559
COV	[59-59]	59	235338
COV	[60-60]	60	233667
COV	[61-61]	61	231824
COV	[62-62]	62	230203
COV	[63-63]	63	229171
COV	[64-64]	64	226820
COV	[65-65]	65	225795
COV	[66-66]	66	223327
COV	[67-67]	67	222767
COV	[68-68]	68	221038
COV	[69-69]	69	219939
COV	[70-70]	70	217744
COV	[71-71]	71	217186
COV	[72-72]	72	216027
COV	[73-73]	73	215432
COV	[74-74]	74	213811
COV	[75-75]	75	212735
COV	[76-76]	76	211512
COV	[77-77]	77	209838
COV	[78-78]	78	210018
COV	[79-79]	79	206992
COV	[80-80]	80	207752
COV	[81-81]	81	204821
COV	[82-82]	82	204524
COV	[83-83]	83	203072
COV	[84-84]	84	200717
COV	[85-85]	85	201550
COV	[86-86]	86	199631
COV	[87-87]	87	199270
COV	[88-88]	88	197725
COV	[89-89]	89	196138
COV	[90-90]	90	195438
COV	[91-91]	91	193869
COV	[92-92]	92	193718
COV	[93-93]	93	192126
COV	[94-94]	94	192620
COV	[95-95]	95	190795
COV	[96-96]	96	191063
COV	[97-97]	97	188614
COV	[98-98]	98	187062
COV	[99-99]	99	187506
COV	[100-100]	100	186815
COV	[101-101]	101	185234
COV	[102-102]	102	185604
COV	[103-103]	103	183941
COV	[104-104]	104	184622
COV	[105-105]	105	183281
COV	[106-106]	106	182806
COV	[107-107]	107	181106
COV	[108-108]	108	181552
COV	[109-109]	109	180364
COV	[110-110]	110	179726
COV	[111-111]	111	179566
COV	[112-112]	112	178538
COV	[113-113]	113	178430
COV	[114-114]	114	177703
COV	[115-115]	115	177009
COV	[116-116]	116	176684
COV	[117-117]	117	176528
COV	[118-118]	118	175926
COV	[119-119]	119	175935
COV	[120-120]	120	175299
COV	[121-121]	121	174690
COV	[122-122]	122	173261
COV	[123-123]	123	174019
COV	[124-124]	124	173327
COV	[125-125]	125	172437
COV	[126-126]	126	171984
COV	[127-127]	127	171796
COV	[128-128]	128	170464
COV	[129-129]	129	171063
COV	[130-130]	130	170629
COV	[131-131]	131	170055
COV	[132-132]	132	169254
COV	[133-133]	133	168835
COV	[134-134]	134	168568
COV	[135-135]	135	168620
COV	[136-136]	136	167662
COV	[137-137]	137	167832
COV	[138-138]	138	167072
COV	[139-139]	139	166593
COV	[140-140]	140	166509
COV	[141-141]	141	165537
COV	[142-142]	142	165564
COV	[143-143]	143	165619
COV	[144-144]	144	163859
COV	[145-145]	145	164229
COV	[146-146]	146	163916
COV	[147-147]	147	164796
COV	[148-148]	148	163156
COV	[149-149]	149	163375
COV	[150-150]	150	164365
COV	[151-151]	151	162768
COV	[152-152]	152	162839
COV	[153-153]	153	162042
COV	[154-154]	154	161285
COV	[155-155]	155	161365
COV	[156-156]	156	161381
COV	[157-157]	157	161236
COV	[158-158]	158	160129
COV	[159-159]	159	160465
COV	[160-160]	160	159171
COV	[161-161]	161	160234
COV	[162-162]	162	159883
COV	[163-163]	163	159033
COV	[164-164]	164	158871
COV	[165-165]	165	158236
COV	[166-166]	166	158504
COV	[167-167]	167	158167
COV	[168-168]	168	158078
COV	[169-169]	169	158390
COV	[170-170]	170	157637
COV	[171-171]	171	157241
COV	[172-172]	172	156983
COV	[173-173]	173	156976
COV	[174-174]	174	156488
COV	[175-175]	175	156207
COV	[176-176]	176	156841
COV	[177-177]	177	156011
COV	[178-178]	178	156455
COV	[179-179]	179	155803
COV	[180-180]	180	155592
COV	[181-181]	181	155228
COV	[182-182]	182	154367
COV	[183-183]	183	154650
COV	[184-184]	184	154108
COV	[185-185]	185	154035
COV	[186-186]	186	153683
COV	[187-187]	187	153118
COV	[188-188]	188	152933
COV	[189-189]	189	153551
COV	[190-190]	190	153381
COV	[191-191]	191	152237
COV	[192-192]	192	152572
COV	[193-193]	193	152380
COV	[194-194]	194	151108
COV	[195-195]	195	151420
COV	[196-196]	196	151543
COV	[197-197]	197	151113
COV	[198-198]	198	150756
COV	[199-199]	199	150896
COV	[200-200]	200	149609
COV	[201-201]	201	149570
COV	[202-202]	202	149674
COV	[203-203]	203	149642
COV	[204-204]	204	150049
COV	[205-205]	205	149357
COV	[206-206]	206	148902
COV	[207-207]	207	149098
COV	[208-208]	208	148930
COV	[209-209]	209	148896
COV	[210-210]	210	147749
COV	[211-211]	211	148191
COV	[212-212]	212	147235
COV	[213-213]	213	147339
COV	[214-214]	214	147182
COV	[215-215]	215	147053
COV	[216-216]	216	146067
COV	[217-217]	217	145842
COV	[218-218]	218	146156
COV	[219-219]	219	146015
COV	[220-220]	220	145828
COV	[221-221]	221	144487
COV	[222-222]	222	144747
COV	[223-223]	223	144681
COV	[224-224]	224	144929
COV	[225-225]	225	143653
COV	[226-226]	226	143763
COV	[227-227]	227	143273
COV	[228-228]	228	143181
COV	[229-229]	229	143753
COV	[230-230]	230	142296
COV	[231-231]	231	142451
COV	[232-232]	232	142949
COV	[233-233]	233	143493
COV	[234-234]	234	141957
COV	[235-235]	235	141739
COV	[236-236]	236	141692
COV	[237-237]	237	141138
COV	[238-238]	238	140583
COV	[239-239]	239	140905
COV	[240-240]	240	140303
COV	[241-241]	241	140223
COV	[242-242]	242	139620
COV	[243-243]	243	139131
COV	[244-244]	244	140513
COV	[245-245]	245	138812
COV	[246-246]	246	138473
COV	[247-247]	247	138996
COV	[248-248]	248	139014
COV	[249-249]	249	138734
COV	[250-250]	250	138545
COV	[251-251]	251	138172
COV	[252-252]	252	138005
COV	[253-253]	253	137760
COV	[254-254]	254	137703
COV	[255-255]	255	137101
COV	[256-256]	256	137345
COV	[257-257]	257	137178
COV	[258-258]	258	136652
COV	[259-259]	259	135469
COV	[260-260]	260	135696
COV	[261-261]	261	135901
COV	[262-262]	262	135057
COV	[263-263]	263	134743
COV	[264-264]	264	134437
COV	[265-265]	265	134095
COV	[266-266]	266	134529
COV	[267-267]	267	134068
COV	[268-268]	268	133607
COV	[269-269]	269	133910
COV	[270-270]	270	133567
COV	[271-271]	271	132892
COV	[272-272]	272	132955
COV	[273-273]	273	132687
COV	[274-274]	274	133002
COV	[275-275]	275	132968
COV	[276-276]	276	132570
COV	[277-277]	277	132470
COV	[278-278]	278	131774
COV	[279-279]	279	131671
COV	[280-280]	280	131515
COV	[281-281]	281	130717
COV	[282-282]	282	131253
COV	[283-283]	283	130422
COV	[284-284]	284	130569
COV	[285-285]	285	130347
COV	[286-286]	286	129926
COV	[287-287]	287	129433
COV	[288-288]	288	129718
COV	[289-289]	289	128951
COV	[290-290]	290	128462
COV	[291-291]	291	129155
COV	[292-292]	292	129760
COV	[293-293]	293	128260
COV	[294-294]	294	128890
COV	[295-295]	295	127785
COV	[296-296]	296	127771
COV	[297-297]	297	127284
COV	[298-298]	298	126917
COV	[299-299]	299	126966
COV	[300-300]	300	126888
COV	[301-301]	301	126240
COV	[302-302]	302	126519
COV	[303-303]	303	126074
COV	[304-304]	304	125978
COV	[305-305]	305	125279
COV	[306-306]	306	125668
COV	[307-307]	307	125442
COV	[308-308]	308	125162
COV	[309-309]	309	124586
COV	[310-310]	310	124644
COV	[311-311]	311	123785
COV	[312-312]	312	123659
COV	[313-313]	313	122936
COV	[314-314]	314	123811
COV	[315-315]	315	123371
COV	[316-316]	316	122757
COV	[317-317]	317	123113
COV	[318-318]	318	123390
COV	[319-319]	319	122721
COV	[320-320]	320	122320
COV	[321-321]	321	122315
COV	[322-322]	322	121389
COV	[323-323]	323	121387
COV	[324-324]	324	121331
COV	[325-325]	325	121004
COV	[326-326]	326	121278
COV	[327-327]	327	121083
COV	[328-328]	328	120981
COV	[329-329]	329	120506
COV	[330-330]	330	120410
COV	[331-331]	331	120155
COV	[332-332]	332	120636
COV	[333-333]	333	120138
COV	[334-334]	334	119761
COV	[335-335]	335	119718
COV	[336-336]	336	119273
COV	[337-337]	337	118740
COV	[338-338]	338	118841
COV	[339-339]	339	118883
COV	[340-340]	340	118437
COV	[341-341]	341	118286
COV	[342-342]	342	118351
COV	[343-343]	343	117671
COV	[344-344]	344	117905
COV	[345-345]	345	117208
COV	[346-346]	346	117027
COV	[347-347]	347	117612
COV	[348-348]	348	116883
COV	[349-349]	349	116952
COV	[350-350]	350	116994
COV	[351-351]	351	116191
COV	[352-352]	352	116564
COV	[353-353]	353	116259
COV	[354-354]	354	116179
COV	[355-355]	355	115484
COV	[356-356]	356	115148
COV	[357-357]	357	115402
COV	[358-358]	358	115011
COV	[359-359]	359	114459
COV	[360-360]	360	115172
COV	[361-361]	361	114752
COV	[362-362]	362	114908
COV	[363-363]	363	114567
COV	[364-364]	364	113513
COV	[365-365]	365	113387
COV	[366-366]	366	114114
COV	[367-367]	367	113618
COV	[368-368]	368	113089
COV	[369-369]	369	113393
COV	[370-370]	370	113008
COV	[371-371]	371	112966
COV	[372-372]	372	112721
COV	[373-373]	373	112750
COV	[374-374]	374	112853
COV	[375-375]	375	112477
COV	[376-376]	376	111892
COV	[377-377]	377	112272
COV	[378-378]	378	111404
COV	[379-379]	379	111961
COV	[380-380]	380	111630
COV	[381-381]	381	111801
COV	[382-382]	382	111563
COV	[383-383]	383	111433
COV	[384-384]	384	111433
COV	[385-385]	385	111062
COV	[386-386]	386	110863
COV	[387-387]	387	110796
COV	[388-388]	388	110547
COV	[389-389]	389	110334
COV	[390-390]	390	109559
COV	[391-391]	391	110306
COV	[392-392]	392	110033
COV	[393-393]	393	109910
COV	[394-394]	394	109603
COV	[395-395]	395	110002
COV	[396-396]	396	109022
COV	[397-397]	397	109601
COV	[398-398]	398	108645
COV	[399-399]	399	109693
COV	[400-400]	400	109150
COV	[401-401]	401	108829
COV	[402-402]	402	108449
COV	[403-403]	403	108729
COV	[404-404]	404	108471
COV	[405-405]	405	108884
COV	[406-406]	406	108630
COV	[407-407]	407	108373
COV	[408-408]	408	107755
COV	[409-409]	409	108280
COV	[410-410]	410	107428
COV	[411-411]	411	108236
COV	[412-412]	412	107839
COV	[413-413]	413	107741
COV	[414-414]	414	107894
COV	[415-415]	415	107617
COV	[416-416]	416	107690
COV	[417-417]	417	107260
COV	[418-418]	418	106979
COV	[419-419]	419	106652
COV	[420-420]	420	106823
COV	[421-421]	421	106890
COV	[422-422]	422	106726
COV	[423-423]	423	106707
COV	[424-424]	424	106307
COV	[425-425]	425	107107
COV	[426-426]	426	106201
COV	[427-427]	427	106335
COV	[428-428]	428	106212
COV	[429-429]	429	106367
COV	[430-430]	430	106325
COV	[431-431]	431	105947
COV	[432-432]	432	106403
COV	[433-433]	433	106150
COV	[434-434]	434	106263
COV	[435-435]	435	106222
COV	[436-436]	436	106324
COV	[437-437]	437	105728
COV	[438-438]	438	106162
COV	[439-439]	439	106437
COV	[440-440]	440	105901
COV	[441-441]	441	105737
COV	[442-442]	442	105466
COV	[443-443]	443	105350
COV	[444-444]	444	105575
COV	[445-445]	445	105212
COV	[446-446]	446	105724
COV	[447-447]	447	105743
COV	[448-448]	448	105602
COV	[449-449]	449	105304
COV	[450-450]	450	105235
COV	[451-451]	451	105294
COV	[452-452]	452	105278
COV	[453-453]	453	105496
COV	[454-454]	454	104956
COV	[455-455]	455	105571
COV	[456-456]	456	104939
COV	[457-457]	457	105438
COV	[458-458]	458	105080
COV	[459-459]	459	105320
COV	[460-460]	460	104666
COV	[461-461]	461	105492
COV	[462-462]	462	104687
COV	[463-463]	463	104674
COV	[464-464]	464	104580
COV	[465-465]	465	104619
COV	[466-466]	466	105155
COV	[467-467]	467	104739
COV	[468-468]	468	104089
COV	[469-469]	469	104422
COV	[470-470]	470	104304
COV	[471-471]	471	104436
COV	[472-472]	472	104589
COV	[473-473]	473	104594
COV	[474-474]	474	103906
COV	[475-475]	475	104766
COV	[476-476]	476	104569
COV	[477-477]	477	104110
COV	[478-478]	478	104241
COV	[479-479]	479	104703
COV	[480-480]	480	104572
COV	[481-481]	481	104352
COV	[482-482]	482	105205
COV	[483-483]	483	104158
COV	[484-484]	484	104926
COV	[485-485]	485	104865
COV	[486-486]	486	104776
COV	[487-487]	487	104754
COV	[488-488]	488	104043
COV	[489-489]	489	104722
COV	[490-490]	490	104842
COV	[491-491]	491	104556
COV	[492-492]	492	104978
COV	[493-493]	493	104028
COV	[494-494]	494	104683
COV	[495-495]	495	104071
COV	[496-496]	496	104791
COV	[497-497]	497	104243
COV	[498-498]	498	104786
COV	[499-499]	499	104434
COV	[500-500]	500	104413
COV	[501-501]	501	104668
COV	[502-502]	502	104666
COV	[503-503]	503	104819
COV	[504-504]	504	104233
COV	[505-505]	505	104489
COV	[506-506]	506	104344
COV	[507-507]	507	104846
COV	[508-508]	508	104478
COV	[509-509]	509	104346
COV	[510-510]	510	104672
COV	[511-511]	511	103859
COV	[512-512]	512	104501
COV	[513-513]	513	104544
COV	[514-514]	514	104713
COV	[515-515]	515	104693
COV	[516-516]	516	104621
COV	[517-517]	517	104364
COV	[518-518]	518	105246
COV	[519-519]	519	104440
COV	[520-520]	520	105017
COV	[521-521]	521	104766
COV	[522-522]	522	105035
COV	[523-523]	523	104281
COV	[524-524]	524	104288
COV	[525-525]	525	104441
COV	[526-526]	526	104330
COV	[527-527]	527	104506
COV	[528-528]	528	105157
COV	[529-529]	529	104450
COV	[530-530]	530	104860
COV	[531-531]	531	104968
COV	[532-532]	532	104320
COV	[533-533]	533	104394
COV	[534-534]	534	104412
COV	[535-535]	535	104955
COV	[536-536]	536	104764
COV	[537-537]	537	105174
COV	[538-538]	538	104873
COV	[539-539]	539	104803
COV	[540-540]	540	105199
COV	[541-541]	541	105197
COV	[542-542]	542	105173
COV	[543-543]	543	105053
COV	[544-544]	544	105227
COV	[545-545]	545	104649
COV	[546-546]	546	105000
COV	[547-547]	547	104652
COV	[548-548]	548	104959
COV	[549-549]	549	105050
COV	[550-550]	550	105112
COV	[551-551]	551	105100
COV	[552-552]	552	104949
COV	[553-553]	553	104623
COV	[554-554]	554	105166
COV	[555-555]	555	104609
COV	[556-556]	556	105101
COV	[557-557]	557	105283
COV	[558-558]	558	105210
COV	[559-559]	559	104502
COV	[560-560]	560	104807
COV	[561-561]	561	105796
COV	[562-562]	562	105645
COV	[563-563]	563	105061
COV	[564-564]	564	105262
COV	[565-565]	565	104937
COV	[566-566]	566	105713
COV	[567-567]	567	104979
COV	[568-568]	568	105012
COV	[569-569]	569	104950
COV	[570-570]	570	105014
COV	[571-571]	571	105353
COV	[572-572]	572	105620
COV	[573-573]	573	105099
COV	[574-574]	574	105486
COV	[575-575]	575	105313
COV	[576-576]	576	105618
COV	[577-577]	577	105861
COV	[578-578]	578	105283
COV	[579-579]	579	105235
COV	[580-580]	580	105301
COV	[581-581]	581	105293
COV	[582-582]	582	105480
COV	[583-583]	583	105495
COV	[584-584]	584	104760
COV	[585-585]	585	105267
COV	[586-586]	586	105108
COV	[587-587]	587	105167
COV	[588-588]	588	105190
COV	[589-589]	589	105121
COV	[590-590]	590	105213
COV	[591-591]	591	104116
COV	[592-592]	592	104573
COV	[593-593]	593	105557
COV	[594-594]	594	104981
COV	[595-595]	595	104978
COV	[596-596]	596	104759
COV	[597-597]	597	104560
COV	[598-598]	598	104561
COV	[599-599]	599	104140
COV	[600-600]	600	103948
COV	[601-601]	601	104395
COV	[602-602]	602	104121
COV	[603-603]	603	104360
COV	[604-604]	604	104125
COV	[605-605]	605	104189
COV	[606-606]	606	103399
COV	[607-607]	607	103671
COV	[608-608]	608	104424
COV	[609-609]	609	103626
COV	[610-610]	610	103634
COV	[611-611]	611	103113
COV	[612-612]	612	103962
COV	[613-613]	613	103617
COV	[614-614]	614	103497
COV	[615-615]	615	103467
COV	[616-616]	616	102814
COV	[617-617]	617	102739
COV	[618-618]	618	102729
COV	[619-619]	619	103187
COV	[620-620]	620	102808
COV	[621-621]	621	102652
COV	[622-622]	622	102916
COV	[623-623]	623	101953
COV	[624-624]	624	102049
COV	[625-625]	625	102819
COV	[626-626]	626	102219
COV	[627-627]	627	101972
COV	[628-628]	628	101875
COV	[629-629]	629	101524
COV	[630-630]	630	101661
COV	[631-631]	631	101370
COV	[632-632]	632	101467
COV	[633-633]	633	101256
COV	[634-634]	634	101370
COV	[635-635]	635	101442
COV	[636-636]	636	101097
COV	[637-637]	637	101274
COV	[638-638]	638	101275
COV	[639-639]	639	101424
COV	[640-640]	640	101054
COV	[641-641]	641	100630
COV	[642-642]	642	101229
COV	[643-643]	643	100317
COV	[644-644]	644	100126
COV	[645-645]	645	100245
COV	[646-646]	646	100077
COV	[647-647]	647	99939
COV	[648-648]	648	100684
COV	[649-649]	649	99214
COV	[650-650]	650	99769
COV	[651-651]	651	100349
COV	[652-652]	652	99056
COV	[653-653]	653	99731
COV	[654-654]	654	99588
COV	[655-655]	655	99672
COV	[656-656]	656	99425
COV	[657-657]	657	98931
COV	[658-658]	658	98736
COV	[659-659]	659	98714
COV	[660-660]	660	97475
COV	[661-661]	661	97662
COV	[662-662]	662	97429
COV	[663-663]	663	97983
COV	[664-664]	664	97058
COV	[665-665]	665	97280
COV	[666-666]	666	96871
COV	[667-667]	667	96438
COV	[668-668]	668	96527
COV	[669-669]	669	96217
COV	[670-670]	670	96088
COV	[671-671]	671	95446
COV	[672-672]	672	95441
COV	[673-673]	673	95953
COV	[674-674]	674	95699
COV	[675-675]	675	95466
COV	[676-676]	676	94943
COV	[677-677]	677	95226
COV	[678-678]	678	94274
COV	[679-679]	679	94312
COV	[680-680]	680	94942
COV	[681-681]	681	94217
COV	[682-682]	682	94086
COV	[683-683]	683	93591
COV	[684-684]	684	93722
COV	[685-685]	685	93438
COV	[686-686]	686	93259
COV	[687-687]	687	92524
COV	[688-688]	688	92573
COV	[689-689]	689	92638
COV	[690-690]	690	91934
COV	[691-691]	691	92300
COV	[692-692]	692	91627
COV	[693-693]	693	92117
COV	[694-694]	694	91593
COV	[695-695]	695	91692
COV	[696-696]	696	90913
COV	[697-697]	697	91133
COV	[698-698]	698	90844
COV	[699-699]	699	90547
COV	[700-700]	700	90150
COV	[701-701]	701	89715
COV	[702-702]	702	89851
COV	[703-703]	703	89807
COV	[704-704]	704	89436
COV	[705-705]	705	88563
COV	[706-706]	706	89059
COV	[707-707]	707	88682
COV	[708-708]	708	89034
COV	[709-709]	709	87896
COV	[710-710]	710	88197
COV	[711-711]	711	87308
COV	[712-712]	712	87570
COV	[713-713]	713	86834
COV	[714-714]	714	87485
COV	[715-715]	715	86666
COV	[716-716]	716	86199
COV	[717-717]	717	86479
COV	[718-718]	718	86056
COV	[719-719]	719	85993
COV	[720-720]	720	85541
COV	[721-721]	721	85521
COV	[722-722]	722	84587
COV	[723-723]	723	84779
COV	[724-724]	724	84181
COV	[725-725]	725	84417
COV	[726-726]	726	84621
COV	[727-727]	727	84083
COV	[728-728]	728	83577
COV	[729-729]	729	83017
COV	[730-730]	730	83216
COV	[731-731]	731	82776
COV	[732-732]	732	81877
COV	[733-733]	733	81638
COV	[734-734]	734	81966
COV	[735-735]	735	80901
COV	[736-736]	736	81082
COV	[737-737]	737	80524
COV	[738-738]	738	79995
COV	[739-739]	739	79760
COV	[740-740]	740	79461
COV	[741-741]	741	79022
COV	[742-742]	742	78242
COV	[743-743]	743	78858
COV	[744-744]	744	78235
COV	[745-745]	745	77739
COV	[746-746]	746	78005
COV	[747-747]	747	77327
COV	[748-748]	748	76841
COV	[749-749]	749	76962
COV	[750-750]	750	76292
COV	[751-751]	751	75950
COV	[752-752]	752	75839
COV	[753-753]	753	75494
COV	[754-754]	754	74984
COV	[755-755]	755	74950
COV	[756-756]	756	74922
COV	[757-757]	757	73774
COV	[758-758]	758	74295
COV	[759-759]	759	73581
COV	[760-760]	760	73080
COV	[761-761]	761	72845
COV	[762-762]	762	72428
COV	[763-763]	763	71957
COV	[764-764]	764	71871
COV	[765-765]	765	71876
COV	[766-766]	766	70974
COV	[767-767]	767	70816
COV	[768-768]	768	70654
COV	[769-769]	769	70636
COV	[770-770]	770	70533
COV	[771-771]	771	69269
COV	[772-772]	772	69169
COV	[773-773]	773	68645
COV	[774-774]	774	68663
COV	[775-775]	775	68128
COV	[776-776]	776	67597
COV	[777-777]	777	67416
COV	[778-778]	778	67525
COV	[779-779]	779	66960
COV	[780-780]	780	66306
COV	[781-781]	781	65956
COV	[782-782]	782	66070
COV	[783-783]	783	65289
COV	[784-784]	784	64747
COV	[785-785]	785	64850
COV	[786-786]	786	63882
COV	[787-787]	787	63328
COV	[788-788]	788	63901
COV	[789-789]	789	63266
COV	[790-790]	790	63083
COV	[791-791]	791	62418
COV	[792-792]	792	62324
COV	[793-793]	793	61932
COV	[794-794]	794	61346
COV	[795-795]	795	60949
COV	[796-796]	796	60216
COV	[797-797]	797	60004
COV	[798-798]	798	59339
COV	[799-799]	799	59758
COV	[800-800]	800	59281
COV	[801-801]	801	59244
COV	[802-802]	802	58475
COV	[803-803]	803	58008
COV	[804-804]	804	57912
COV	[805-805]	805	57658
COV	[806-806]	806	57041
COV	[807-807]	807	57213
COV	[808-808]	808	56263
COV	[809-809]	809	55689
COV	[810-810]	810	55644
COV	[811-811]	811	55684
COV	[812-812]	812	55160
COV	[813-813]	813	54117
COV	[814-814]	814	53598
COV	[815-815]	815	53918
COV	[816-816]	816	53582
COV	[817-817]	817	53124
COV	[818-818]	818	52601
COV	[819-819]	819	51909
COV	[820-820]	820	51868
COV	[821-821]	821	51134
COV	[822-822]	822	51457
COV	[823-823]	823	50481
COV	[824-824]	824	49930
COV	[825-825]	825	49786
COV	[826-826]	826	49363
COV	[827-827]	827	49396
COV	[828-828]	828	48982
COV	[829-829]	829	48259
COV	[830-830]	830	48323
COV	[831-831]	831	47645
COV	[832-832]	832	47295
COV	[833-833]	833	47214
COV	[834-834]	834	46487
COV	[835-835]	835	46240
COV	[836-836]	836	46050
COV	[837-837]	837	45667
COV	[838-838]	838	45592
COV	[839-839]	839	44868
COV	[840-840]	840	44154
COV	[841-841]	841	44197
COV	[842-842]	842	44145
COV	[843-843]	843	43584
COV	[844-844]	844	43066
COV	[845-845]	845	42579
COV	[846-846]	846	42612
COV	[847-847]	847	42219
COV	[848-848]	848	41828
COV	[849-849]	849	41754
COV	[850-850]	850	41185
COV	[851-851]	851	41109
COV	[852-852]	852	40673
COV	[853-853]	853	40347
COV	[854-854]	854	39624
COV	[855-855]	855	39188
COV	[856-856]	856	39664
COV	[857-857]	857	38631
COV	[858-858]	858	38042
COV	[859-859]	859	38126
COV	[860-860]	860	37739
COV	[861-861]	861	37519
COV	[862-862]	862	37457
COV	[863-863]	863	36910
COV	[864-864]	864	36793
COV	[865-865]	865	36318
COV	[866-866]	866	36046
COV	[867-867]	867	35761
COV	[868-868]	868	35224
COV	[869-869]	869	35307
COV	[870-870]	870	34491
COV	[871-871]	871	34283
COV	[872-872]	872	34237
COV	[873-873]	873	33877
COV	[874-874]	874	33513
COV	[875-875]	875	33331
COV	[876-876]	876	33016
COV	[877-877]	877	32763
COV	[878-878]	878	32373
COV	[879-879]	879	32175
COV	[880-880]	880	32008
COV	[881-881]	881	31397
COV	[882-882]	882	31180
COV	[883-883]	883	31182
COV	[884-884]	884	30743
COV	[885-885]	885	30182
COV	[886-886]	886	30402
COV	[887-887]	887	29852
COV	[888-888]	888	29708
COV	[889-889]	889	29591
COV	[890-890]	890	28956
COV	[891-891]	891	28684
COV	[892-892]	892	28481
COV	[893-893]	893	28304
COV	[894-894]	894	27814
COV	[895-895]	895	27606
COV	[896-896]	896	27407
COV	[897-897]	897	27107
COV	[898-898]	898	26816
COV	[899-899]	899	26957
COV	[900-900]	900	26527
COV	[901-901]	901	26059
COV	[902-902]	902	25783
COV	[903-903]	903	25662
COV	[904-904]	904	25271
COV	[905-905]	905	25269
COV	[906-906]	906	24964
COV	[907-907]	907	24749
COV	[908-908]	908	24535
COV	[909-909]	909	24167
COV	[910-910]	910	24183
COV	[911-911]	911	23804
COV	[912-912]	912	23393
COV	[913-913]	913	23126
COV	[914-914]	914	23147
COV	[915-915]	915	22903
COV	[916-916]	916	22401
COV	[917-917]	917	22209
COV	[918-918]	918	21881
COV	[919-919]	919	21690
COV	[920-920]	920	21600
COV	[921-921]	921	21594
COV	[922-922]	922	21136
COV	[923-923]	923	20919
COV	[924-924]	924	20823
COV	[925-925]	925	20785
COV	[926-926]	926	20549
COV	[927-927]	927	20319
COV	[928-928]	928	20027
COV	[929-929]	929	19660
COV	[930-930]	930	19627
COV	[931-931]	931	19303
COV	[932-932]	932	19050
COV	[933-933]	933	18979
COV	[934-934]	934	18839
COV	[935-935]	935	18543
COV	[936-936]	936	18217
COV	[937-937]	937	18261
COV	[938-938]	938	17976
COV	[939-939]	939	17852
COV	[940-940]	940	17638
COV	[941-941]	941	17203
COV	[942-942]	942	17206
COV	[943-943]	943	17001
COV	[944-944]	944	16639
COV	[945-945]	945	16417
COV	[946-946]	946	16286
COV	[947-947]	947	16198
COV	[948-948]	948	15967
COV	[949-949]	949	15896
COV	[950-950]	950	15754
COV	[951-951]	951	15451
COV	[952-952]	952	15209
COV	[953-953]	953	15376
COV	[954-954]	954	15086
COV	[955-955]	955	14910
COV	[956-956]	956	14537
COV	[957-957]	957	14553
COV	[958-958]	958	14312
COV	[959-959]	959	14123
COV	[960-960]	960	13839
COV	[961-961]	961	13775
COV	[962-962]	962	13683
COV	[963-963]	963	13504
COV	[964-964]	964	13380
COV	[965-965]	965	13148
COV	[966-966]	966	12901
COV	[967-967]	967	12606
COV	[968-968]	968	12455
COV	[969-969]	969	12594
COV	[970-970]	970	12257
COV	[971-971]	971	12099
COV	[972-972]	972	11796
COV	[973-973]	973	11823
COV	[974-974]	974	11542
COV	[975-975]	975	11668
COV	[976-976]	976	11409
COV	[977-977]	977	11295
COV	[978-978]	978	11098
COV	[979-979]	979	11213
COV	[980-980]	980	10979
COV	[981-981]	981	10769
COV	[982-982]	982	10670
COV	[983-983]	983	10354
COV	[984-984]	984	10391
COV	[985-985]	985	10446
COV	[986-986]	986	10051
COV	[987-987]	987	10016
COV	[988-988]	988	9760
COV	[989-989]	989	9810
COV	[990-990]	990	9578
COV	[991-991]	991	9758
COV	[992-992]	992	9326
COV	[993-993]	993	9429
COV	[994-994]	994	9258
COV	[995-995]	995	8997
COV	[996-996]	996	8986
COV	[997-997]	997	9037
COV	[998-998]	998	8848
COV	[999-999]	999	8747
COV	[1000-1000]	1000	8454
COV	[1000<]	1000	1039817
# GC-depth. Use `grep ^GCD | cut -f 2-` to extract this part. The columns are: GC%, unique sequence percentiles, 10th, 25th, 50th, 75th and 90th depth percentile
GCD	0.0	0.005	0.000	0.000	0.000	0.000	0.000
GCD	22.0	0.010	0.035	0.035	0.317	0.599	0.599
GCD	23.0	0.012	5.582	5.582	5.582	5.582	5.582
GCD	24.0	0.019	0.145	0.145	0.360	7.440	7.440
GCD	25.0	0.033	0.444	1.145	2.534	5.881	8.858
GCD	26.0	0.057	2.606	5.295	7.770	7.947	15.269
GCD	27.0	0.108	0.453	3.770	6.791	8.311	8.965
GCD	28.0	0.213	2.896	5.409	8.179	13.335	23.995
GCD	29.0	0.435	6.628	8.002	10.276	18.195	34.716
GCD	30.0	0.823	7.302	8.582	16.131	27.168	44.218
GCD	31.0	1.586	7.370	9.287	22.515	40.815	60.763
GCD	32.0	2.852	7.999	13.504	29.440	53.598	80.382
GCD	33.0	4.843	8.449	16.543	36.333	58.787	83.171
GCD	34.0	7.611	9.115	17.946	38.698	65.619	88.575
GCD	35.0	11.066	8.551	18.363	40.088	69.089	97.094
GCD	36.0	14.763	8.774	18.320	39.427	64.805	94.410
GCD	37.0	18.881	9.139	18.323	38.019	64.840	92.592
GCD	38.0	23.001	8.788	17.979	38.081	64.005	95.050
GCD	39.0	27.344	8.759	19.139	39.137	63.674	92.621
GCD	40.0	31.323	8.308	17.312	38.203	63.479	88.714
GCD	41.0	35.397	8.379	16.907	35.078	62.965	91.184
GCD	42.0	39.128	8.119	16.448	34.938	60.059	90.693
GCD	43.0	42.755	7.735	15.914	34.401	59.391	89.957
GCD	44.0	46.294	7.670	14.880	34.089	59.345	88.351
GCD	45.0	49.419	7.953	16.116	34.379	60.225	90.149
GCD	46.0	52.543	7.744	15.172	32.559	55.491	81.958
GCD	47.0	55.297	7.737	15.524	33.330	57.487	93.529
GCD	48.0	57.932	7.445	14.663	33.080	56.399	85.183
GCD	49.0	60.540	8.425	16.118	31.592	58.923	92.451
GCD	50.0	63.100	8.132	16.329	34.723	59.004	94.432
GCD	51.0	65.524	7.695	16.722	33.480	60.668	96.928
GCD	52.0	67.852	8.239	16.852	37.679	64.256	103.422
GCD	53.0	70.111	7.517	16.238	34.019	62.640	98.794
GCD	54.0	72.360	8.975	20.491	40.198	68.479	102.579
GCD	55.0	74.547	7.999	17.289	41.327	71.122	110.201
GCD	56.0	76.712	7.965	17.791	41.494	77.396	120.054
GCD	57.0	79.033	10.352	20.537	44.677	81.461	123.036
GCD	58.0	81.351	9.732	21.591	46.432	86.713	127.663
GCD	59.0	83.589	11.762	25.241	50.757	92.865	138.289
GCD	60.0	85.649	10.534	22.532	47.566	90.336	145.139
GCD	61.0	87.723	9.593	25.830	56.104	102.112	144.872
GCD	62.0	89.743	10.324	24.450	54.414	93.272	147.978
GCD	63.0	91.394	9.512	24.181	58.681	103.715	159.187
GCD	64.0	92.834	8.457	19.318	49.328	102.588	156.594
GCD	65.0	94.078	10.212	25.069	52.604	93.300	150.193
GCD	66.0	95.085	6.786	14.316	39.392	88.119	170.020
GCD	67.0	95.913	6.841	13.906	35.545	76.731	157.808
GCD	68.0	96.602	5.476	8.989	21.548	49.406	96.121
GCD	69.0	97.155	5.659	7.859	17.337	37.739	68.720
GCD	70.0	97.619	4.357	6.617	11.385	24.115	44.208
GCD	71.0	98.040	4.044	5.917	9.233	19.275	34.427
GCD	72.0	98.416	3.673	6.134	9.467	18.590	37.631
GCD	73.0	98.780	3.126	4.890	8.306	14.832	24.386
GCD	74.0	99.072	2.644	3.714	6.848	11.182	24.809
GCD	75.0	99.318	2.231	4.599	7.415	11.355	17.536
GCD	76.0	99.521	2.601	3.633	6.336	8.843	12.156
GCD	77.0	99.677	2.423	3.236	5.063	7.612	11.273
GCD	78.0	99.794	1.228	2.302	4.109	7.003	10.656
GCD	79.0	99.878	1.812	2.711	4.075	5.602	8.123
GCD	80.0	99.928	1.530	2.349	3.375	4.459	7.362
GCD	81.0	99.976	0.424	1.040	2.267	3.663	5.499
GCD	82.0	99.986	0.180	0.352	1.485	2.559	2.711
GCD	83.0	99.995	0.499	0.538	0.851	3.202	3.920
GCD	84.0	100.000	0.449	0.449	0.714	0.979	0.979
