# This file was produced by samtools stats (1.20+htslib-1.20) and can be plotted using plot-bamstats
# This file contains statistics for all reads.
# The command line was:  stats results/bqsr/NA12878.recal.bam
# CHK, Checksum	[2]Read Names	[3]Sequences	[4]Qualities
# CHK, CRC32 of reads which passed filtering followed by addition (32bit overflow)
CHK	8643ad07	05a2eb35	ea69a2c1
# Summary Numbers. Use `grep ^SN | cut -f 2-` to extract this part.
SN	raw total sequences:	110269625	# excluding supplementary and secondary reads
SN	filtered sequences:	0
SN	sequences:	110269625
SN	is sorted:	1
SN	1st fragments:	55117653
SN	last fragments:	55151972
SN	reads mapped:	110269566
SN	reads mapped and paired:	110269501	# paired-end technology bit set + both mates mapped
SN	reads unmapped:	59
SN	reads properly paired:	109805852	# proper-pair bit set
SN	reads paired:	110269625	# paired-end technology bit set
SN	reads duplicated:	12048261	# PCR or optical duplicate bit set
SN	reads MQ0:	5306253	# mapped and MQ=0
SN	reads QC failed:	0
SN	non-primary alignments:	0
SN	supplementary alignments:	9153
SN	total length:	10919850999	# ignores clipping
SN	total first fragment length:	5458191851	# ignores clipping
SN	total last fragment length:	5461659148	# ignores clipping
SN	bases mapped:	10919845491	# ignores clipping
SN	bases mapped (cigar):	10913421826	# more accurate
SN	bases trimmed:	0
SN	bases duplicated:	1195376680
SN	mismatches:	18656422	# from NM fields
SN	error rate:	1.709493e-03	# mismatches / bases mapped (cigar)
SN	average length:	99
SN	average first fragment length:	99
SN	average last fragment length:	99
SN	maximum length:	101
SN	maximum first fragment length:	101
SN	maximum last fragment length:	101
SN	average quality:	35.4
SN	insert size average:	177.4
SN	insert size standard deviation:	68.8
SN	inward oriented pairs:	52180788
SN	outward oriented pairs:	2934973
SN	pairs with other orientation:	6205
SN	pairs on different chromosomes:	11676
SN	percentage of properly paired reads (%):	99.6
# First Fragment Qualities. Use `grep ^FFQ | cut -f 2-` to extract this part.
# Columns correspond to qualities and rows to cycles. First column is the cycle number.
FFQ	1	0	0	381	0	0	0	0	0	0	0	0	0	67524	0	0	0	0	0	0	0	0	3205	101348	146314	0	0	0	110738	615308	21131394	28040263	4901178	0	0	0	0	0	0	0	0	0	0	0	0	0	0
FFQ	2	0	3599	10527	0	5499	2917	3762	0	4801	22334	13262	10609	14685	10443	15380	3272	7240	7402	4207	20652	3147	9156	25875	33301	100932	47626	126196	132173	810494	1969992	9290275	6680287	4692885	1300930	1274587	4357990	6785188	1410067	8943143	6344112	305227	313479	0	0	0	0
FFQ	3	0	242754	47588	62019	60076	66939	73743	93765	140181	94737	109977	80005	50815	126487	54891	149862	153191	195008	130761	232821	370327	653026	232912	349612	491934	582860	445912	741074	2601802	3101626	3334535	3113090	6091655	3344618	3364331	2077489	4547180	952630	8632650	5824814	1049089	1048867	0	0	0	0
FFQ	4	0	94815	29120	12613	22432	45184	89893	36845	36092	25726	31028	49224	85424	100219	82846	140554	133177	97846	138507	140754	421897	363818	307089	238785	313255	1025380	1171175	2041527	687433	2225012	3802136	6908849	3602563	833638	2187900	4907788	666354	7177331	6010607	6952279	1880538	0	0	0	0	0
FFQ	5	0	0	74	0	0	939	3527	0	799	7867	0	5160	4092	4024	2084	5256	10426	11092	6936	10251	13569	15850	4737	36636	45035	36855	54570	73018	80761	2608625	2866124	3540284	12992853	8669392	822582	2937754	4334225	801709	3941666	3500610	3617707	3759852	290712	0	0	0
FFQ	6	0	0	1	0	0	0	326	2083	912	1788	4367	963	3939	5876	5154	2416	6826	12759	9811	6468	7854	12171	6965	21576	24702	43926	33773	61366	1940498	2031962	3253788	10381827	8116779	536960	715155	1251560	625731	2330231	5869893	10046421	7318723	422103	0	0	0	0
FFQ	7	0	0	0	0	0	1	160	1131	2272	739	13694	937	2441	4828	5154	4798	3369	11301	7632	11501	16729	9883	7899	27609	24247	54984	34792	575922	1590803	3618968	4356329	8501689	6699269	283305	778118	1489800	905869	2731643	8179270	11966456	3031255	162856	0	0	0	0
FFQ	8	0	0	0	0	0	18	274	310	3288	3833	7982	1365	3114	5791	6671	3987	5161	10293	15273	6743	13415	8629	10807	19393	29203	54340	21870	54853	1609481	1901912	2429750	3735931	9506997	7313618	522701	904725	2366687	893409	3773779	7135528	10489085	2247437	0	0	0	0
FFQ	9	0	0	0	0	0	115	459	2506	2014	10729	963	4274	4936	3982	3799	4031	8514	10087	11485	6924	11141	9772	13658	18276	23989	57298	35534	143622	1055471	1345965	7008793	2655916	3725522	434126	551482	865148	3319001	7852756	2269186	19505388	2035928	2104863	0	0	0	0
FFQ	10	0	0	0	0	154	2187	2070	1034	8944	642	3719	3081	5168	6157	3716	8748	9668	10557	7519	7955	10458	12046	8635	23452	25628	69399	56430	30010	216241	752945	2059705	3124493	8179906	5813814	5982859	935475	1139098	2565309	7471716	5160984	3434114	5941365	975644	1046608	0	0
FFQ	11	0	0	0	0	0	375	1450	2898	1132	3150	3916	1868	4249	4712	3739	4761	11750	11141	12019	7686	7625	11543	12896	17043	23365	60033	40383	35965	456274	968310	6213208	5314563	8294051	610996	507050	897217	3515910	3638426	2122242	12137887	4173310	5984510	0	0	0	0
FFQ	12	0	0	0	0	0	288	649	3736	1577	9510	3868	1468	4836	4508	6407	2337	8507	13025	9016	8014	16164	9402	14120	13550	25283	73619	37793	43335	357262	1899519	1397419	11621483	4953976	5338287	654445	579132	632607	3748365	3935237	3054758	12773207	1356574	2504370	0	0	0
FFQ	13	0	0	0	0	2	364	4317	1021	759	11348	304	3358	4203	5009	5229	4468	14279	10303	12034	6770	12542	8358	13417	15037	27809	60052	42439	46865	621488	1421464	7366799	4990183	6650312	839721	738483	639774	3724604	4213992	1926013	14542925	2703423	4428185	0	0	0	0
FFQ	14	0	0	0	0	1	368	2739	2298	1210	11707	827	3951	4449	4978	3530	5221	11828	9624	10028	9898	13275	12002	15211	11303	26239	62075	41252	55335	167426	1662685	5729565	5248929	4663770	3487402	602781	1341237	4827343	6613883	4251192	9203721	4974455	2023915	0	0	0	0
FFQ	15	0	0	0	0	3	307	348	3609	1410	2275	8114	1299	4785	5431	2837	9508	6078	13848	8266	12654	11503	13932	10831	13848	24879	50013	67094	37177	139897	609934	4159813	5319384	5645018	7744540	1250528	301650	4619760	5617378	2409875	9552426	3928528	3494773	14100	0	0	0
FFQ	16	0	0	4	0	8	248	231	4500	1413	779	9954	734	4883	5389	4303	7436	7333	14435	11068	14626	12221	9410	17302	9431	30824	49358	50461	52460	131595	646431	4457626	6389081	5208534	7135138	1293467	470442	4095933	4575472	2867452	10455614	4423462	2636411	12184	0	0	0
FFQ	17	0	0	0	0	7	336	1453	3344	1174	3580	7569	1523	5183	5445	5839	6012	8037	13702	12306	10746	11929	13971	15040	16499	27093	61353	44784	43111	160076	651804	3709121	6567864	5687280	7200184	1487001	982715	3319017	4351870	3254971	8898206	4722130	3222488	582890	0	0	0
FFQ	18	0	0	28	4	0	638	4052	1941	1090	10738	650	4233	5234	6339	5013	4454	14690	10674	10763	9662	11842	13286	18147	10893	31817	48857	47780	58974	108958	625386	3459822	7342352	5704416	7310301	1448626	300431	3765651	4094013	2827353	9744979	4893141	2830595	329830	0	0	0
FFQ	19	0	0	10233	514	1996	1708	7182	2009	2279	10790	3662	3188	8609	15509	14511	10389	13341	18874	25700	9586	10890	19349	13745	27239	29213	83780	78501	99714	347402	739041	3332330	5249809	6025683	6072067	3487174	922481	2283491	4157710	4266621	5863277	6504469	3874379	1469208	0	0	0
FFQ	20	0	0	0	0	11	453	1120	3944	1964	7549	4006	2408	6465	5407	6051	4913	13008	13500	12849	7866	10793	17585	20433	23175	30774	42662	63369	65370	146706	577770	3231336	5593874	5951739	5560590	4540279	332247	2291310	3966635	4667878	5828436	6884456	3721491	1457231	0	0	0
FFQ	21	0	0	0	0	21	555	1214	3938	2395	8985	2447	3104	6908	6645	4040	6607	12998	13928	11750	7060	16472	16367	22737	20376	21771	58158	52984	55799	118329	533120	3362882	6003294	5926580	6014806	3427417	285813	2818663	4164097	4066813	7668267	5475568	3803945	1090800	0	0	0
FFQ	22	0	0	1	12	15	649	1856	3884	1879	5544	5976	2642	5589	6384	5281	6772	11905	14809	11349	9973	12994	22716	13733	28194	21238	48677	75458	63931	139505	544784	2969439	5584261	5920909	6184329	3429222	846727	2305457	4171217	4607930	6408807	5873396	4204010	1546199	0	0	0
FFQ	23	0	0	2	0	33	594	1209	4514	2378	6959	4511	2736	6954	5688	6133	5122	13363	17776	10820	9139	12460	18708	17913	24515	23272	51562	67442	61307	99914	600793	2360319	5912464	5852644	6108770	3847076	940191	1930018	4156055	4875022	5060469	7844377	3298952	1855479	0	0	0
FFQ	24	0	0	4	13	27	662	1582	5091	1772	1932	9890	2093	5157	6095	6469	7187	7882	18915	14031	7852	14264	18115	19623	23145	21523	53835	63243	67431	134703	435029	2235433	5372391	5953669	6074933	4558381	843720	1710727	4022228	5267097	4137035	7819193	4078530	2096750	0	0	0
FFQ	25	0	0	14	0	44	771	1475	4822	3267	7837	3816	3352	8087	7228	4864	5769	12399	17973	13843	6425	17400	14619	23045	16224	27677	67306	59385	73239	153571	647238	1641619	5566777	5832127	6000329	4921316	864727	1410329	4034234	5363956	3703823	8414645	3785472	2376606	0	0	0
FFQ	26	0	0	28	23	65	1478	9482	4375	1461	14683	3369	8776	9087	10078	11439	6251	21132	27078	13125	8671	17053	14421	27960	19883	33045	70059	47343	73938	92831	546447	2090017	5476295	5939365	6058172	4661800	810987	1676798	4053145	5172339	4320030	7647166	4071467	2046487	0	0	0
FFQ	27	0	0	587	29	86	1607	8686	5830	2515	14124	5167	8014	11277	10666	11285	5797	22825	25055	17967	7607	18703	16374	26940	21248	30748	78239	53983	76857	112624	623901	1683508	5303554	5949061	5833119	5380314	864051	1214163	4048153	4782109	4239315	8525226	3611982	2464350	0	0	0
FFQ	28	0	0	2552	0	139	1618	6532	8471	3161	11685	6294	8446	11510	11419	10910	7278	19608	23518	20365	9400	10369	21420	25282	26125	31276	67427	62214	86662	118293	584968	1920855	5631833	5872823	6167732	4597905	862652	1623903	3954454	5313134	4175692	7710051	3976477	2113171	0	0	0
FFQ	29	0	0	81	0	139	1728	9755	6685	3202	12743	4894	11217	10009	12769	13188	6942	20106	22525	23527	11341	15261	20424	31045	20852	48585	75852	50550	85200	191256	574524	1502939	5343684	6104536	6001643	5301881	824185	1314648	3982990	5022443	3536211	8450096	4366540	2081386	0	0	0
FFQ	30	0	0	6358	248	6656	11784	4328	9603	10551	13363	13042	12212	23303	16216	26355	18049	20962	29971	21971	13279	23085	29899	31148	48837	48698	98870	115962	247112	406084	758375	1438845	5196113	5865616	5662165	5532171	954201	1168738	3952466	4981103	3689912	8539675	3891324	2178894	0	0	0
FFQ	31	0	0	133	0	208	2238	4575	11456	4836	7784	9760	7351	14853	13019	10599	9638	18145	25023	18701	17344	10884	19567	31677	28245	38815	81372	57802	95670	140020	573281	1060696	5072917	6291305	5720154	6037200	841620	863352	4016672	4656653	3527449	9410938	3924413	2441142	0	0	0
FFQ	32	0	0	214	59	171	2868	5101	10516	5597	8326	8984	8845	14874	14577	8485	10547	18549	25462	28293	8207	9510	22741	29653	26091	37998	79798	62436	93766	133600	544931	1110319	5112060	6283996	5785260	6020489	879942	914166	3958349	4634112	3475491	9326394	3946844	2448921	0	0	0
FFQ	33	0	0	226	0	275	2683	2321	13366	6000	6668	10957	7482	16104	16691	6783	11869	17110	30016	28509	9111	12173	23294	28693	29444	43878	78451	60145	81245	156780	711959	1015613	5132828	6228748	5716813	6065610	831776	909603	3999867	4569053	3647027	9248948	3904473	2432952	0	0	0
FFQ	34	0	0	291	79	223	3547	1709	13819	6472	5383	12164	7686	16031	17050	8159	11338	17207	31786	27941	9770	12855	24281	31392	28162	50053	79237	61057	88809	164506	736395	1068916	5117854	6236000	5696675	5954430	930906	910898	3983768	4656643	3617619	9226057	3848678	2398575	0	0	0
FFQ	35	0	0	362	0	340	3373	1922	13776	5755	5274	12411	7866	15767	17274	7188	12149	17240	32100	28122	9730	9727	24084	37973	28807	50157	75247	58246	98831	156720	478048	1207308	4866718	6235216	5859032	6131528	964253	855616	3860816	4562322	3393636	9572129	3800958	2595073	0	0	0
FFQ	36	0	0	454	0	372	3622	2137	13829	6022	5483	12597	7906	16948	17700	6969	12426	18447	33232	27077	8826	8958	25834	33969	36000	50420	70316	64416	102536	148068	653869	1149526	5163478	6193515	5809383	5973338	980150	841761	3941415	4561073	3728272	9172318	3815960	2392870	0	0	0
FFQ	37	0	0	644	122	309	4789	1928	14276	6492	5260	12464	7829	18141	17435	7291	13081	19795	31508	25435	11244	9352	25407	29822	38631	41643	85870	71733	74867	179065	552968	1272692	4775810	6270076	5699283	6143428	1051125	783744	4000605	4487522	3279099	9802332	3634514	2601758	0	0	0
FFQ	38	0	0	706	0	464	4714	2516	14791	5961	6087	12565	8792	17899	18558	7175	13378	19830	34688	26743	8481	8529	27441	36061	37684	59188	78761	68162	102375	154298	700482	1221503	4853206	6359806	5741426	6061540	1050129	840787	3942416	4588632	3409263	9466402	3670812	2424384	0	0	0
FFQ	39	0	0	816	139	356	5929	2337	14881	6531	5697	12734	8933	18619	18072	7042	13917	20527	33791	27976	7567	8784	25930	33313	42949	40853	100673	64571	88417	207554	575546	1522894	4737639	6261096	5919369	5711114	1120324	980188	3810828	4602120	3571014	9026655	4248067	2197746	0	0	0
FFQ	40	0	0	967	0	537	5666	2996	14952	5965	6140	12275	8337	18464	18528	7037	13283	21317	33607	26905	7954	8556	25408	38822	41383	45626	96358	71929	89374	186340	760590	1098857	5083499	6287436	5839523	5890473	962357	913272	3951746	4456457	3670408	9312728	3739656	2324067	0	0	0
FFQ	41	0	0	1181	305	849	7587	5634	11967	6643	5673	13044	10082	18636	15659	7788	17311	21694	35317	26474	4949	11829	26604	40101	42080	52003	94786	77046	101668	179864	634669	1308883	4242370	6545955	5705251	6404889	1117812	670383	3920593	4341591	3367747	9294016	4216549	2402003	85999	0	0
FFQ	42	0	0	1407	496	168	9649	1897	15289	8375	4587	14543	7518	22629	15002	8065	15751	23755	40924	21722	5022	13634	25011	43620	39580	52998	92554	84210	100426	138325	589649	1340265	4099205	5719899	5808975	5937351	2010666	1367045	2915706	4276330	4694044	7053124	4705909	2969753	795159	0	0
FFQ	43	0	0	1978	343	674	9047	4713	13805	7477	5950	12911	9432	20352	15148	8174	17181	22248	41193	20270	5923	12443	25879	45131	39305	56347	96186	83761	105452	167732	480027	1439287	4144235	6160167	5768481	5915333	1961865	952036	3262017	4377416	4220346	7717185	4738964	2575960	521341	0	0
FFQ	44	0	0	1858	182	176	8068	1361	14154	8567	6825	12432	7443	20184	15337	7499	10902	21984	31406	18022	13063	15382	25563	37659	42194	55806	83593	89328	89141	164208	673979	1348808	4705479	6487880	5731357	5962336	1235172	856469	3852456	4399767	3785484	8919422	4007909	2209396	96914	0	0
FFQ	45	0	0	2134	194	1010	7573	6319	6081	10546	10919	7580	12194	14364	18290	8328	10413	28250	20318	29882	7385	10600	23725	38406	43722	53080	84800	80704	90339	169250	613565	1368526	4373133	6503756	5730834	6370915	1104045	846075	3782472	4332427	3679845	8777931	4124146	2490258	169986	0	0
FFQ	46	0	0	2450	0	158	5310	2585	5926	15247	11455	7912	8368	14273	18463	8597	5320	20612	20091	26112	10129	12276	18832	40609	34023	52004	87917	72081	86640	148656	634175	1280692	4113644	5833131	5807143	5966689	2031618	1206966	3124696	4255243	4623162	7116171	4541253	2957576	822778	0	0
FFQ	47	0	0	2757	0	0	6701	461	12024	11749	9293	8789	6997	17943	16627	8842	5536	23763	19561	23585	10851	11578	22536	36257	39991	51326	86454	74579	77711	155030	575392	1423929	3844659	5993563	5841332	5955853	2155912	1268487	2933669	4337418	4380534	6569988	5465516	2618743	930080	0	0
FFQ	48	0	0	3119	0	379	6966	3017	11194	9914	10412	8936	5959	18717	17221	8354	5188	25012	18862	23928	10203	10444	21829	36544	46992	49887	91001	79272	81558	162440	729675	1238967	3881455	6407192	5733246	6582618	1244973	1116704	3481631	3994810	4388030	7276319	4882722	2663115	631084	0	0
FFQ	49	0	0	3482	0	180	7549	1884	12565	8673	9719	10435	5838	18283	15508	10686	6194	20747	23802	20049	14059	13993	21981	36688	47144	54240	85725	80592	70349	157057	687578	1422649	2959009	5468921	5769012	5626477	3901350	1112122	2214097	4147193	5363423	4480641	6276202	3144914	1671418	0	0
FFQ	50	0	0	3965	0	212	8617	1338	15980	5344	8649	12015	3276	21258	13912	11390	6122	20908	24981	18968	13631	10631	23256	35416	50484	51388	87490	89179	80514	159410	774835	1328662	3737732	6127084	5755780	6087506	2193498	1021623	3156377	4012935	4502483	7046431	4600649	2962716	897059	0	0
FFQ	51	0	0	4497	0	0	8230	1177	12169	9069	10289	12084	4113	17637	14994	13701	6511	14957	28877	17020	19996	12671	23220	38592	50182	52901	81747	87343	81302	156466	547285	1398327	2747822	5739712	5580219	5832035	3967061	1159293	1959742	4215538	5039801	4415770	6577928	3209592	1793393	0	0
FFQ	52	0	0	5025	0	0	9970	0	18749	4220	8729	12833	3280	21581	12253	13629	6954	19135	27094	17066	16694	12756	21551	41972	52157	52197	98553	88658	86052	192978	591287	1396251	3240263	5682890	5789708	6296491	2769332	1266033	2419987	4017945	4905756	5074035	6413925	2921253	1311728	0	0
FFQ	53	0	0	5621	0	0	10379	0	18785	4400	8219	12546	2123	22623	12764	13129	7426	18841	26245	15044	19364	12940	25162	34415	54768	56959	81491	104554	78859	157232	689935	1266455	3178158	5794656	5810912	5956153	3192422	1060799	2648575	3915558	4806017	5668648	5852053	2936227	1335799	0	0
FFQ	54	0	0	6272	0	0	11108	0	19610	4608	8161	12810	1907	23212	11953	13692	7668	19040	27183	17705	16793	11106	24733	40666	58355	58410	95547	88405	87501	178354	618052	1418167	3813479	5561839	5854998	5812511	2813384	1434180	2447091	4092218	4926616	5190601	5977571	2834659	1247914	0	0
FFQ	55	0	0	7263	0	0	10231	1355	13084	10340	9103	11455	3959	17545	15695	14080	7325	16916	27495	19072	19982	12083	31633	38436	63558	62502	94988	96151	78636	161055	425449	1443165	3274111	5620793	5890655	6467882	2718476	1273558	2352074	4129759	4696241	4536371	7091020	2762419	1329322	0	0
FFQ	56	0	0	7736	0	864	11839	6178	15842	3572	10317	10081	3389	21792	14198	11199	6823	24453	25839	17466	19506	12954	30922	36390	63643	66084	98179	98475	84211	152885	619965	1694833	2769770	5929909	5696092	5961025	3443493	1350364	2010219	4156519	5331725	4001102	6806713	2585697	1606034	0	0
FFQ	57	0	0	8500	0	0	10913	2349	10095	14261	10016	10816	5076	15762	17135	15239	8224	14878	28500	19396	22604	12159	27977	42556	62660	71619	90394	101530	98143	175049	551064	1551793	2723574	5904957	5796108	6211083	3086790	1407065	2190638	4099211	4815581	4386105	7243648	2514718	1400084	0	0
FFQ	58	0	0	9378	0	227	13034	2471	17170	8088	9212	11303	6604	18391	14892	13606	7979	21439	27593	19721	21832	14444	27662	52533	55753	76325	82372	117271	96676	124101	796547	1562872	2753950	5816953	5552584	6307617	3373155	1202080	2386672	3921979	5233068	4101654	6758125	2606233	1492780	0	0
FFQ	59	0	0	10306	0	0	13212	1762	14373	11885	7816	11049	6331	16370	15684	15792	8488	17615	27973	21162	20577	18607	33740	47551	68016	64779	97617	113752	88012	162444	642658	1583810	3374606	5948567	5863224	6341427	2414765	1335782	2624507	3822758	5257689	4454626	6554171	2371083	1187796	0	0
FFQ	60	0	0	11373	0	0	14819	902	18197	8632	8082	11769	6675	18133	14287	14392	9121	18068	29492	18882	22496	13103	31660	44786	64875	76247	84966	104397	109561	169818	825993	1573191	2531220	5835437	5738995	5984423	3775787	1187122	2279320	4023708	5021677	3994834	7080397	2216764	1653142	0	0
FFQ	61	0	0	12484	0	0	13478	2746	10244	14980	9692	10012	6512	14966	17569	16056	9464	12910	29134	23278	22525	16356	39364	48967	62878	71596	105153	107997	96183	194910	434315	1530028	2656415	5484184	5906533	6279741	3568724	1618647	1849307	3763532	4653342	3978715	7128423	3254963	1522823	0	0
FFQ	62	0	0	17786	0	0	13148	3811	6249	18877	9747	9146	8691	10472	19609	17761	10568	9908	28023	28799	19190	21857	31895	51816	68566	69581	91768	121486	98757	159444	830887	1680216	2600933	5491449	6092697	5683413	3974430	1315765	2267958	3951907	4834702	4137753	6573376	2648644	1415682	102597	0
FFQ	63	0	0	24364	0	0	13799	2693	10343	15020	9290	9484	7466	13312	17628	15835	10720	10290	28445	22496	22067	17265	33648	49768	74013	64160	98951	108845	103353	171452	407505	1489781	3121464	5699816	5992960	6123065	3078578	1636134	2133606	3461116	5090200	4214408	6788847	2878200	1426496	0	0
FFQ	64	0	0	32722	0	201	14517	4444	9122	14614	9836	8500	7937	12218	18649	14533	10393	11226	27581	22923	21749	19387	37300	45335	70327	65765	100166	105696	102385	173765	875480	1882042	2825522	5813712	5864667	5804722	3307774	1340991	2460415	3899169	5211285	3960485	6672074	2242442	1318050	0	0
FFQ	65	0	0	42275	0	0	15029	2788	10270	15174	8020	9020	7392	11671	17736	15331	10745	11518	26423	26568	23439	25711	31422	55953	60608	64016	129978	86642	104910	160734	418117	1802914	3078104	5440170	6266060	5916530	3242175	1568170	1937797	4154031	4543583	4116255	7256610	2311000	1352918	0	0
FFQ	66	0	0	53462	0	0	15681	2917	10232	15288	9069	9216	7289	12200	18904	13514	10728	11829	28537	21811	26705	18019	37646	52827	70038	71139	109410	104450	94894	198039	438678	2006245	2781976	5510127	6329164	5526502	3599102	1627118	1704309	4161881	4500998	4175188	7190583	2443590	1291265	0	0
FFQ	67	0	0	65203	0	0	17505	2044	13890	13463	7377	8836	9364	13071	17333	12707	13539	13906	25144	22368	26927	21663	35581	55575	69506	70224	106531	104416	103511	174002	434489	1901888	3190907	5489007	6328769	5977132	2846854	1546269	2104213	3955780	4540432	4515117	6775119	2466409	1141821	0	0
FFQ	68	0	0	77651	0	0	14679	3945	5395	18488	7567	7280	9645	6284	20681	14075	14075	7421	23236	27513	20397	25337	34007	47714	75152	51557	110039	106663	97734	156622	747107	1868875	3168950	5665876	6381277	5879764	2703570	1534366	2482957	3435558	5231579	4232479	6451885	2385542	1008850	0	0
FFQ	69	0	0	91170	0	0	15416	4251	5387	19077	9288	7467	9700	7489	20744	14683	12636	7405	24577	28423	21824	21270	32316	52290	76238	63518	95318	110515	112588	146408	770592	1853599	3316321	5541162	5911250	6137202	2703591	1841207	2397653	3159718	4941741	4566234	5778187	2775848	1278428	100904	0
FFQ	70	0	0	106092	0	0	16169	4185	5188	19669	7961	7071	11422	4874	21508	14997	12679	7840	23065	32380	17819	23985	37627	44906	71527	73780	83598	107006	98237	133633	971852	2192025	3077458	5992914	5977339	5647999	2809935	1334554	2812919	3545409	5197503	4513940	6133246	1769580	1039509	0	0
FFQ	71	0	0	121099	0	0	16487	4506	3848	20774	9660	6404	10243	7121	20390	14535	12275	7721	25026	30488	20632	23173	40209	50035	66086	79617	97754	93515	96932	139804	423722	2085167	3328373	5382712	6307088	5760117	2905050	2006657	1731307	3806717	4190885	4579174	6357403	2795849	1242504	0	0
FFQ	72	0	0	137418	0	0	17328	4488	4808	20126	6688	7721	12473	2787	21901	13889	14864	8742	20105	32391	20504	27630	41578	54064	63784	82248	85193	104834	108565	154383	775028	1879838	3194691	5716731	6134387	5947462	2459321	1818018	2425203	2982776	5055147	4640778	6031284	2516070	1191619	0	0
FFQ	73	0	0	154358	0	0	17591	4614	4787	20736	5802	7178	12745	2113	21141	15375	13961	10058	18368	36993	16471	31031	38422	49612	77201	69885	101852	96494	103556	167003	374849	1928380	3335392	5354550	6504224	5746768	2779974	1837220	1851243	3293323	4391178	4952089	6257810	2950042	1095849	0	0
FFQ	74	0	0	170832	0	0	17473	4387	4451	20250	5770	6577	13908	456	19779	15834	13669	8825	17659	36468	20309	34248	29412	59253	83866	56075	120136	80621	106676	205404	470682	2153892	3519755	4772494	6763152	5434192	2978734	1985772	1856734	3211292	4458640	5071268	5310305	3373703	958975	187696	0
FFQ	75	0	0	189205	0	0	18151	4787	3295	21475	6101	6038	14430	505	20270	15822	13657	7440	20904	34238	18599	30310	40661	52089	90285	53537	106382	92309	106627	157750	825424	2116771	3734374	5691649	6012368	5927181	1852829	1924824	2674167	3065320	4747840	5157042	5023871	2634537	962021	87805	0
FFQ	76	0	0	208234	0	0	18678	4765	3977	20652	6487	6173	13898	462	20222	15811	11517	8063	20375	29296	23798	26203	38743	57261	61746	90612	71830	104253	112449	143575	462098	2330247	3369573	5208099	6674936	5484639	2677818	1981204	1696835	3168659	4341442	5225230	5707554	3076664	935178	0	0
FFQ	77	0	0	228306	0	0	19390	4927	4083	21415	6471	6137	13096	2007	20511	16000	11816	9284	20299	34640	18659	29958	37140	59147	68945	78570	85301	93248	114340	163740	389362	2610298	3417881	4612246	6508804	5219647	3436213	2187785	1327002	3605509	4312664	4756382	5155584	3481042	994056	167906	0
FFQ	78	0	0	249836	0	0	19861	5125	3910	21789	6966	5985	13162	1936	20512	15706	10349	10664	20779	36842	18269	27332	36274	60658	73768	76098	92638	88963	115367	155397	374900	2668842	3609816	4511017	6884783	5050454	3066607	2141949	1635286	3346672	4284968	5321414	4750859	3399635	762776	237126	0
FFQ	79	0	0	270347	0	0	20173	5074	3555	22103	7108	5740	14603	547	20277	15719	10344	8499	21834	30081	26948	29633	34593	68566	61222	88480	79936	92255	121148	167731	381825	2550853	3750551	4822026	6725691	5331938	2483586	2164966	1784449	2928341	4691469	4859463	5330529	3174125	838499	71707	0
FFQ	80	0	0	292121	0	0	20365	4960	3460	21875	7194	5476	14587	488	19846	15459	9976	8982	20789	32601	23906	25567	38695	54855	73462	79700	83667	89751	114777	157188	341937	2391817	3739445	4759197	6984308	5179800	2565376	2162664	1725102	2744110	4467275	5560826	5075828	3238612	704242	135437	0
FFQ	81	0	0	315575	0	0	20437	5331	2373	22427	7426	4946	14586	553	19611	14864	8581	9854	22635	30496	23337	29234	41685	56759	74404	75461	98502	79299	118876	196454	908794	2446755	3584721	4819402	6436555	5210317	2493952	2176338	2200499	2517063	4916513	5700789	4101735	3171615	699175	194783	0
FFQ	82	0	0	342799	0	0	21047	5319	2955	22045	7841	5175	14354	901	19835	14260	9425	9422	20948	32479	23280	31052	38144	55510	68605	84595	85291	89849	115019	180745	458543	2736823	3986122	4646757	6952597	4834400	2483734	2277290	1574226	3002034	4569087	5272919	4680791	3309545	545924	114311	0
FFQ	83	0	0	367037	0	0	21070	2647	5315	11599	14628	8688	10612	4818	13116	17834	11081	9600	17308	32861	24988	29482	39497	59821	59345	94444	72901	111224	116433	129969	431205	2669147	4112158	4690681	6660132	5052175	2377285	2202180	1733437	3025871	4398072	5236558	4661458	3297576	730691	53584	0
FFQ	84	0	0	393832	0	0	20864	2417	5070	11142	14611	7498	12771	2493	11695	18365	10446	8909	16132	28200	31319	29142	39823	55308	72908	77154	77116	102751	120487	160448	374514	2749859	3881561	4622722	6923870	4791593	2648047	2168149	1563726	2886956	4295144	5576269	4723447	3259552	647620	43101	0
FFQ	85	0	0	422043	0	0	20733	2735	4347	11717	14984	7974	12150	2846	11982	15607	12476	6805	16145	32917	28010	28709	36848	40220	97578	62442	107177	88504	89027	234553	349761	2717199	3957182	4615917	6832044	4681220	2588947	2251756	1473682	3048155	4274448	5551323	4714301	3174489	669974	41088	0
FFQ	86	0	0	452676	0	0	21358	5350	2156	22159	8745	4096	13291	2291	19068	13900	6472	9991	21245	32639	25233	33479	34642	53366	67386	81158	79221	103888	97754	152584	399468	2927057	4085982	4522851	6734055	4663038	2598877	2203503	1725805	2719060	4445109	5318975	4570802	3220980	672690	33620	0
FFQ	87	0	0	485696	0	0	21032	5192	2013	21727	8767	2212	14958	2282	16032	12132	7861	11592	18651	36231	19163	22691	37793	38967	84308	80398	71497	115969	94893	184936	416245	2833828	3962386	4486110	6274960	4932226	2672264	2420319	1381699	3031711	4150601	5450469	4507506	3308825	808714	0	0
FFQ	88	0	0	521677	0	0	20682	3782	2951	15949	11875	3886	11815	4995	12069	14525	8095	8579	20228	29825	24454	23220	37800	48251	74206	86330	66560	109985	112798	155771	405629	2904547	4096176	4615771	6860781	4437772	2251190	2458385	1445932	2856485	4282394	5663122	4573939	3058597	554783	0	0
FFQ	89	0	0	560275	0	0	20290	1236	5479	5330	17756	9141	10337	4448	6643	17008	11033	6948	12354	28222	32578	30041	37020	40706	80887	72325	87072	94435	92711	168669	377978	3055820	4329659	4658210	6904619	4328679	2069609	2365041	1659832	2772299	4400259	5356010	4506883	2954477	538832	0	0
FFQ	90	0	0	603210	0	0	19768	1270	5348	5200	17351	8656	10587	4300	5883	16325	11037	4779	12864	25451	38546	27612	30931	43495	76063	79865	77839	95025	86437	178457	421585	2897594	4217706	4638204	6597447	4473661	2313645	2361582	1419184	2685314	4208149	5748846	4391074	3132143	571443	0	0
FFQ	91	0	0	650953	0	0	19490	1140	5146	4950	17175	7577	10809	5090	4486	16062	10752	5730	12908	23396	36691	24051	34619	48726	73982	82932	77197	91996	108050	197782	401030	3047073	4375791	4600383	6671168	4291009	1967907	2477422	1525434	2608016	4229435	5737875	4310439	3066270	512040	0	0
FFQ	92	0	0	703536	0	0	18607	2329	3523	9472	13849	4453	9580	6492	6116	14281	7686	6390	16069	22512	33417	29214	34760	62762	61809	81661	78651	95197	125763	201112	398321	3153777	4552798	4531698	6608113	4171447	1812216	2513778	1640121	2629018	4326464	5417205	4273978	3004469	535536	0	0
FFQ	93	0	0	763180	0	0	18041	0	5591	141	18361	8825	9265	5883	889	16311	10025	6931	7855	23572	36594	21057	41550	48406	66531	85071	59479	106968	114056	184240	417074	3166886	4264578	4533281	6569459	4079688	2082292	2612659	1310713	2687104	4202224	5641264	4238131	3057255	509665	0	0
FFQ	94	0	0	831107	0	0	16588	1126	4110	4297	14117	6726	9294	4012	4507	12351	8719	7879	9949	25676	30465	24656	33848	31201	85348	60572	99528	83871	75749	209515	363444	3149009	4742776	4662886	6482895	4122609	1441451	2498975	1747812	2414703	4425713	5346330	4302812	2902558	513239	0	0
FFQ	95	0	0	909276	0	18	14559	163	4236	91	15276	8175	2724	3845	1774	14599	7820	7832	10576	20574	31351	25951	29514	40175	73190	62230	90416	79423	101779	216285	357254	3188657	4935618	4470775	6447912	3945738	1697689	2343903	1712873	2669481	4206858	5018033	4427673	2768692	660231	0	0
FFQ	96	0	0	1000540	0	15	13041	159	3875	70	13209	7152	2468	3495	1271	12983	5997	12209	7232	24047	24344	22037	33380	42560	88580	48545	94741	79931	121906	189422	399612	3329513	4693649	4483382	6537151	3816161	1620730	2343009	1814215	2337416	4416222	5163060	4189921	2896830	518879	0	0
FFQ	97	0	0	1105619	0	44	10061	1008	2198	2487	9661	5106	2403	1868	3662	8672	4654	6751	9780	14974	29051	20905	24039	29381	82667	54016	81625	89268	82141	218355	362327	3316198	4869377	4546670	6421370	3778425	1318067	2519344	1779168	2278583	4403170	5140074	4095226	2897153	527471	0	0
FFQ	98	0	0	1222735	0	29	6705	158	1994	65	7591	5104	693	2104	1968	6314	4307	8274	6038	17003	18863	22551	24535	30787	79146	42496	96476	73386	98224	206519	501874	3436130	4777228	4645168	6157339	3690480	1516914	2252168	1777390	2297725	4343897	5123452	4057626	2860879	525342	0	0
FFQ	99	0	0	1349628	0	8	2448	316	818	1015	3826	1835	538	1666	951	2954	2372	6386	4528	14591	12125	18165	19732	28755	75369	39022	100763	63040	91490	193484	360026	3445214	4841888	4531121	6226412	3613015	1360436	2492140	1665018	2364775	4438348	4981885	3996349	2862216	521768	0	0
FFQ	100	0	0	1468861	0	0	12	21	0	105	164	27	122	34	37	74	1368	4027	5928	5700	8731	17304	12763	33269	69255	47897	94957	62157	100820	192348	388890	3394408	4810811	4485939	6154453	3528313	1563581	2312111	1744129	2316711	4330056	4966652	3977360	2886826	532252	0	0
FFQ	101	0	0	1602040	0	0	0	0	0	0	298	0	176	0	0	0	1980	2123	15752	5992	3649	18495	25765	37330	85746	76404	128528	102432	184184	226682	697676	3753117	4640122	4623151	6052335	3241767	1854382	2095116	1798509	2543994	4254413	4353796	3675033	2711074	484332	0	0
# Last Fragment Qualities. Use `grep ^LFQ | cut -f 2-` to extract this part.
# Columns correspond to qualities and rows to cycles. First column is the cycle number.
LFQ	1	0	0	22273	0	0	0	0	0	0	0	7766	0	0	54338	152586	0	0	0	3121	0	318	0	0	324286	1142	0	0	215507	409278	2888989	32294173	18727907	50288	0	0	0	0	0	0	0	0	0	0	0	0	0
LFQ	2	0	0	4840	0	484	0	2747	2253	1372	1127	31088	34543	7481	13051	19780	18080	20657	10298	13555	12926	10512	80537	31490	64715	93330	95809	105855	79040	301632	2412449	8963786	7330693	4742478	1494282	1455025	3505970	7053937	2783060	8189197	5699206	230313	234374	0	0	0	0
LFQ	3	0	2769	6245	114	4198	12945	12622	9309	22250	23630	345	21317	24972	38700	27023	12669	56318	21972	37229	13496	38411	44927	17493	59531	77832	114413	182333	238216	841936	3099822	4634919	5399243	6409703	1920137	1543692	4936989	5858065	1760334	9231824	6044587	1182804	1166638	0	0	0	0
LFQ	4	0	0	3221	583	1663	7587	297	4057	29388	104	19832	15695	17588	5153	9847	23303	14033	19744	1790	5149	26866	28329	29956	41072	49650	93177	77449	112290	2661102	2146085	3349216	4816573	5655228	2884092	1306930	2777636	3726145	2921524	7718510	6084062	6871189	1595857	0	0	0	0
LFQ	5	0	0	1918	0	320	705	8277	1856	1470	13666	6811	8417	15006	17816	12354	5112	35650	12368	20125	6470	16919	35735	27397	46745	55580	52523	64771	114066	170076	2828760	3176302	3436606	12635619	8341610	954297	2944862	4309014	790710	3964686	3435383	3541413	3743486	297071	0	0	0
LFQ	6	0	0	3	0	26	120	229	5437	1864	1102	12171	4491	11403	12202	15737	13040	7296	23303	24743	17677	8532	14303	20578	30185	34172	67392	65436	112643	1924516	2334501	3149185	10207837	7964676	532335	815033	1339452	695113	2274138	5890462	9698365	7399515	422759	0	0	0	0
LFQ	7	0	0	0	0	16	54	519	6580	2154	1437	27720	2415	12372	11267	15829	12846	8311	24204	21066	20874	15389	18270	21211	32554	57734	86560	49396	72198	1736519	4018768	4090788	8671971	6553063	541424	869721	1375056	880831	2501178	8058110	11967143	3189354	177070	0	0	0	0
LFQ	8	0	0	0	35	70	200	5025	4343	854	3167	17826	9461	8361	12806	16246	17342	8764	21206	25496	24463	10961	17637	21143	25909	43882	78465	58494	77809	1596618	1960945	2701650	3914483	9175360	7105727	667559	860041	2438746	1072265	3747271	7137730	10063873	2199739	0	0	0	0
LFQ	9	0	0	1	1	189	193	6727	5102	4	6050	23500	4642	15918	17094	14753	10085	13546	27497	22135	17720	12120	21797	25564	28033	38705	82855	69815	298234	1111633	1431093	6967212	2759823	3789203	572679	651764	1115487	3306215	7798111	2766452	18383693	1789559	1946768	0	0	0	0
LFQ	10	0	0	27	178	52	6642	5667	46	5952	17934	4541	14247	9629	14418	14553	18196	26242	17158	29091	16067	9280	15862	27390	18719	59675	79400	90318	74100	151462	959531	2193257	4646637	8007586	6271876	4192223	1002315	1534998	3942891	6682799	4055485	4884779	4433650	953515	663584	0	0
LFQ	11	0	0	19	8	155	1944	6297	3800	2279	12032	7703	7799	12463	13122	14895	7737	26007	33327	23030	10929	8953	22488	26193	51707	44160	74400	83794	64248	527377	1153903	4712180	6039767	7072162	2451877	800087	839118	2894735	3467915	2934228	8825070	7329649	4163010	1381405	0	0	0
LFQ	12	0	0	14	53	63	1180	5795	5974	2126	9590	21271	8556	9829	12647	12322	18637	14782	27576	19246	22633	14217	19706	28520	22510	47686	101958	67675	81860	549707	1584290	1840986	10899560	5295552	5457395	813284	393908	1231681	3237472	4032237	2978401	12481443	1465767	2313863	0	0	0
LFQ	13	0	0	0	4	118	644	6383	5965	114	7582	20301	4957	11876	12578	18065	9493	18453	31718	21493	24996	12512	17901	34847	19435	47660	95612	70541	82941	698222	1437119	1280688	8384369	4422932	5752051	928936	725591	1048528	3812903	5010598	3181730	12465090	1576186	3850840	0	0	0
LFQ	14	0	0	7	108	100	875	6835	7579	50	6897	24828	5783	15123	13065	17813	11902	18345	30954	24162	19162	15912	21410	39991	15760	51822	77059	81517	86963	220265	1126980	5734098	5372173	4736434	3976119	681781	1203156	4495219	6390253	3982571	9661430	4855640	2052339	69492	0	0	0
LFQ	15	0	0	14	57	149	616	3756	6400	2162	4585	20343	4299	16178	11754	17024	12765	16847	36705	22048	18166	15079	19660	30800	22091	38297	61187	94547	89019	101770	610412	4151629	5589632	5625492	7711285	1126464	561422	4627456	5483406	2988517	8713299	4002784	3108776	185080	0	0	0
LFQ	16	0	0	0	0	200	577	5775	7328	1084	6409	19573	6731	14094	14304	18112	11562	20392	33811	21667	23103	15981	19502	30630	23487	40827	81920	78410	90800	110947	685635	4253712	6004168	5425194	6932907	1393173	1093438	3588355	4577665	3587723	9203075	4368665	2963430	377606	0	0	0
LFQ	17	0	0	0	0	162	783	5402	7335	1174	6478	20897	6328	13807	14864	17650	14874	17992	32066	25400	19238	16413	18447	33596	21598	49012	66309	81016	92547	129567	705833	2130524	5994761	5741596	6164617	4724634	955762	1999097	3879168	5276597	4397952	6944941	3719386	1804149	0	0	0
LFQ	18	0	0	0	5	226	731	7107	7806	37	8880	20440	8479	13563	15393	22264	11143	22676	33983	25864	18232	16925	17443	40648	28984	48815	98383	61454	103946	113025	747429	3030113	6572834	5807258	6261157	3623728	395832	2805226	4023794	4129545	7442027	5223340	3338424	1004813	0	0	0
LFQ	19	0	0	0	0	177	775	7192	7800	29	8250	20174	7235	12509	15735	19883	12188	19481	33229	21505	18307	16589	27110	41478	29258	58767	47851	81367	137631	90063	687436	2603081	5710327	5919972	5919282	4386585	939405	1867653	3757839	5163434	5085171	6792997	3811379	1772828	0	0	0
LFQ	20	0	0	1	0	246	756	7410	7742	4	8725	19729	9066	12299	14500	22543	10782	23324	33860	22849	19871	17296	27384	38921	34559	56779	54818	97922	127588	109540	676074	2174204	5997591	5806875	6266148	4212620	859290	2008450	3661148	5509184	4201658	7449280	3648041	1902895	0	0	0
LFQ	21	0	0	2	0	192	919	7196	8331	119	8378	20118	7461	13200	16214	19494	13695	21360	35445	23066	19406	21801	25755	40210	39546	56009	55646	90611	127754	102339	554435	2344382	5133058	6200489	5711579	4911328	912249	1651897	3868105	5002132	4386534	7694895	4299117	1707505	0	0	0
LFQ	22	0	0	22	20	339	1067	6414	9690	1061	7611	21626	7741	14621	16428	20269	15317	20331	40536	23951	19144	21712	26911	40479	40613	58099	62578	92470	131688	116432	567717	2412718	5600990	5860266	6108358	4254450	898447	1964370	3836068	5359760	4772316	7102532	3786549	1810261	0	0	0
LFQ	23	0	0	13	35	272	1256	7409	9237	1727	7802	21239	9004	14185	15707	21858	14982	21686	41397	25378	19950	18685	25789	44240	31898	63208	60296	79331	143089	110610	791519	1815247	5674995	5941628	5641264	5060286	920922	1514743	3959520	5185752	4263386	7783786	3998047	1790594	0	0	0
LFQ	24	0	0	24	41	247	1468	4798	11353	2952	6467	21628	8028	17302	15795	19958	17151	20739	42931	25047	20871	22491	28637	43665	35755	51571	76001	102408	116617	132118	538132	1705477	5479360	5885815	6048335	5074739	963498	1432309	3917975	4835873	4238689	8382318	3678057	2125331	0	0	0
LFQ	25	0	0	40	0	423	1340	8124	10442	1831	8755	20198	10240	13446	17036	22096	16737	20243	40929	26644	20932	21465	22943	40853	43267	55864	71807	97619	141267	148976	730409	2391260	5621073	5760994	6104240	4180059	946439	2032570	3831749	5319667	4837513	7045486	3668124	1798869	0	0	0
LFQ	26	0	0	64	65	186	2613	12163	10048	2998	23402	6212	20009	18724	16989	24276	13925	39072	33393	30066	8986	18941	26373	41018	41033	65172	75032	91001	138494	145591	659079	1955826	5406850	5974477	5912154	4989433	923909	1584690	3863160	4891192	4703702	7988334	3238989	2154327	0	0	0
LFQ	27	0	0	100	153	266	3154	13602	10565	3182	24447	5492	22173	19175	18386	25828	14444	41310	34317	29966	14971	20690	27497	48861	49130	64946	96187	81742	116786	137185	690635	1439145	5222771	6179212	5851738	5498961	959337	1224981	3824261	4696480	4168888	8500105	3918271	2052625	0	0	0
LFQ	28	0	0	161	0	501	2753	14363	12743	1586	24927	9324	19175	17629	24674	26244	11522	43558	30340	39810	11018	13461	29705	41336	54825	64244	90599	88047	137207	153811	704310	1414218	5409059	6138921	5907117	5362189	957547	1293666	3827535	4736311	4291873	8405245	3772333	1968055	0	0	0
LFQ	29	0	0	227	224	193	4201	14210	13171	3710	23283	5833	23382	18295	22347	26516	14304	40743	30785	38233	15081	13685	32365	40841	49311	65250	98070	88540	115056	180671	591292	1522868	5455571	6106468	5974726	5357144	976070	1290818	3799239	4739471	4238805	8418651	3709203	1993047	0	0	0
LFQ	30	0	0	317	332	104	4768	13548	14520	4360	18539	9170	23699	17808	20657	32092	16164	34318	35409	32138	23418	12497	30123	47995	46478	77042	92546	108982	146525	180376	525455	1377910	5248331	6122639	5855248	5801476	955141	1093121	3792464	4694777	3956090	8974700	3493002	2217581	0	0	0
LFQ	31	0	0	441	0	860	3863	16074	15476	2553	24884	9019	21483	22321	23338	33284	12612	47315	31205	27895	19932	15112	21443	56870	47476	82877	93139	100775	131779	198280	747872	1234940	5253585	6160316	5871881	5701195	955317	1161270	3755854	4670202	4054410	8900594	3508862	2115219	0	0	0
LFQ	32	0	0	540	285	890	4931	16211	15139	3328	21432	11475	22523	22179	23590	34449	13423	45679	29535	28957	23691	14304	20220	52050	64509	65990	107160	101698	120727	185588	713194	1271010	5115366	6233715	5842924	5849748	1080394	974247	3874229	4435529	4073513	9026607	3467810	2142073	0	0	0
LFQ	33	0	0	802	2164	8722	16616	16443	19908	10806	28447	24921	24445	29929	33202	52390	38350	42578	43973	48675	55231	53512	66486	94280	287306	161928	216852	403943	672696	678036	1068477	2585982	4908652	5461764	5322745	4820486	1413921	1951454	3965752	4550050	4442594	6716338	2933172	1875838	0	0	0
LFQ	34	0	0	834	220	2141	5212	20217	14229	1306	24593	13109	23617	23211	28679	36775	12910	53276	33308	29809	17959	17607	21777	61291	72744	86947	104929	107732	126475	235067	661177	1346413	4513090	6313801	5765368	6091132	1287052	796349	3836595	4314604	4216562	8649829	4091891	2004873	84036	0	0
LFQ	35	0	0	1031	0	2637	4922	16393	17319	2005	22606	17674	20874	25378	31520	32955	17166	51078	41077	31149	20675	16818	21508	63784	71428	93598	105117	97696	106607	210522	532591	1533767	4489042	6400287	5866774	6111162	1130987	1084993	3595108	4784924	3709103	8720750	3702957	2175697	165746	0	0
LFQ	36	0	0	1292	825	2271	7586	17946	13429	6366	20535	16398	24644	25182	28648	35978	21815	47952	42282	36783	15835	12279	29598	59949	74633	87238	108376	115741	130350	230525	676618	1513263	4065497	6364228	5615750	6439245	1046845	1486000	3184036	4363526	4468575	7640685	4253330	2363726	450031	0	0
LFQ	37	0	0	1557	1296	1694	9786	16151	13647	8143	14851	19378	23829	24780	25221	40775	20266	46063	39032	36906	22015	17526	24565	54644	86190	77513	118408	113783	117952	226919	772670	1489977	4528886	6412033	5715503	6045029	1280315	895482	3770934	4484006	4002059	8879184	3515835	2066109	82793	0	0
LFQ	38	0	0	1831	1469	2513	10628	19537	12616	8283	19953	16565	26361	28923	27042	38892	21644	55250	39258	38483	14873	16403	24345	56924	84396	101306	104780	115553	160205	262624	617366	1535446	3583396	5985228	5577407	5545359	3445580	776194	2899910	4063811	4390859	7384160	4870135	2294174	861272	0	0
LFQ	39	0	0	2137	1485	2900	11948	22541	13380	7775	28090	14859	33136	30856	26360	31648	38428	57551	39324	32227	8189	28351	41013	70471	86274	100700	119514	101343	140870	245187	725019	1433461	4199985	6088170	5650692	5347378	2722370	1181828	2893384	4368247	5090204	6264904	4932885	2178770	723967	0	0
LFQ	40	0	0	2479	1658	2319	13478	10462	14432	16686	10572	21763	21686	35386	30608	20138	39859	39218	60121	41587	9384	15493	36955	56535	92175	92691	113633	131775	129355	234568	475348	1785400	3356995	6394618	5449742	6308799	2067472	1271006	2951623	4097967	5017683	6522410	4944510	2408261	787261	0	0
LFQ	41	0	0	2840	1663	3354	14317	14641	11687	17082	11352	21216	26331	33678	32006	20865	38900	45862	57205	45476	6422	18039	40377	59920	80254	99246	114095	150050	138011	239126	567492	1638140	2846419	6200541	5440767	6245524	2943071	1242876	2666297	3816007	5259309	5362273	5966129	2463577	1127363	0	0
LFQ	42	0	0	3310	0	979	9110	2989	11801	11407	15110	9196	20933	21518	29200	18718	15918	26905	30907	44059	25128	9941	30506	38719	69176	84957	85593	115291	118741	193535	454818	1537538	3527056	6329764	5552731	5875584	3063644	701229	3009429	4150370	4557357	6571673	5393746	2535160	820803	0	0
LFQ	43	0	0	3762	0	1313	9326	3946	11745	9969	20411	11096	13859	26794	31239	10818	10810	38810	28112	41663	14543	11662	25481	50737	63494	76999	91845	120171	128750	191115	689566	1306955	2907816	6328476	5435231	6135794	2984478	1200862	2525525	4069209	5215614	4871481	6401495	2591453	1405598	0	0
LFQ	44	0	0	4254	0	1462	10225	4179	12306	9727	17682	8999	15278	25330	27109	15357	13007	35421	30868	45227	12795	16272	28484	58286	55204	80542	114347	105675	129634	186506	574336	1479470	3470265	6355248	5530993	5856609	3026358	736243	3016836	4044166	4506705	6527636	5593546	2454353	872532	0	0
LFQ	45	0	0	4869	0	1475	10854	4606	13402	9625	18136	10892	13972	27309	27512	13019	13278	33616	33602	39662	15303	14844	26869	47447	55641	80418	86779	122398	135632	200280	557344	1391310	2939455	5706780	5559498	5873140	3781718	1211004	2202591	3980339	5457858	4026004	6671200	3013584	1665359	0	0
LFQ	46	0	0	5608	467	1301	13335	4040	13680	10814	19668	11668	12049	30977	27999	10551	12594	45325	25293	43421	14089	15581	22571	52825	62922	75469	104969	120492	131231	188021	696498	1633707	3326779	5932114	5591660	5896493	2940958	1298304	2508823	4313025	4714284	5864940	4876935	3222773	1191029	0	0
LFQ	47	0	0	6316	0	1729	13333	4903	14901	9462	20813	10903	12615	30226	28499	11165	13078	44445	26426	41571	19544	13206	23663	56980	50966	80848	101867	124881	126471	181706	559360	1440268	2622323	6155069	5524990	6404310	3334380	1179192	2388659	3851293	4494204	5243472	6548654	2664671	1588951	0	0
LFQ	48	0	0	7173	0	1830	14061	4961	14913	3369	15484	20863	5659	28344	24429	19897	13906	32360	40229	28110	34075	10954	31241	52459	65404	84861	102592	123746	147257	205947	425544	1586187	2663758	5310260	6055022	5606656	4198323	1465467	1739389	4207780	5054640	3402066	7356905	3087526	1760534	0	0
LFQ	49	0	0	8100	0	1834	15338	5352	16107	3487	17983	18155	4752	31925	24144	15917	13608	36070	37537	30259	32495	13963	20493	53324	65199	89147	100504	143818	126783	172511	398130	1611095	2552028	5709197	5734951	5997231	4042033	1246551	1909515	4074063	5103628	3627709	7094206	3153579	1683999	0	0
LFQ	50	0	0	9177	0	1863	16393	5702	17018	3615	17597	18726	4200	33444	25013	16044	16192	33953	38271	29781	34074	12914	25548	55379	62787	99680	93946	130985	132255	203997	386346	1629031	3057363	5483383	5883086	6061844	3666249	1218650	2236621	3965640	4879173	4334265	6379685	3147135	1550974	0	0
LFQ	51	0	0	10302	0	2027	17382	5709	17363	3781	16924	18170	2830	35491	24683	17045	16712	33249	38989	27267	34565	12923	26003	51513	76131	82611	103686	124486	144996	201746	608915	1379232	2261927	5801727	5654038	6064889	4389014	1224212	1918911	3492652	5015911	3831404	7339218	2998833	1870090	0	0
LFQ	52	0	0	11461	538	1468	20427	4970	17609	5273	15579	17940	5524	34458	23760	16808	19081	31782	39209	29327	35470	15623	32613	50937	79372	95351	94309	142556	130649	190519	428903	1555486	2739690	5394797	5952850	5813510	4235479	1271947	1906637	3885761	4766772	4087243	7395297	2558005	1820271	0	0
LFQ	53	0	0	12834	0	1922	19429	5826	18102	3999	11493	18979	6944	29636	24663	15673	20745	31154	34265	29672	33821	17865	38473	49002	72157	106442	97522	128673	137654	185691	565790	1566021	2295593	5569776	6015907	5430761	4778077	1465877	1557761	4067231	4924638	3179020	7963228	2523261	1894971	0	0
LFQ	54	0	0	14223	1024	1013	24491	4103	17598	6920	12683	16150	3637	37768	21864	17899	20463	29922	42236	27732	36267	17091	31626	56348	80287	90903	117699	133185	143950	202594	715907	1341789	2663689	6009747	5520317	6148550	3682699	1403259	2307941	3704322	4975040	4146284	6679648	2629032	1784476	0	0
LFQ	55	0	0	15711	1576	499	26831	3441	17427	8165	8556	16637	10652	28874	21881	15203	23958	32459	36402	31633	30579	27120	30934	62175	82126	96392	120583	126815	149268	189072	423526	1658967	3004406	5671347	5791547	6325310	3296302	1400084	2250634	3917170	5013518	3762882	6912932	2746920	1499017	0	0
LFQ	56	0	0	17472	1115	1078	27369	4112	18269	7162	10335	14654	11932	28426	24014	13977	25038	33275	34987	36115	29350	25520	31435	64536	75111	107434	111640	103098	174533	218004	472358	1817768	2961335	5938739	5916121	5929209	3389229	1384170	2146732	4132321	4577746	4393083	6774318	2414310	1355163	0	0
LFQ	57	0	0	19248	2117	0	31944	2447	17808	9897	7609	18086	8218	32927	22185	15106	25245	32747	39546	29387	34811	18750	35951	64416	82511	109774	112245	117166	170219	208403	447488	1627233	2716681	5521462	6103042	6018641	3863452	1313073	2087479	3730151	4680511	3931557	7233034	2700724	1569274	0	0
LFQ	58	0	0	21120	2193	0	34222	2746	19247	10522	8464	18065	8591	34212	22055	19032	24454	31915	43782	33713	31942	22607	45553	69028	83768	110826	128863	118059	187035	214633	570720	1511133	2597318	5880506	5725439	6170205	3588175	1549786	2221143	3493419	5100822	3829992	6779588	2924951	1480790	0	0
LFQ	59	0	1098	23185	8750	1383	41529	11587	17938	12738	17449	30116	13322	31018	26765	39586	27757	47660	47754	48839	69295	71223	54775	102859	112275	167200	233217	452808	445454	688174	1448044	2356801	4463420	5500814	5683849	4823774	2212660	1534823	3786632	3936308	4097533	5220314	3733394	2402967	679582	0	0
LFQ	60	0	0	25398	2275	0	36608	2428	19301	10529	4272	18204	10838	27057	23080	18571	26266	33083	38599	38364	24549	44515	37714	71966	97028	90639	139424	133859	173895	217474	458269	1802448	2886745	5633239	6114194	6072448	3558373	1372568	2115518	3780186	4779169	3981399	6810453	2661483	1288606	0	0
LFQ	61	0	0	27978	2238	0	39872	2423	20324	10380	8636	19170	5837	39104	21612	19504	22389	33567	47525	25696	43234	18005	55579	64751	95436	101864	135212	131213	194321	208397	415122	1788317	2807797	5384242	6356638	5928286	3727758	1390051	2233628	3679746	4709655	3945009	6693835	2719314	1361080	98697	0
LFQ	62	0	0	40652	2184	0	40794	2365	20830	10977	4606	21416	6918	31162	26491	14117	28072	38327	36244	38494	32674	37462	44374	74736	92586	97966	136020	140546	199172	231856	481762	1846393	2814038	5714356	6066799	6190777	3281090	1610738	2180479	3709123	4512161	4150642	6776649	2495422	1302185	0	0
LFQ	63	0	0	58938	1115	7721	36857	16075	22175	10830	22872	10511	29405	33389	11897	24620	38950	55401	29716	58006	41943	47324	80472	94972	90030	148301	118190	129975	271616	404823	616570	1944616	3152767	5673166	5943529	6037265	2984163	1504013	2314520	3625102	4784242	4090703	6416257	2397980	1150154	0	0
LFQ	64	0	0	79754	2172	0	45267	2256	21560	11097	6601	21144	5073	34920	22079	21090	23812	35863	44744	38440	36824	34156	45227	78661	107126	102938	126750	169878	202136	202305	457350	1738864	3095450	5829608	5958845	6209831	3004629	1688055	2333790	3416848	4810098	4140289	6243715	2760186	1264967	0	0
LFQ	65	0	0	106806	2089	0	43226	4701	16602	14300	7452	17805	8379	28797	25402	22351	23515	31085	41658	42654	32550	43738	46632	62373	124071	84356	150647	141683	189887	236886	442651	1733581	2941732	5728972	6134534	6156005	3276799	1623878	2263068	3264500	4699254	4215949	6465027	2604655	1311825	0	0
LFQ	66	0	0	140010	2039	0	47764	2074	21595	11047	4989	18527	8123	31721	23961	19468	22535	40390	39880	38618	39240	41121	44514	62445	122844	87394	147550	145885	185366	239015	396500	1766885	2981313	5711970	6192503	6001907	3320568	1631163	2337279	3265315	4611299	4173768	6416113	2685753	1264390	0	0
LFQ	67	0	0	176967	1880	0	43257	6878	11492	18683	8256	15468	10214	22731	27766	27802	15567	32118	43944	40276	38960	50006	44124	72381	116674	92693	151561	159682	171993	234122	460325	1810111	3438041	5863769	5919473	6191048	2628579	1889338	2200223	3547845	4946090	4089763	6099449	2411629	1140972	0	0
LFQ	68	0	0	218717	915	793	39803	7224	12508	16372	8408	14773	10191	19306	29226	22939	12460	33173	46436	28873	48601	36859	41533	65070	112723	98584	145230	143048	186032	219972	417568	1968406	3053392	5784288	6417267	5863709	3044136	1576353	2248665	3674146	4307073	4728700	6155259	2321027	1016287	0	0
LFQ	69	0	0	392842	806	3214	48467	1252	30543	14850	10803	17353	14771	39904	30408	16261	17320	48485	41436	42456	52237	38900	52655	114814	100871	130176	176459	142783	215076	249752	485869	1698522	2963927	5622441	6247212	5813131	3263790	1926366	1841147	3364391	4170457	4756794	5928452	2801864	1188628	0	0
LFQ	70	0	0	345430	1767	0	45661	6788	13900	20472	7355	14857	13343	36385	33574	18478	16417	35915	44698	37443	79845	35206	44251	105143	112771	135898	148108	169580	173598	245245	493930	1843176	3079090	5497407	6433682	5731317	3081681	1895319	2099916	3345604	4211761	4549843	6012092	2615035	1205671	0	0
LFQ	71	0	0	381010	1734	0	48993	7046	14003	20379	9681	13664	7033	39599	31810	20368	14382	37092	50973	28339	66677	32519	42702	80962	138346	122264	172938	164054	141269	254066	408092	1801616	3394337	5356585	6543005	5852618	2819109	1959803	2193767	3071257	4272485	4887729	5494620	2782010	1081213	95162	0
LFQ	72	0	0	423568	919	679	40279	14942	921	27454	14858	8985	14957	17950	34587	28130	14546	19224	53533	47133	44919	46632	52334	62515	144050	116232	153486	154670	135031	263734	465798	2155495	3025866	5568170	6439485	5493513	3234565	2016956	1702034	3337672	4187285	4835755	5691356	2677551	1103342	0	0
LFQ	73	0	0	472928	1007	348	38251	12826	535	25884	9141	9081	17990	4392	34617	23391	17883	21674	38688	52410	27985	55577	42099	60546	122323	114216	133137	149910	156235	213425	488460	2157823	3119339	5252224	6669186	5485648	3328886	1849153	1892914	3179500	4141773	4964947	5314314	3017386	977843	88578	0
LFQ	74	0	0	519948	643	615	38118	13150	849	25426	10023	7400	19045	4559	35435	24373	15360	21613	36520	55976	28918	56347	39004	63190	137677	102669	150952	154002	128160	281679	437555	2098019	3353399	4727043	6932826	5209694	3787109	1670996	2019215	2776285	4385889	4969486	4806911	3480193	796768	270816	0
LFQ	75	0	0	572045	948	331	39230	12214	473	24968	9178	9678	15412	4408	33997	22344	15745	21977	36411	52075	28130	54362	35666	50576	136042	105319	136508	137796	153195	227529	462588	2268827	3528415	4835092	6990510	5380603	2960185	1999663	2063861	2909641	4373952	4855305	4824933	3258059	774362	174576	0
LFQ	76	0	0	625411	302	867	37735	12908	962	23279	10217	9406	15251	3303	33968	21854	14205	21432	36511	51480	28405	53111	37761	52163	132901	109922	121193	154991	124731	229695	422637	2235522	3560591	4453306	6830251	5341894	3468811	2052370	1820110	3134887	4112275	4940100	4288863	3673592	930964	263352	0
LFQ	77	0	0	682567	537	556	39535	12681	634	24377	9716	9302	14965	3581	33172	21138	14713	19336	37293	50643	26895	54923	37290	51299	125374	111682	125622	157436	135256	225003	467813	2281533	3495261	4621811	6843656	5325942	3450499	1866030	1926864	2737672	4330111	5000594	4518747	3492786	753259	245951	0
LFQ	78	0	0	742043	505	547	41004	13038	577	24056	10157	7809	16262	3475	33200	22216	13050	20367	39535	51688	28396	54311	42304	57025	122395	121619	128822	142269	163695	223504	456743	2450601	3584078	5327264	6815067	5171936	2662911	1908009	1964896	2897935	4374421	4840480	5280355	2572034	838951	0	0
LFQ	79	0	513	803230	7591	547	58334	15280	1848	26187	10449	24211	15085	7657	35754	32609	40385	27723	47824	59375	28198	83848	45610	97991	132372	90128	178624	245311	335145	658518	738586	3356083	3449011	4850243	7005889	4280421	2856353	1697807	1393686	4113660	3972891	4665282	4722956	2424118	435033	78446	0
LFQ	80	0	0	865173	744	213	42923	12179	337	24395	9911	8030	13539	5050	30139	19693	14879	20530	38923	49773	30976	53261	37427	52524	137449	105101	144900	148966	145645	236178	374292	2389230	3708650	4530535	7009527	4978346	3142238	2169211	1737871	2793380	4172098	5447072	4179500	3267658	667689	213863	0
LFQ	81	0	0	930600	446	385	42524	12435	487	24247	10322	8746	14442	3565	32134	21217	11747	18249	40731	51742	26361	56608	36542	53893	142643	89305	162208	138626	152412	262636	437925	2582997	3839623	4451519	6797080	5036276	3130468	1908544	2000430	2727806	4154430	5233622	4013876	3315379	741731	190077	0
LFQ	82	0	0	995514	551	167	43533	11778	267	24277	9830	7420	12469	6440	26476	20830	13780	18120	39870	46577	34324	47980	41685	46978	134704	103802	135538	143801	152092	243556	497593	2538558	3680775	4913800	6555885	5094133	2811937	2162304	1623383	2945006	4071779	5268565	4425323	2986086	780619	62252	0
LFQ	83	0	0	1064144	179	503	42986	12256	482	23458	10284	5673	15074	5204	27460	19925	12545	17095	40350	44236	33376	48004	46311	43851	118020	119889	129697	160533	152983	234893	484542	2653867	3834790	4665586	6848304	4767250	2830199	2157570	1700902	2720864	4225702	5333652	4217091	3101521	578145	103524	0
LFQ	84	0	0	1135105	339	316	43359	12182	345	23391	10533	6000	12663	5600	25318	19539	10659	20851	39803	45146	32687	50510	36417	53943	130653	105203	151067	136657	144182	261025	379409	2757410	4026537	4944573	7006039	4639071	2453694	2039143	1836478	2770901	4214968	5341838	4234127	2819351	500924	43510	0
LFQ	85	0	0	1208326	407	147	43127	11271	194	23526	10035	7936	12969	2279	30566	17480	7715	20221	38032	49265	26650	51211	33350	50192	120355	103658	149150	126139	157854	252868	434978	2712269	3826118	4900593	6740539	4621803	2653884	2081876	1703549	3008633	3931695	5371305	4369855	2815489	618193	38817	0
LFQ	86	0	0	1285248	112	393	43634	12393	366	23178	10524	5624	12068	5341	24728	20434	6721	23491	39709	44575	32706	45882	40664	48424	127522	105468	157488	121243	142567	300594	325451	2798452	4197092	4973700	6751036	4511846	2376294	2112949	1894887	2849607	4136069	5256272	4047760	2756728	571363	0	0
LFQ	87	0	0	1364838	236	207	42420	11393	227	22260	11286	4527	11895	4464	25091	17800	8265	21356	37292	44882	33124	54107	37539	49072	119609	104963	155154	144030	135139	227204	472527	2789122	4165804	4919974	6439607	4698032	2330527	2185359	1766279	2896209	4187280	5041503	4189630	2702212	617097	0	0
LFQ	88	0	0	1448957	0	411	42188	11971	366	22026	10488	5536	11850	5485	22855	18926	8807	17905	41882	43247	33319	45054	45303	54200	128968	94699	156670	123776	177476	255079	518166	2844561	4250536	4910074	6584543	4179879	2342273	2279482	1769945	2885538	4318473	4870825	4294228	2511224	543440	0	0
LFQ	89	0	0	1539045	99	310	42374	11659	288	21537	10372	5739	11460	3317	25525	16930	5395	22839	36749	44492	30833	47301	39856	45091	131263	99627	166772	120332	156035	259446	436177	2912805	4271582	4960108	6694621	4274359	2230544	2014637	1930856	2623064	4176049	5241657	4049711	2587600	467660	0	0
LFQ	90	0	0	1632235	254	87	40779	10121	132	20534	9354	5129	10565	4571	22693	16690	4904	19200	37632	39065	30272	42713	42047	40393	124807	96660	147102	139623	164512	266045	423733	2870156	4028165	4805802	6635081	4197491	2367182	2309453	1732217	2682917	4045709	5396105	3871448	2753240	512133	0	0
LFQ	91	0	0	1734258	0	264	38805	10084	271	19502	9595	5162	10254	4115	21259	16270	5186	18721	35869	42742	26608	42661	41669	41347	119818	97583	150673	131136	160777	240219	449345	3088535	4126582	4662330	6637169	4071481	2377627	2238282	1707523	2679095	4124800	5273129	3751100	2733955	482463	0	0
LFQ	92	0	0	1845214	63	210	38495	7597	2558	14136	11944	6870	7319	5942	15580	18556	8412	13355	32719	45331	23444	49046	37967	39327	122685	100012	147284	126815	154028	222232	436017	3010037	4278580	4656960	6570502	3929616	2460719	2191127	1646705	2783510	4061384	5266029	3710545	2693492	461256	0	0
LFQ	93	0	0	1965837	55	193	35679	8788	156	17327	8549	4654	9000	3818	19250	13886	5760	15190	33834	37408	27179	42236	37462	37630	141894	68276	164670	122508	141318	256983	411053	3156209	4223248	4574571	6654090	3888086	2169150	2322997	1693008	2616395	4117677	5240225	3670400	2676766	433016	0	0
LFQ	94	0	0	2098149	145	52	33406	4189	3843	8344	14535	5817	4835	7799	7313	21039	9402	6689	30559	38907	22600	45133	35837	47253	112809	90071	142815	115255	158227	256325	385256	3229853	4387695	4609050	6551149	3741234	2093350	2236760	1807166	2549380	4122601	5141441	3568247	2663572	438822	0	0
LFQ	95	0	0	2249956	31	111	29767	5660	1815	11152	9069	1768	6124	5580	14331	13506	9101	14638	26880	39227	27541	31711	43537	32264	118473	82504	136567	129622	138825	253747	439502	3106307	4504712	4651185	6538887	3715122	1929034	2172896	1887916	2384944	4145686	5073492	3637060	2594619	442781	0	0
LFQ	96	0	0	2418771	0	110	26104	1782	4326	3183	11306	4457	2142	7702	5183	16309	12808	5204	24230	32836	24985	40146	38064	39050	122003	68350	152541	113770	132747	244706	405584	3451027	4502190	4499596	6315883	3664988	2091939	2227955	1703580	2340011	4189256	4907541	3572462	2578717	443790	0	0
LFQ	97	0	0	2613891	0	80	21268	186	5094	30	10547	5298	1342	6286	1005	15843	10657	6406	13596	31349	25883	30457	37013	36613	110828	76101	145275	114310	129791	267186	426464	3175604	4516416	4657132	6238325	3629358	1848270	2153890	1790985	2374084	4035041	5111752	3457426	2606971	448534	0	0
LFQ	98	0	0	2836296	0	47	14163	114	3298	15	7116	3951	1856	3113	1901	11182	7102	4688	13535	21641	17501	32851	32051	37517	105926	54746	150411	112360	135793	233030	411189	3346477	4675965	4614792	6195384	3588263	1546174	2193592	1856811	2326060	4117983	4856042	3432156	2530199	447961	0	0
LFQ	99	0	0	3081677	0	25	5197	50	1550	3	3650	2332	392	2184	1298	4386	5940	3228	12976	8035	11868	23770	27427	44041	87882	73933	137946	107786	169584	243678	522258	3399269	4591002	4483381	6089247	3540146	1534461	2229184	1774638	2230718	4153998	4749569	3491995	2474054	445258	0	0
LFQ	100	0	0	3347906	0	0	12	7	0	118	261	98	338	27	39	2932	242	5967	5454	1889	9004	25864	30153	52297	100269	62536	176910	149063	125696	265730	548702	3434300	4377511	4422771	6019176	3388138	1778945	2158821	1751379	2221556	4006861	4781854	3312388	2539240	447598	0	0
LFQ	101	0	0	3565307	0	0	0	0	0	0	135	400	127	475	4594	1555	9796	115	675	5365	8411	54698	54298	98640	130418	101602	240008	282327	186679	364116	793022	3782460	4367990	4580519	5879445	3090703	1774772	1930313	1794191	2246716	4090349	4157730	3062239	2264998	404786	0	0
# GC Content of first fragments. Use `grep ^GCF | cut -f 2-` to extract this part.
GCF	1.26	0
GCF	3.02	5
GCF	4.52	4
GCF	6.03	20
GCF	7.04	12
GCF	8.04	17
GCF	9.05	40
GCF	9.80	90
GCF	10.30	91
GCF	10.80	139
GCF	11.31	138
GCF	12.06	258
GCF	13.07	499
GCF	13.82	1096
GCF	14.32	1097
GCF	14.82	2035
GCF	15.33	2046
GCF	15.83	4080
GCF	16.33	4093
GCF	16.83	8416
GCF	17.34	8468
GCF	17.84	15979
GCF	18.34	16029
GCF	18.84	28091
GCF	19.35	28207
GCF	19.85	46030
GCF	20.35	46161
GCF	20.85	70785
GCF	21.36	71060
GCF	21.86	105052
GCF	22.36	105348
GCF	22.86	150976
GCF	23.37	151534
GCF	23.87	206534
GCF	24.37	207249
GCF	24.87	272430
GCF	25.38	273442
GCF	25.88	350232
GCF	26.38	351272
GCF	26.88	431837
GCF	27.39	433367
GCF	27.89	519335
GCF	28.39	521187
GCF	28.89	612234
GCF	29.40	614983
GCF	29.90	701096
GCF	30.40	703787
GCF	30.90	787003
GCF	31.41	790052
GCF	31.91	864183
GCF	32.41	867450
GCF	32.91	932956
GCF	33.42	989155
GCF	33.92	992977
GCF	34.42	1040319
GCF	34.92	1044091
GCF	35.43	1083635
GCF	35.93	1087011
GCF	36.43	1114662
GCF	36.93	1117640
GCF	37.44	1151436
GCF	37.94	1154881
GCF	38.44	1178095
GCF	38.94	1181817
GCF	39.45	1193461
GCF	39.95	1195853
GCF	40.45	1201229
GCF	40.95	1204250
GCF	41.46	1200102
GCF	41.96	1203022
GCF	42.46	1209198
GCF	42.96	1212652
GCF	43.47	1224660
GCF	43.97	1230025
GCF	44.47	1249877
GCF	44.97	1254878
GCF	45.48	1269421
GCF	45.98	1275086
GCF	46.48	1280347
GCF	46.98	1285064
GCF	47.49	1281394
GCF	47.99	1285389
GCF	48.49	1271476
GCF	48.99	1274581
GCF	49.50	1265514
GCF	50.00	1270206
GCF	50.50	1255367
GCF	51.01	1258545
GCF	51.51	1248777
GCF	52.01	1252415
GCF	52.51	1263022
GCF	53.02	1267467
GCF	53.52	1284678
GCF	54.02	1290317
GCF	54.52	1323490
GCF	55.03	1332025
GCF	55.53	1386219
GCF	56.03	1399005
GCF	56.53	1488508
GCF	57.04	1503312
GCF	57.54	1643705
GCF	58.04	1663422
GCF	58.54	1778746
GCF	59.05	1795468
GCF	59.55	1880114
GCF	60.05	1887904
GCF	60.55	1910164
GCF	61.06	1914430
GCF	61.56	1884244
GCF	62.06	1881401
GCF	62.56	1800472
GCF	63.07	1789639
GCF	63.57	1662779
GCF	64.07	1646144
GCF	64.57	1486730
GCF	65.08	1467175
GCF	65.58	1299584
GCF	66.08	1277445
GCF	66.58	1112852
GCF	67.09	971897
GCF	67.59	952523
GCF	68.09	810491
GCF	68.59	793401
GCF	69.10	662788
GCF	69.60	647311
GCF	70.10	529071
GCF	70.60	514945
GCF	71.11	411069
GCF	71.61	400067
GCF	72.11	324860
GCF	72.61	315841
GCF	73.12	250706
GCF	73.62	244048
GCF	74.12	196672
GCF	74.62	192068
GCF	75.13	153391
GCF	75.63	149377
GCF	76.13	117765
GCF	76.63	114560
GCF	77.14	87830
GCF	77.64	85525
GCF	78.14	65064
GCF	78.64	63171
GCF	79.15	44997
GCF	79.65	43609
GCF	80.15	29506
GCF	80.65	28186
GCF	81.16	17821
GCF	81.66	17014
GCF	82.16	10227
GCF	82.66	9634
GCF	83.17	5174
GCF	83.67	4760
GCF	84.17	2619
GCF	84.67	2351
GCF	85.18	1238
GCF	85.68	1060
GCF	86.18	640
GCF	86.68	547
GCF	87.19	373
GCF	87.69	302
GCF	88.19	203
GCF	88.69	167
GCF	89.20	113
GCF	89.70	82
GCF	90.20	47
GCF	90.70	33
GCF	91.21	30
GCF	91.71	24
GCF	92.21	14
GCF	92.71	11
GCF	93.22	4
GCF	93.72	5
GCF	94.22	3
GCF	94.72	2
GCF	95.48	1
GCF	96.23	0
GCF	98.24	1
# GC Content of last fragments. Use `grep ^GCL | cut -f 2-` to extract this part.
GCL	0.25	0
GCL	1.01	1
GCL	2.01	0
GCL	3.02	3
GCL	4.02	8
GCL	5.53	11
GCL	7.04	14
GCL	8.04	19
GCL	9.05	47
GCL	10.05	84
GCL	11.06	126
GCL	11.81	243
GCL	12.31	244
GCL	12.81	480
GCL	13.32	479
GCL	14.07	1030
GCL	14.82	1857
GCL	15.33	1867
GCL	15.83	3842
GCL	16.33	3860
GCL	16.83	7871
GCL	17.34	7906
GCL	17.84	15015
GCL	18.34	15071
GCL	18.84	26839
GCL	19.35	26952
GCL	19.85	43909
GCL	20.35	44035
GCL	20.85	67492
GCL	21.36	67781
GCL	21.86	101306
GCL	22.36	101571
GCL	22.86	144437
GCL	23.37	144980
GCL	23.87	198669
GCL	24.37	199398
GCL	24.87	263865
GCL	25.38	264876
GCL	25.88	339055
GCL	26.38	340106
GCL	26.88	420340
GCL	27.39	421884
GCL	27.89	507735
GCL	28.39	509616
GCL	28.89	596670
GCL	29.40	599328
GCL	29.90	685857
GCL	30.40	688542
GCL	30.90	774023
GCL	31.41	776944
GCL	31.91	851296
GCL	32.41	854648
GCL	32.91	922939
GCL	33.42	977105
GCL	33.92	980820
GCL	34.42	1033602
GCL	34.92	1037425
GCL	35.43	1077425
GCL	35.93	1080794
GCL	36.43	1111406
GCL	36.93	1114500
GCL	37.44	1147448
GCL	37.94	1150887
GCL	38.44	1175995
GCL	38.94	1179815
GCL	39.45	1194653
GCL	39.95	1197069
GCL	40.45	1204960
GCL	40.95	1208003
GCL	41.46	1206341
GCL	41.96	1209093
GCL	42.46	1212976
GCL	42.96	1216505
GCL	43.47	1230684
GCL	43.97	1235870
GCL	44.47	1257761
GCL	44.97	1263133
GCL	45.48	1276615
GCL	45.98	1282339
GCL	46.48	1286649
GCL	46.98	1291510
GCL	47.49	1289283
GCL	47.99	1293224
GCL	48.49	1278667
GCL	48.99	1281972
GCL	49.50	1271524
GCL	50.00	1275917
GCL	50.50	1263272
GCL	51.01	1266246
GCL	51.51	1256389
GCL	52.01	1259951
GCL	52.51	1267070
GCL	53.02	1271512
GCL	53.52	1287292
GCL	54.02	1293044
GCL	54.52	1327918
GCL	55.03	1336252
GCL	55.53	1387139
GCL	56.03	1400075
GCL	56.53	1484871
GCL	57.04	1499799
GCL	57.54	1640657
GCL	58.04	1659803
GCL	58.54	1774682
GCL	59.05	1791398
GCL	59.55	1879703
GCL	60.05	1887592
GCL	60.55	1912929
GCL	61.06	1917445
GCL	61.56	1887561
GCL	62.06	1885172
GCL	62.56	1806661
GCL	63.07	1796066
GCL	63.57	1670335
GCL	64.07	1653511
GCL	64.57	1498813
GCL	65.08	1479357
GCL	65.58	1305991
GCL	66.08	1284269
GCL	66.58	1122189
GCL	67.09	979925
GCL	67.59	960299
GCL	68.09	817225
GCL	68.59	800392
GCL	69.10	669456
GCL	69.60	653647
GCL	70.10	536186
GCL	70.60	521888
GCL	71.11	417366
GCL	71.61	406407
GCL	72.11	330480
GCL	72.61	321561
GCL	73.12	255608
GCL	73.62	248822
GCL	74.12	201284
GCL	74.62	196643
GCL	75.13	156321
GCL	75.63	152337
GCL	76.13	121007
GCL	76.63	117696
GCL	77.14	91612
GCL	77.64	89202
GCL	78.14	67417
GCL	78.64	65608
GCL	79.15	48031
GCL	79.65	46587
GCL	80.15	32522
GCL	80.65	31175
GCL	81.16	20381
GCL	81.66	19580
GCL	82.16	12272
GCL	82.66	11660
GCL	83.17	6895
GCL	83.67	6497
GCL	84.17	3913
GCL	84.67	3562
GCL	85.18	2085
GCL	85.68	1898
GCL	86.18	1120
GCL	86.68	1025
GCL	87.19	626
GCL	87.69	566
GCL	88.19	370
GCL	88.69	325
GCL	89.20	204
GCL	89.70	168
GCL	90.20	98
GCL	90.70	76
GCL	91.21	42
GCL	91.71	39
GCL	92.21	24
GCL	92.71	21
GCL	93.97	5
GCL	95.48	1
# ACGT content per cycle. Use `grep ^GCC | cut -f 2-` to extract this part. The columns are: cycle; A,C,G,T base counts as a percentage of all A/C/G/T bases [%]; and N and O counts as a percentage of all A/C/G/T bases [%]
GCC	1	13.66	36.38	36.28	13.68	0.02	0.00
GCC	2	25.90	24.13	24.03	25.94	0.00	0.00
GCC	3	23.46	26.57	26.48	23.49	0.00	0.00
GCC	4	23.54	26.48	26.39	23.60	0.01	0.00
GCC	5	33.38	16.65	16.56	33.41	0.00	0.00
GCC	6	23.67	26.36	26.27	23.71	0.00	0.00
GCC	7	23.35	26.69	26.58	23.38	0.00	0.00
GCC	8	25.07	24.96	24.89	25.08	0.00	0.00
GCC	9	15.68	34.38	34.22	15.72	0.00	0.00
GCC	10	29.88	20.15	20.05	29.92	0.00	0.00
GCC	11	21.24	28.77	28.72	21.27	0.00	0.00
GCC	12	25.66	24.37	24.25	25.72	0.00	0.00
GCC	13	21.66	28.36	28.30	21.68	0.00	0.00
GCC	14	21.81	28.23	28.12	21.84	0.00	0.00
GCC	15	24.31	25.72	25.61	24.35	0.00	0.00
GCC	16	24.75	25.26	25.19	24.81	0.00	0.00
GCC	17	25.57	24.46	24.35	25.62	0.00	0.00
GCC	18	25.44	24.56	24.49	25.50	0.00	0.00
GCC	19	25.21	24.77	24.71	25.30	0.01	0.00
GCC	20	25.18	24.89	24.76	25.18	0.00	0.00
GCC	21	25.02	25.00	24.91	25.06	0.00	0.00
GCC	22	24.97	25.04	24.95	25.04	0.00	0.00
GCC	23	25.00	25.00	24.93	25.07	0.00	0.00
GCC	24	25.00	25.03	24.94	25.03	0.00	0.00
GCC	25	24.92	25.12	25.04	24.92	0.00	0.00
GCC	26	25.09	24.91	24.87	25.14	0.00	0.00
GCC	27	25.04	25.00	24.91	25.05	0.00	0.00
GCC	28	25.02	25.01	24.89	25.08	0.00	0.00
GCC	29	25.12	24.89	24.82	25.18	0.00	0.00
GCC	30	25.08	24.94	24.85	25.13	0.00	0.00
GCC	31	25.00	25.03	24.91	25.06	0.00	0.00
GCC	32	25.21	24.85	24.75	25.19	0.00	0.00
GCC	33	25.06	24.96	24.85	25.13	0.00	0.00
GCC	34	25.04	24.97	24.87	25.12	0.00	0.00
GCC	35	25.16	24.87	24.75	25.22	0.00	0.00
GCC	36	25.11	24.88	24.83	25.18	0.00	0.00
GCC	37	25.07	24.96	24.88	25.09	0.00	0.00
GCC	38	25.19	24.83	24.75	25.24	0.00	0.00
GCC	39	25.10	24.90	24.81	25.18	0.00	0.00
GCC	40	25.09	24.92	24.85	25.14	0.00	0.00
GCC	41	25.21	24.82	24.73	25.24	0.00	0.00
GCC	42	25.15	24.88	24.79	25.18	0.00	0.00
GCC	43	25.08	24.96	24.87	25.09	0.00	0.00
GCC	44	25.18	24.83	24.76	25.23	0.00	0.00
GCC	45	25.12	24.89	24.80	25.19	0.00	0.00
GCC	46	25.08	24.94	24.84	25.13	0.00	0.00
GCC	47	25.23	24.80	24.70	25.28	0.00	0.00
GCC	48	25.15	24.87	24.78	25.20	0.00	0.00
GCC	49	25.10	24.89	24.83	25.18	0.00	0.00
GCC	50	25.23	24.81	24.69	25.27	0.00	0.00
GCC	51	25.12	24.91	24.78	25.19	0.00	0.00
GCC	52	25.10	24.92	24.82	25.16	0.00	0.00
GCC	53	25.18	24.86	24.74	25.22	0.00	0.00
GCC	54	25.15	24.89	24.77	25.18	0.00	0.00
GCC	55	25.10	24.93	24.82	25.15	0.00	0.00
GCC	56	25.21	24.82	24.74	25.24	0.00	0.00
GCC	57	25.12	24.88	24.82	25.18	0.00	0.00
GCC	58	25.09	24.94	24.82	25.16	0.00	0.00
GCC	59	25.20	24.81	24.71	25.28	0.00	0.00
GCC	60	25.18	24.87	24.75	25.21	0.00	0.00
GCC	61	25.11	24.90	24.81	25.19	0.00	0.00
GCC	62	25.20	24.84	24.72	25.25	0.00	0.00
GCC	63	25.13	24.88	24.78	25.21	0.00	0.00
GCC	64	25.06	24.97	24.85	25.12	0.00	0.00
GCC	65	25.20	24.79	24.74	25.26	0.00	0.00
GCC	66	25.13	24.89	24.79	25.20	0.00	0.00
GCC	67	25.11	24.92	24.82	25.15	0.00	0.00
GCC	68	25.22	24.80	24.70	25.28	0.00	0.00
GCC	69	25.18	24.87	24.75	25.20	0.12	0.00
GCC	70	25.12	24.91	24.82	25.15	0.03	0.00
GCC	71	25.20	24.81	24.73	25.27	0.02	0.00
GCC	72	25.13	24.89	24.77	25.21	0.01	0.00
GCC	73	25.14	24.87	24.81	25.18	0.01	0.00
GCC	74	25.19	24.87	24.74	25.21	0.00	0.00
GCC	75	25.18	24.83	24.73	25.27	0.00	0.00
GCC	76	25.13	24.92	24.81	25.14	0.00	0.00
GCC	77	25.20	24.81	24.69	25.30	0.00	0.00
GCC	78	25.19	24.85	24.74	25.22	0.00	0.00
GCC	79	25.16	24.89	24.79	25.17	0.00	0.00
GCC	80	25.24	24.79	24.70	25.27	0.00	0.00
GCC	81	25.22	24.84	24.74	25.20	0.00	0.00
GCC	82	25.18	24.83	24.76	25.23	0.00	0.00
GCC	83	25.22	24.79	24.72	25.27	0.00	0.00
GCC	84	25.27	24.77	24.66	25.30	0.00	0.00
GCC	85	25.13	24.96	24.76	25.15	0.00	0.00
GCC	86	25.27	24.77	24.69	25.27	0.00	0.00
GCC	87	25.22	24.83	24.72	25.24	0.00	0.00
GCC	88	25.17	24.86	24.77	25.20	0.00	0.00
GCC	89	25.31	24.71	24.63	25.35	0.00	0.00
GCC	90	25.23	24.80	24.69	25.27	0.00	0.00
GCC	91	25.22	24.84	24.73	25.21	0.00	0.00
GCC	92	25.29	24.75	24.67	25.29	0.00	0.00
GCC	93	25.20	24.83	24.74	25.23	0.00	0.00
GCC	94	25.25	24.77	24.67	25.31	0.00	0.00
GCC	95	25.27	24.74	24.66	25.34	0.00	0.00
GCC	96	25.30	24.73	24.65	25.31	0.00	0.00
GCC	97	25.28	24.78	24.68	25.26	0.00	0.00
GCC	98	25.28	24.74	24.66	25.32	0.00	0.00
GCC	99	25.26	24.76	24.66	25.32	0.00	0.00
GCC	100	25.25	24.77	24.69	25.30	0.07	0.00
GCC	101	25.32	24.71	24.60	25.36	0.11	0.00
# ACGT content per cycle, read oriented. Use `grep ^GCT | cut -f 2-` to extract this part. The columns are: cycle; A,C,G,T base counts as a percentage of all A/C/G/T bases [%]
GCT	1	16.35	28.55	44.11	10.99
GCT	2	18.26	30.45	17.71	33.57
GCT	3	19.52	33.89	19.16	27.44
GCT	4	13.71	39.49	13.38	33.42
GCT	5	33.08	17.03	16.18	33.71
GCT	6	32.37	15.02	37.61	15.00
GCT	7	27.85	20.44	32.83	18.87
GCT	8	31.98	21.06	28.78	18.18
GCT	9	13.97	42.94	25.67	17.43
GCT	10	26.16	25.61	14.59	33.64
GCT	11	20.34	20.62	36.87	22.17
GCT	12	22.23	24.91	23.71	29.15
GCT	13	18.87	27.18	29.48	24.48
GCT	14	18.33	34.43	21.93	25.32
GCT	15	26.95	26.92	24.42	21.71
GCT	16	25.98	25.66	24.79	23.57
GCT	17	25.77	24.90	23.91	25.42
GCT	18	25.42	24.62	24.43	25.53
GCT	19	25.01	24.89	24.60	25.50
GCT	20	24.76	25.27	24.37	25.59
GCT	21	24.43	25.67	24.24	25.66
GCT	22	24.45	25.65	24.35	25.55
GCT	23	24.51	25.63	24.31	25.55
GCT	24	24.49	25.59	24.38	25.54
GCT	25	24.40	25.68	24.48	25.44
GCT	26	24.59	25.49	24.29	25.63
GCT	27	24.60	25.48	24.42	25.50
GCT	28	24.55	25.42	24.48	25.55
GCT	29	24.70	25.42	24.29	25.59
GCT	30	24.68	25.46	24.33	25.53
GCT	31	24.61	25.51	24.43	25.45
GCT	32	24.73	25.37	24.23	25.67
GCT	33	24.63	25.42	24.39	25.56
GCT	34	24.54	25.49	24.35	25.62
GCT	35	24.69	25.36	24.27	25.68
GCT	36	24.72	25.29	24.42	25.57
GCT	37	24.64	25.38	24.46	25.53
GCT	38	24.79	25.23	24.34	25.63
GCT	39	24.72	25.27	24.44	25.56
GCT	40	24.68	25.39	24.38	25.55
GCT	41	24.80	25.26	24.29	25.66
GCT	42	24.74	25.32	24.35	25.59
GCT	43	24.64	25.38	24.46	25.52
GCT	44	24.86	25.22	24.37	25.55
GCT	45	24.79	25.24	24.44	25.52
GCT	46	24.75	25.29	24.50	25.47
GCT	47	24.91	25.17	24.33	25.59
GCT	48	24.82	25.18	24.47	25.53
GCT	49	24.77	25.20	24.52	25.50
GCT	50	24.92	25.06	24.44	25.57
GCT	51	24.81	25.15	24.55	25.49
GCT	52	24.82	25.20	24.54	25.43
GCT	53	24.91	25.16	24.44	25.50
GCT	54	24.91	25.09	24.58	25.42
GCT	55	24.85	25.15	24.60	25.40
GCT	56	24.99	24.99	24.57	25.46
GCT	57	24.92	25.08	24.62	25.38
GCT	58	24.83	25.18	24.57	25.41
GCT	59	25.01	25.03	24.49	25.46
GCT	60	24.98	24.98	24.64	25.41
GCT	61	24.95	25.00	24.70	25.35
GCT	62	25.07	24.95	24.61	25.37
GCT	63	25.01	24.97	24.69	25.33
GCT	64	24.94	25.05	24.78	25.24
GCT	65	25.09	24.88	24.66	25.37
GCT	66	25.06	24.95	24.72	25.27
GCT	67	24.98	24.97	24.78	25.28
GCT	68	25.14	24.82	24.68	25.36
GCT	69	25.11	24.85	24.77	25.27
GCT	70	25.06	24.91	24.82	25.21
GCT	71	25.24	24.84	24.69	25.22
GCT	72	25.15	24.84	24.82	25.18
GCT	73	25.13	24.84	24.84	25.19
GCT	74	25.22	24.79	24.82	25.18
GCT	75	25.26	24.75	24.80	25.19
GCT	76	25.14	24.82	24.91	25.13
GCT	77	25.24	24.71	24.79	25.26
GCT	78	25.24	24.72	24.88	25.17
GCT	79	25.18	24.75	24.93	25.14
GCT	80	25.36	24.63	24.86	25.16
GCT	81	25.27	24.71	24.87	25.15
GCT	82	25.32	24.69	24.91	25.08
GCT	83	25.36	24.70	24.80	25.13
GCT	84	25.49	24.52	24.91	25.08
GCT	85	25.29	24.65	25.07	24.99
GCT	86	25.38	24.59	24.88	25.16
GCT	87	25.35	24.62	24.92	25.10
GCT	88	25.25	24.68	24.95	25.12
GCT	89	25.51	24.51	24.83	25.15
GCT	90	25.51	24.48	25.01	25.00
GCT	91	25.46	24.53	25.04	24.96
GCT	92	25.54	24.47	24.95	25.04
GCT	93	25.40	24.56	25.01	25.02
GCT	94	25.45	24.48	24.96	25.11
GCT	95	25.56	24.41	24.99	25.04
GCT	96	25.51	24.42	24.97	25.10
GCT	97	25.55	24.38	25.08	24.98
GCT	98	25.59	24.45	24.96	25.01
GCT	99	25.63	24.48	24.94	24.95
GCT	100	25.56	24.41	25.05	24.99
GCT	101	25.67	24.31	25.00	25.02
# ACGT content per cycle for first fragments. Use `grep ^FBC | cut -f 2-` to extract this part. The columns are: cycle; A,C,G,T base counts as a percentage of all A/C/G/T bases [%]; and N and O counts as a percentage of all A/C/G/T bases [%]
FBC	1	14.21	35.83	35.73	14.23	0.00	0.00
FBC	2	25.95	24.09	23.98	25.98	0.00	0.00
FBC	3	23.93	26.09	26.02	23.96	0.00	0.00
FBC	4	23.81	26.21	26.12	23.87	0.01	0.00
FBC	5	33.44	16.59	16.51	33.45	0.00	0.00
FBC	6	23.72	26.31	26.21	23.76	0.00	0.00
FBC	7	23.35	26.69	26.58	23.38	0.00	0.00
FBC	8	25.11	24.93	24.85	25.12	0.00	0.00
FBC	9	15.56	34.50	34.33	15.61	0.00	0.00
FBC	10	29.99	20.03	19.95	30.04	0.00	0.00
FBC	11	21.18	28.83	28.77	21.22	0.00	0.00
FBC	12	25.70	24.35	24.21	25.75	0.00	0.00
FBC	13	21.67	28.36	28.29	21.68	0.00	0.00
FBC	14	21.79	28.25	28.13	21.83	0.00	0.00
FBC	15	24.34	25.70	25.59	24.38	0.00	0.00
FBC	16	24.78	25.22	25.15	24.84	0.00	0.00
FBC	17	25.59	24.43	24.34	25.64	0.00	0.00
FBC	18	25.47	24.54	24.47	25.52	0.00	0.00
FBC	19	25.25	24.75	24.68	25.33	0.02	0.00
FBC	20	25.19	24.88	24.75	25.19	0.00	0.00
FBC	21	25.03	24.98	24.90	25.09	0.00	0.00
FBC	22	25.00	25.01	24.93	25.07	0.00	0.00
FBC	23	25.00	24.99	24.93	25.08	0.00	0.00
FBC	24	25.02	25.01	24.91	25.05	0.00	0.00
FBC	25	24.94	25.10	25.02	24.95	0.00	0.00
FBC	26	25.10	24.90	24.85	25.14	0.00	0.00
FBC	27	25.06	24.99	24.89	25.06	0.00	0.00
FBC	28	25.05	24.98	24.87	25.11	0.00	0.00
FBC	29	25.12	24.88	24.82	25.19	0.00	0.00
FBC	30	25.09	24.92	24.83	25.15	0.01	0.00
FBC	31	25.03	25.01	24.88	25.08	0.00	0.00
FBC	32	25.21	24.85	24.74	25.20	0.00	0.00
FBC	33	25.07	24.94	24.83	25.15	0.00	0.00
FBC	34	25.06	24.93	24.85	25.15	0.00	0.00
FBC	35	25.16	24.87	24.75	25.22	0.00	0.00
FBC	36	25.13	24.86	24.82	25.20	0.00	0.00
FBC	37	25.09	24.94	24.86	25.12	0.00	0.00
FBC	38	25.18	24.83	24.74	25.25	0.00	0.00
FBC	39	25.11	24.90	24.81	25.19	0.00	0.00
FBC	40	25.12	24.89	24.83	25.17	0.00	0.00
FBC	41	25.21	24.82	24.73	25.25	0.00	0.00
FBC	42	25.15	24.87	24.78	25.20	0.00	0.00
FBC	43	25.10	24.95	24.84	25.11	0.00	0.00
FBC	44	25.18	24.82	24.76	25.23	0.00	0.00
FBC	45	25.14	24.87	24.79	25.20	0.00	0.00
FBC	46	25.10	24.92	24.82	25.16	0.00	0.00
FBC	47	25.23	24.79	24.70	25.28	0.00	0.00
FBC	48	25.16	24.86	24.77	25.21	0.00	0.00
FBC	49	25.12	24.87	24.81	25.20	0.00	0.00
FBC	50	25.23	24.82	24.69	25.26	0.00	0.00
FBC	51	25.12	24.89	24.78	25.20	0.00	0.00
FBC	52	25.12	24.91	24.81	25.17	0.00	0.00
FBC	53	25.19	24.86	24.75	25.21	0.00	0.00
FBC	54	25.16	24.88	24.76	25.20	0.00	0.00
FBC	55	25.11	24.92	24.81	25.16	0.00	0.00
FBC	56	25.21	24.82	24.74	25.24	0.00	0.00
FBC	57	25.13	24.87	24.81	25.19	0.00	0.00
FBC	58	25.11	24.92	24.80	25.18	0.00	0.00
FBC	59	25.20	24.81	24.71	25.28	0.00	0.00
FBC	60	25.20	24.86	24.73	25.22	0.00	0.00
FBC	61	25.12	24.89	24.79	25.20	0.00	0.00
FBC	62	25.19	24.85	24.72	25.24	0.00	0.00
FBC	63	25.14	24.87	24.78	25.22	0.00	0.00
FBC	64	25.08	24.94	24.83	25.14	0.00	0.00
FBC	65	25.20	24.80	24.74	25.26	0.00	0.00
FBC	66	25.14	24.88	24.77	25.22	0.00	0.00
FBC	67	25.12	24.91	24.80	25.18	0.00	0.00
FBC	68	25.23	24.79	24.70	25.28	0.00	0.00
FBC	69	25.19	24.85	24.74	25.21	0.00	0.00
FBC	70	25.15	24.90	24.79	25.16	0.00	0.00
FBC	71	25.19	24.81	24.73	25.27	0.00	0.00
FBC	72	25.14	24.88	24.76	25.22	0.00	0.00
FBC	73	25.15	24.87	24.79	25.20	0.00	0.00
FBC	74	25.19	24.87	24.74	25.21	0.00	0.00
FBC	75	25.20	24.81	24.71	25.28	0.00	0.00
FBC	76	25.14	24.90	24.79	25.17	0.00	0.00
FBC	77	25.21	24.81	24.68	25.30	0.00	0.00
FBC	78	25.20	24.84	24.72	25.24	0.00	0.00
FBC	79	25.17	24.86	24.78	25.19	0.00	0.00
FBC	80	25.24	24.78	24.69	25.28	0.00	0.00
FBC	81	25.22	24.82	24.74	25.22	0.00	0.00
FBC	82	25.21	24.81	24.73	25.25	0.00	0.00
FBC	83	25.23	24.78	24.71	25.27	0.00	0.00
FBC	84	25.29	24.75	24.64	25.31	0.00	0.00
FBC	85	25.16	24.93	24.74	25.18	0.00	0.00
FBC	86	25.28	24.76	24.68	25.28	0.00	0.00
FBC	87	25.23	24.81	24.70	25.25	0.00	0.00
FBC	88	25.20	24.83	24.73	25.23	0.00	0.00
FBC	89	25.32	24.69	24.62	25.37	0.00	0.00
FBC	90	25.25	24.79	24.67	25.29	0.00	0.00
FBC	91	25.24	24.82	24.71	25.23	0.00	0.00
FBC	92	25.31	24.74	24.66	25.30	0.00	0.00
FBC	93	25.21	24.83	24.72	25.24	0.00	0.00
FBC	94	25.28	24.74	24.64	25.33	0.00	0.00
FBC	95	25.28	24.73	24.65	25.35	0.00	0.00
FBC	96	25.32	24.72	24.63	25.33	0.00	0.00
FBC	97	25.30	24.75	24.65	25.29	0.00	0.00
FBC	98	25.28	24.73	24.65	25.33	0.00	0.00
FBC	99	25.28	24.74	24.64	25.34	0.00	0.00
FBC	100	25.27	24.74	24.66	25.32	0.00	0.00
FBC	101	25.35	24.69	24.57	25.38	0.10	0.00
# ACGT raw counters for first fragments. Use `grep ^FTC | cut -f 2-` to extract this part. The columns are: A,C,G,T,N base counters
FTC	1360760739	1369677860	1364490846	1363178592	83814
# ACGT content per cycle for last fragments. Use `grep ^LBC | cut -f 2-` to extract this part. The columns are: cycle; A,C,G,T base counts as a percentage of all A/C/G/T bases [%]; and N and O counts as a percentage of all A/C/G/T bases [%]
LBC	1	13.11	36.93	36.83	13.12	0.04	0.00
LBC	2	25.86	24.17	24.08	25.89	0.01	0.00
LBC	3	22.99	27.05	26.93	23.03	0.00	0.00
LBC	4	23.27	26.75	26.66	23.32	0.01	0.00
LBC	5	33.32	16.70	16.62	33.36	0.00	0.00
LBC	6	23.61	26.41	26.32	23.65	0.00	0.00
LBC	7	23.35	26.68	26.59	23.38	0.00	0.00
LBC	8	25.04	24.98	24.93	25.05	0.00	0.00
LBC	9	15.79	34.27	34.11	15.82	0.00	0.00
LBC	10	29.77	20.26	20.16	29.81	0.00	0.00
LBC	11	21.29	28.71	28.67	21.33	0.00	0.00
LBC	12	25.62	24.40	24.29	25.69	0.00	0.00
LBC	13	21.66	28.36	28.30	21.68	0.00	0.00
LBC	14	21.83	28.22	28.11	21.84	0.00	0.00
LBC	15	24.29	25.75	25.64	24.32	0.00	0.00
LBC	16	24.71	25.29	25.23	24.77	0.00	0.00
LBC	17	25.56	24.48	24.36	25.60	0.00	0.00
LBC	18	25.41	24.59	24.51	25.49	0.00	0.00
LBC	19	25.18	24.80	24.75	25.28	0.00	0.00
LBC	20	25.17	24.89	24.77	25.17	0.00	0.00
LBC	21	25.01	25.02	24.93	25.04	0.00	0.00
LBC	22	24.94	25.07	24.98	25.00	0.00	0.00
LBC	23	24.99	25.01	24.94	25.05	0.00	0.00
LBC	24	24.97	25.05	24.97	25.01	0.00	0.00
LBC	25	24.90	25.14	25.07	24.89	0.00	0.00
LBC	26	25.07	24.92	24.88	25.13	0.00	0.00
LBC	27	25.03	25.01	24.93	25.04	0.00	0.00
LBC	28	24.99	25.04	24.92	25.05	0.00	0.00
LBC	29	25.11	24.90	24.81	25.17	0.00	0.00
LBC	30	25.06	24.96	24.87	25.11	0.00	0.00
LBC	31	24.97	25.05	24.94	25.04	0.00	0.00
LBC	32	25.21	24.84	24.76	25.18	0.00	0.00
LBC	33	25.05	24.97	24.88	25.11	0.00	0.00
LBC	34	25.02	25.00	24.90	25.09	0.00	0.00
LBC	35	25.16	24.87	24.75	25.21	0.00	0.00
LBC	36	25.09	24.90	24.85	25.16	0.00	0.00
LBC	37	25.05	24.99	24.89	25.07	0.00	0.00
LBC	38	25.20	24.83	24.75	25.23	0.00	0.00
LBC	39	25.09	24.91	24.82	25.18	0.00	0.00
LBC	40	25.07	24.95	24.87	25.11	0.00	0.00
LBC	41	25.21	24.82	24.73	25.24	0.00	0.00
LBC	42	25.14	24.90	24.79	25.17	0.00	0.00
LBC	43	25.06	24.98	24.90	25.07	0.00	0.00
LBC	44	25.17	24.84	24.75	25.24	0.00	0.00
LBC	45	25.10	24.91	24.81	25.18	0.00	0.00
LBC	46	25.06	24.97	24.86	25.11	0.00	0.00
LBC	47	25.23	24.80	24.70	25.27	0.00	0.00
LBC	48	25.14	24.88	24.79	25.19	0.00	0.00
LBC	49	25.08	24.92	24.85	25.15	0.00	0.00
LBC	50	25.23	24.81	24.69	25.27	0.00	0.00
LBC	51	25.12	24.92	24.78	25.18	0.00	0.00
LBC	52	25.08	24.94	24.83	25.15	0.00	0.00
LBC	53	25.18	24.86	24.73	25.23	0.00	0.00
LBC	54	25.14	24.90	24.79	25.17	0.00	0.00
LBC	55	25.09	24.94	24.84	25.14	0.00	0.00
LBC	56	25.21	24.82	24.74	25.24	0.00	0.00
LBC	57	25.12	24.89	24.83	25.17	0.00	0.00
LBC	58	25.07	24.95	24.84	25.14	0.00	0.00
LBC	59	25.19	24.82	24.71	25.28	0.00	0.00
LBC	60	25.16	24.87	24.76	25.20	0.00	0.00
LBC	61	25.10	24.91	24.83	25.17	0.00	0.00
LBC	62	25.20	24.83	24.72	25.25	0.00	0.00
LBC	63	25.13	24.89	24.78	25.20	0.00	0.00
LBC	64	25.04	25.00	24.87	25.09	0.00	0.00
LBC	65	25.20	24.79	24.74	25.27	0.00	0.00
LBC	66	25.12	24.90	24.80	25.18	0.00	0.00
LBC	67	25.10	24.94	24.84	25.12	0.00	0.00
LBC	68	25.22	24.81	24.69	25.28	0.00	0.00
LBC	69	25.17	24.88	24.76	25.19	0.25	0.00
LBC	70	25.09	24.93	24.85	25.14	0.06	0.00
LBC	71	25.21	24.80	24.73	25.26	0.04	0.00
LBC	72	25.12	24.90	24.78	25.20	0.02	0.00
LBC	73	25.12	24.88	24.83	25.16	0.02	0.00
LBC	74	25.19	24.87	24.74	25.20	0.01	0.00
LBC	75	25.16	24.85	24.74	25.25	0.00	0.00
LBC	76	25.11	24.94	24.83	25.12	0.00	0.00
LBC	77	25.19	24.82	24.70	25.29	0.00	0.00
LBC	78	25.17	24.87	24.76	25.20	0.00	0.00
LBC	79	25.14	24.92	24.81	25.14	0.00	0.00
LBC	80	25.23	24.80	24.70	25.27	0.00	0.00
LBC	81	25.21	24.85	24.75	25.19	0.00	0.00
LBC	82	25.14	24.85	24.79	25.21	0.00	0.00
LBC	83	25.21	24.79	24.73	25.27	0.00	0.00
LBC	84	25.24	24.78	24.68	25.30	0.00	0.00
LBC	85	25.11	24.99	24.79	25.11	0.00	0.00
LBC	86	25.27	24.79	24.70	25.25	0.00	0.00
LBC	87	25.20	24.85	24.73	25.22	0.00	0.00
LBC	88	25.13	24.89	24.80	25.18	0.00	0.00
LBC	89	25.30	24.73	24.64	25.33	0.00	0.00
LBC	90	25.21	24.82	24.71	25.26	0.00	0.00
LBC	91	25.20	24.87	24.76	25.18	0.00	0.00
LBC	92	25.28	24.76	24.68	25.29	0.00	0.00
LBC	93	25.18	24.84	24.76	25.22	0.00	0.00
LBC	94	25.22	24.79	24.69	25.29	0.00	0.00
LBC	95	25.25	24.75	24.67	25.33	0.00	0.00
LBC	96	25.28	24.75	24.68	25.30	0.00	0.00
LBC	97	25.25	24.81	24.71	25.23	0.00	0.00
LBC	98	25.27	24.76	24.67	25.30	0.00	0.00
LBC	99	25.24	24.79	24.67	25.30	0.00	0.00
LBC	100	25.22	24.79	24.72	25.27	0.13	0.00
LBC	101	25.29	24.74	24.63	25.34	0.13	0.00
# ACGT raw counters for last fragments. Use `grep ^LTC | cut -f 2-` to extract this part. The columns are: A,C,G,T,N base counters
LTC	1358651354	1373421102	1368228086	1360973871	384735
# Insert sizes. Use `grep ^IS | cut -f 2-` to extract this part. The columns are: insert size, pairs total, inward oriented pairs, outward oriented pairs, other pairs
IS	0	0	0	0	0
IS	1	0	0	0	0
IS	2	13	0	13	0
IS	3	16	0	16	0
IS	4	23	0	23	0
IS	5	9	0	9	0
IS	6	10	0	10	0
IS	7	17	0	17	0
IS	8	22	0	22	0
IS	9	94	0	94	0
IS	10	22	0	22	0
IS	11	26	0	26	0
IS	12	12	0	12	0
IS	13	22	0	22	0
IS	14	42	0	42	0
IS	15	31	0	31	0
IS	16	37	0	37	0
IS	17	31	0	31	0
IS	18	34	0	34	0
IS	19	63	5	58	0
IS	20	43	6	37	0
IS	21	39	1	38	0
IS	22	48	2	46	0
IS	23	31	0	31	0
IS	24	39	2	37	0
IS	25	43	2	41	0
IS	26	33	2	31	0
IS	27	68	14	54	0
IS	28	69	29	40	0
IS	29	72	20	52	0
IS	30	64	21	43	0
IS	31	90	39	51	0
IS	32	145	56	89	0
IS	33	235	91	144	0
IS	34	402	184	218	0
IS	35	730	351	379	0
IS	36	1266	633	633	0
IS	37	1782	899	883	0
IS	38	2404	1230	1174	0
IS	39	2901	1462	1439	0
IS	40	3627	1819	1808	0
IS	41	4699	2270	2428	1
IS	42	5951	2971	2980	0
IS	43	8033	4033	3999	1
IS	44	10224	5096	5128	0
IS	45	12714	6427	6286	1
IS	46	14383	7024	7359	0
IS	47	15594	7769	7823	2
IS	48	16917	8406	8510	1
IS	49	18191	9094	9096	1
IS	50	19935	9950	9985	0
IS	51	21788	10907	10881	0
IS	52	24234	12218	12016	0
IS	53	27655	13717	13938	0
IS	54	32237	16185	16050	2
IS	55	36346	18254	18091	1
IS	56	39479	19682	19795	2
IS	57	41433	20767	20664	2
IS	58	43392	21583	21808	1
IS	59	45091	22310	22781	0
IS	60	47064	23463	23600	1
IS	61	49150	24528	24620	2
IS	62	51953	25963	25988	2
IS	63	56078	27939	28139	0
IS	64	61535	30935	30597	3
IS	65	66542	33382	33160	0
IS	66	71901	36050	35849	2
IS	67	75471	37796	37675	0
IS	68	77604	38691	38912	1
IS	69	79693	39423	40269	1
IS	70	81753	40479	41274	0
IS	71	83460	41533	41925	2
IS	72	86070	43088	42978	4
IS	73	89930	44877	45051	2
IS	74	96050	47857	48191	2
IS	75	102849	51825	51023	1
IS	76	108835	54633	54201	1
IS	77	113902	57190	56710	2
IS	78	118009	59058	58947	4
IS	79	120223	60107	60111	5
IS	80	122344	61371	60970	3
IS	81	126056	63319	62735	2
IS	82	127025	63454	63569	2
IS	83	130956	65324	65625	7
IS	84	136492	68588	67900	4
IS	85	143201	71746	71453	2
IS	86	150516	75223	75287	6
IS	87	158415	79286	79126	3
IS	88	163709	81720	81986	3
IS	89	166512	83115	83395	2
IS	90	169751	85189	84561	1
IS	91	171828	86127	85697	4
IS	92	174783	87378	87402	3
IS	93	179813	89807	90003	3
IS	94	183048	91799	91247	2
IS	95	189953	95087	94863	3
IS	96	197786	99607	98175	4
IS	97	205624	102715	102906	3
IS	98	211723	106066	105657	0
IS	99	218430	109498	108932	0
IS	100	222484	111550	110934	0
IS	101	224318	112978	111338	2
IS	102	227794	227487	306	1
IS	103	230679	230577	101	1
IS	104	235762	235684	75	3
IS	105	242180	242144	35	1
IS	106	248719	248699	16	4
IS	107	256904	256883	20	1
IS	108	263757	263747	9	1
IS	109	269872	269859	9	4
IS	110	275876	275853	18	5
IS	111	280308	280296	11	1
IS	112	282455	282445	6	4
IS	113	283229	283222	6	1
IS	114	288027	288015	10	2
IS	115	292461	292455	4	2
IS	116	299038	299023	13	2
IS	117	306761	306759	1	1
IS	118	311423	311416	1	6
IS	119	317599	317596	2	1
IS	120	320899	320897	1	1
IS	121	326409	326404	2	3
IS	122	329689	329684	3	2
IS	123	330253	330247	5	1
IS	124	332005	331998	5	2
IS	125	333016	333008	4	4
IS	126	337822	337817	2	3
IS	127	342896	342889	4	3
IS	128	346237	346236	1	0
IS	129	353149	353147	0	2
IS	130	356555	356551	2	2
IS	131	358040	358036	2	2
IS	132	360014	360009	4	1
IS	133	360994	360988	5	1
IS	134	359862	359861	1	0
IS	135	362089	362086	2	1
IS	136	361642	361639	1	2
IS	137	365384	365378	4	2
IS	138	366549	366548	0	1
IS	139	368537	368535	2	0
IS	140	370762	370757	1	4
IS	141	373721	373717	3	1
IS	142	373663	373658	2	3
IS	143	373450	373448	0	2
IS	144	371982	371972	7	3
IS	145	370688	370685	2	1
IS	146	370181	370181	0	0
IS	147	369751	369746	3	2
IS	148	370525	370522	2	1
IS	149	370679	370664	12	3
IS	150	370334	370329	3	2
IS	151	370887	370878	5	4
IS	152	369635	369634	0	1
IS	153	369071	369067	1	3
IS	154	367169	367166	2	1
IS	155	363539	363536	0	3
IS	156	360427	360422	2	3
IS	157	358517	358513	2	2
IS	158	360386	360380	3	3
IS	159	356348	356344	3	1
IS	160	356769	356764	1	4
IS	161	355253	355244	6	3
IS	162	353512	353508	3	1
IS	163	350328	350322	4	2
IS	164	347293	347292	1	0
IS	165	348032	348029	0	3
IS	166	341645	341638	3	4
IS	167	339536	339533	1	2
IS	168	337008	337004	2	2
IS	169	335311	335307	1	3
IS	170	333854	333850	2	2
IS	171	332544	332543	0	1
IS	172	329375	329371	3	1
IS	173	325382	325380	2	0
IS	174	321803	321796	5	2
IS	175	321883	321881	1	1
IS	176	317348	317346	1	1
IS	177	316014	316011	1	2
IS	178	310189	310183	5	1
IS	179	307179	307179	0	0
IS	180	303838	303833	4	1
IS	181	301630	301627	2	1
IS	182	299249	299249	0	0
IS	183	297880	297878	2	0
IS	184	294767	294765	2	0
IS	185	290674	290669	2	3
IS	186	288438	288436	2	0
IS	187	284963	284959	1	3
IS	188	280709	280703	4	2
IS	189	278020	278017	3	0
IS	190	275550	275544	5	1
IS	191	271692	271691	0	1
IS	192	269633	269631	0	2
IS	193	267572	267569	3	0
IS	194	264257	264256	0	1
IS	195	261776	261774	1	1
IS	196	258404	258396	4	4
IS	197	254533	254531	1	1
IS	198	252694	252689	4	1
IS	199	248429	248427	0	2
IS	200	245269	245263	4	2
IS	201	241817	241815	1	1
IS	202	240495	240491	2	2
IS	203	238080	238079	1	0
IS	204	236126	236123	1	2
IS	205	233542	233538	2	2
IS	206	229979	229975	2	2
IS	207	227016	227012	0	4
IS	208	223466	223459	5	2
IS	209	220250	220247	1	2
IS	210	217794	217788	4	2
IS	211	213608	213601	3	4
IS	212	212523	212523	0	0
IS	213	209446	209443	1	2
IS	214	208698	208696	1	1
IS	215	205894	205892	2	0
IS	216	202761	202760	1	0
IS	217	200536	200529	4	3
IS	218	197657	197657	0	0
IS	219	195358	195356	1	1
IS	220	192318	192314	2	2
IS	221	189379	189375	2	2
IS	222	186845	186840	3	2
IS	223	184384	184383	1	0
IS	224	183313	183309	3	1
IS	225	181823	181820	2	1
IS	226	178244	178240	3	1
IS	227	175794	175788	4	2
IS	228	174100	174096	3	1
IS	229	170951	170946	4	1
IS	230	168699	168699	0	0
IS	231	166114	166110	2	2
IS	232	164818	164817	1	0
IS	233	162649	162643	3	3
IS	234	160582	160581	1	0
IS	235	158516	158515	1	0
IS	236	155978	155976	1	1
IS	237	154647	154643	2	2
IS	238	152415	152407	5	3
IS	239	150440	150439	1	0
IS	240	147642	147639	1	2
IS	241	145171	145170	1	0
IS	242	144564	144561	2	1
IS	243	141892	141889	3	0
IS	244	140232	140229	2	1
IS	245	138603	138595	5	3
IS	246	135615	135613	1	1
IS	247	134890	134887	3	0
IS	248	132629	132628	0	1
IS	249	131191	131189	2	0
IS	250	129154	129152	1	1
IS	251	126967	126964	0	3
IS	252	125173	125171	0	2
IS	253	123557	123555	1	1
IS	254	122159	122157	2	0
IS	255	120240	120236	1	3
IS	256	118554	118553	0	1
IS	257	116513	116511	2	0
IS	258	114752	114752	0	0
IS	259	114080	114079	0	1
IS	260	111453	111450	2	1
IS	261	111869	111869	0	0
IS	262	108070	108070	0	0
IS	263	107131	107127	4	0
IS	264	104997	104994	1	2
IS	265	103436	103435	1	0
IS	266	102272	102271	0	1
IS	267	100795	100794	0	1
IS	268	100135	100135	0	0
IS	269	98837	98836	1	0
IS	270	96167	96167	0	0
IS	271	95035	95035	0	0
IS	272	93836	93835	0	1
IS	273	92542	92538	2	2
IS	274	91426	91423	2	1
IS	275	89640	89633	4	3
IS	276	88553	88553	0	0
IS	277	86793	86792	0	1
IS	278	85446	85446	0	0
IS	279	84814	84814	0	0
IS	280	83652	83649	2	1
IS	281	82178	82178	0	0
IS	282	81169	81166	3	0
IS	283	79276	79273	3	0
IS	284	77951	77949	2	0
IS	285	76947	76945	0	2
IS	286	76628	76628	0	0
IS	287	75455	75455	0	0
IS	288	74044	74042	2	0
IS	289	72721	72720	0	1
IS	290	71663	71661	1	1
IS	291	70934	70932	0	2
IS	292	69772	69772	0	0
IS	293	68589	68589	0	0
IS	294	67195	67195	0	0
IS	295	66306	66306	0	0
IS	296	65539	65537	2	0
IS	297	64533	64533	0	0
IS	298	63211	63210	1	0
IS	299	62363	62362	1	0
IS	300	61335	61333	1	1
IS	301	60819	60817	2	0
IS	302	59327	59327	0	0
IS	303	58928	58927	1	0
IS	304	57588	57587	1	0
IS	305	57138	57137	1	0
IS	306	56116	56115	0	1
IS	307	55026	55024	1	1
IS	308	54874	54873	1	0
IS	309	53649	53646	1	2
IS	310	52863	52863	0	0
IS	311	51793	51791	1	1
IS	312	51294	51293	1	0
IS	313	50427	50426	1	0
IS	314	49806	49805	0	1
IS	315	48793	48790	2	1
IS	316	47905	47905	0	0
IS	317	47126	47126	0	0
IS	318	46534	46531	2	1
IS	319	46055	46054	1	0
IS	320	45407	45407	0	0
IS	321	44486	44484	0	2
IS	322	43950	43949	1	0
IS	323	42649	42646	2	1
IS	324	42510	42507	3	0
IS	325	41811	41809	2	0
IS	326	41319	41318	1	0
IS	327	40398	40395	2	1
IS	328	39558	39557	1	0
IS	329	39332	39330	2	0
IS	330	38567	38564	1	2
IS	331	37875	37875	0	0
IS	332	37362	37359	1	2
IS	333	36965	36964	1	0
IS	334	36326	36326	0	0
IS	335	35621	35620	1	0
IS	336	35205	35204	1	0
IS	337	34573	34572	1	0
IS	338	33992	33988	3	1
IS	339	33716	33712	2	2
IS	340	32959	32956	2	1
IS	341	32517	32515	1	1
IS	342	31765	31760	5	0
IS	343	31187	31185	2	0
IS	344	30880	30880	0	0
IS	345	31008	31008	0	0
IS	346	30299	30298	1	0
IS	347	29302	29299	2	1
IS	348	28684	28683	0	1
IS	349	28243	28240	2	1
IS	350	27817	27817	0	0
IS	351	27687	27685	2	0
IS	352	27437	27434	1	2
IS	353	27101	27100	0	1
IS	354	26271	26269	1	1
IS	355	26137	26137	0	0
IS	356	25416	25416	0	0
IS	357	24996	24996	0	0
IS	358	24767	24765	2	0
IS	359	24309	24308	0	1
IS	360	24111	24110	0	1
IS	361	23999	23995	4	0
IS	362	23146	23144	1	1
IS	363	23041	23041	0	0
IS	364	22268	22267	1	0
IS	365	21968	21967	1	0
IS	366	21969	21967	2	0
IS	367	21350	21350	0	0
IS	368	20800	20798	2	0
IS	369	20842	20841	1	0
IS	370	20707	20707	0	0
IS	371	20068	20067	1	0
IS	372	19953	19953	0	0
IS	373	19715	19714	1	0
IS	374	19330	19330	0	0
IS	375	18729	18726	2	1
IS	376	18503	18501	1	1
IS	377	18464	18463	0	1
IS	378	17947	17947	0	0
IS	379	17768	17768	0	0
IS	380	17370	17368	2	0
IS	381	17456	17456	0	0
IS	382	17281	17281	0	0
IS	383	16712	16711	0	1
IS	384	16426	16425	1	0
IS	385	16053	16052	1	0
IS	386	15826	15825	1	0
IS	387	15672	15672	0	0
IS	388	15321	15320	1	0
IS	389	15074	15072	1	1
IS	390	14996	14993	3	0
IS	391	14866	14864	0	2
IS	392	14497	14497	0	0
IS	393	14377	14376	1	0
IS	394	13807	13805	2	0
IS	395	13643	13643	0	0
IS	396	13449	13447	2	0
IS	397	13159	13155	2	2
IS	398	13080	13080	0	0
IS	399	12856	12856	0	0
IS	400	12870	12864	6	0
IS	401	12454	12453	1	0
IS	402	12354	12352	1	1
IS	403	12156	12154	1	1
IS	404	11978	11978	0	0
IS	405	11955	11951	2	2
IS	406	11510	11508	1	1
IS	407	11440	11440	0	0
IS	408	11311	11309	2	0
IS	409	11092	11092	0	0
IS	410	11055	11049	5	1
IS	411	10761	10761	0	0
IS	412	10614	10612	2	0
IS	413	10236	10228	8	0
IS	414	10106	10104	2	0
IS	415	9903	9903	0	0
IS	416	9757	9757	0	0
IS	417	9664	9660	4	0
IS	418	9691	9687	4	0
IS	419	9485	9483	1	1
IS	420	9285	9283	2	0
IS	421	9165	9165	0	0
IS	422	9085	9082	3	0
IS	423	8992	8988	4	0
IS	424	8867	8866	1	0
IS	425	8704	8702	2	0
IS	426	8456	8456	0	0
# Read lengths. Use `grep ^RL | cut -f 2-` to extract this part. The columns are: read length, count
RL	23	2
RL	24	4
RL	25	2
RL	26	6
RL	27	45
RL	28	84
RL	29	78
RL	30	74
RL	31	1926
RL	32	1994
RL	33	2243
RL	34	2648
RL	35	3216
RL	36	4209
RL	37	5505
RL	38	6260
RL	39	7423
RL	40	8622
RL	41	10498
RL	42	13048
RL	43	17101
RL	44	21693
RL	45	26679
RL	46	29936
RL	47	32259
RL	48	34922
RL	49	37445
RL	50	40883
RL	51	44589
RL	52	49427
RL	53	56349
RL	54	65687
RL	55	73878
RL	56	80055
RL	57	83855
RL	58	87929
RL	59	91274
RL	60	95189
RL	61	99569
RL	62	104965
RL	63	113535
RL	64	124637
RL	65	134471
RL	66	145369
RL	67	152205
RL	68	156317
RL	69	160468
RL	70	164682
RL	71	168394
RL	72	173265
RL	73	181232
RL	74	193460
RL	75	207274
RL	76	218879
RL	77	229026
RL	78	237494
RL	79	241605
RL	80	245993
RL	81	253393
RL	82	254907
RL	83	262951
RL	84	273963
RL	85	287911
RL	86	302225
RL	87	317956
RL	88	329175
RL	89	334440
RL	90	341581
RL	91	349446
RL	92	374274
RL	93	438179
RL	94	378458
RL	95	420596
RL	96	520687
RL	97	410677
RL	98	422477
RL	99	435927
RL	100	444158
RL	101	98626367
# Read lengths - first fragments. Use `grep ^FRL | cut -f 2-` to extract this part. The columns are: read length, count
FRL	23	1
FRL	24	2
FRL	25	1
FRL	26	3
FRL	27	22
FRL	28	42
FRL	29	38
FRL	30	37
FRL	31	965
FRL	32	998
FRL	33	1123
FRL	34	1327
FRL	35	1602
FRL	36	2103
FRL	37	2754
FRL	38	3127
FRL	39	3713
FRL	40	4311
FRL	41	5247
FRL	42	6522
FRL	43	8550
FRL	44	10845
FRL	45	13337
FRL	46	14967
FRL	47	16127
FRL	48	17461
FRL	49	18724
FRL	50	20441
FRL	51	22293
FRL	52	24714
FRL	53	28177
FRL	54	32842
FRL	55	36940
FRL	56	40027
FRL	57	41924
FRL	58	43964
FRL	59	45639
FRL	60	47597
FRL	61	49782
FRL	62	52481
FRL	63	56762
FRL	64	62314
FRL	65	67237
FRL	66	72678
FRL	67	76100
FRL	68	78157
FRL	69	80235
FRL	70	82341
FRL	71	84194
FRL	72	86627
FRL	73	90614
FRL	74	96734
FRL	75	103634
FRL	76	109445
FRL	77	114521
FRL	78	118756
FRL	79	120811
FRL	80	123011
FRL	81	126714
FRL	82	127470
FRL	83	131497
FRL	84	137016
FRL	85	143995
FRL	86	151164
FRL	87	159045
FRL	88	164660
FRL	89	167275
FRL	90	170894
FRL	91	174802
FRL	92	187085
FRL	93	218672
FRL	94	189184
FRL	95	210280
FRL	96	259940
FRL	97	205342
FRL	98	211241
FRL	99	217963
FRL	100	222080
FRL	101	49296393
# Read lengths - last fragments. Use `grep ^LRL | cut -f 2-` to extract this part. The columns are: read length, count
LRL	23	1
LRL	24	2
LRL	25	1
LRL	26	3
LRL	27	23
LRL	28	42
LRL	29	40
LRL	30	37
LRL	31	961
LRL	32	996
LRL	33	1120
LRL	34	1321
LRL	35	1614
LRL	36	2106
LRL	37	2751
LRL	38	3133
LRL	39	3710
LRL	40	4311
LRL	41	5251
LRL	42	6526
LRL	43	8551
LRL	44	10848
LRL	45	13342
LRL	46	14969
LRL	47	16132
LRL	48	17461
LRL	49	18721
LRL	50	20442
LRL	51	22296
LRL	52	24713
LRL	53	28172
LRL	54	32845
LRL	55	36938
LRL	56	40028
LRL	57	41931
LRL	58	43965
LRL	59	45635
LRL	60	47592
LRL	61	49787
LRL	62	52484
LRL	63	56773
LRL	64	62323
LRL	65	67234
LRL	66	72691
LRL	67	76105
LRL	68	78160
LRL	69	80233
LRL	70	82341
LRL	71	84200
LRL	72	86638
LRL	73	90618
LRL	74	96726
LRL	75	103640
LRL	76	109434
LRL	77	114505
LRL	78	118738
LRL	79	120794
LRL	80	122982
LRL	81	126679
LRL	82	127437
LRL	83	131454
LRL	84	136947
LRL	85	143916
LRL	86	151061
LRL	87	158911
LRL	88	164515
LRL	89	167165
LRL	90	170687
LRL	91	174644
LRL	92	187189
LRL	93	219507
LRL	94	189274
LRL	95	210316
LRL	96	260747
LRL	97	205335
LRL	98	211236
LRL	99	217964
LRL	100	222078
LRL	101	49329974
# Mapping qualities for reads !(UNMAP|SECOND|SUPPL|QCFAIL|DUP). Use `grep ^MAPQ | cut -f 2-` to extract this part. The columns are: mapq, count
MAPQ	0	4606952
MAPQ	1	13719
MAPQ	2	3829
MAPQ	3	29267
MAPQ	4	6592
MAPQ	5	7399
MAPQ	6	10544
MAPQ	7	19427
MAPQ	8	9244
MAPQ	9	38420
MAPQ	10	20499
MAPQ	11	5296
MAPQ	12	8914
MAPQ	13	14606
MAPQ	14	4123
MAPQ	15	26563
MAPQ	16	9052
MAPQ	17	10896
MAPQ	18	14184
MAPQ	19	28801
MAPQ	20	34811
MAPQ	21	50247
MAPQ	22	64308
MAPQ	23	58796
MAPQ	24	113188
MAPQ	25	246378
MAPQ	26	2071
MAPQ	27	514398
MAPQ	28	5119
MAPQ	29	4453
MAPQ	30	7781
MAPQ	31	16230
MAPQ	32	1957
MAPQ	33	37177
MAPQ	34	4714
MAPQ	35	5458
MAPQ	36	8839
MAPQ	37	18471
MAPQ	38	7238
MAPQ	39	42176
MAPQ	40	531194
MAPQ	41	8668
MAPQ	42	29511
MAPQ	43	37487
MAPQ	44	23440
MAPQ	45	86773
MAPQ	46	47311
MAPQ	47	114393
MAPQ	48	167849
MAPQ	49	107803
MAPQ	50	633251
MAPQ	51	57343
MAPQ	52	67522
MAPQ	53	27362
MAPQ	54	26705
MAPQ	55	70712
MAPQ	56	5187
MAPQ	57	84661
MAPQ	58	4047
MAPQ	59	7371
MAPQ	60	89950578
# Indel distribution. Use `grep ^ID | cut -f 2-` to extract this part. The columns are: length, number of insertions, number of deletions
ID	1	237457	340250
ID	2	49609	74010
ID	3	25673	40024
ID	4	18223	28478
ID	5	6560	9558
ID	6	4016	8119
ID	7	1219	3114
ID	8	1736	2712
ID	9	1632	2267
ID	10	782	2109
ID	11	849	1498
ID	12	889	1578
ID	13	672	1377
ID	14	403	896
ID	15	573	1159
ID	16	121	683
ID	17	84	323
ID	18	181	726
ID	19	176	450
ID	20	46	283
ID	21	65	310
ID	22	11	267
ID	23	3	92
ID	24	25	306
ID	25	50	28
ID	26	1	107
ID	27	1	71
ID	28	0	63
ID	29	18	18
ID	30	0	53
ID	31	0	4
ID	32	0	16
ID	33	0	5
ID	34	0	20
ID	35	0	18
ID	36	0	4
ID	37	0	5
ID	38	0	1
ID	39	0	2
ID	41	0	8
ID	42	0	9
ID	43	0	2
# Indels per cycle. Use `grep ^IC | cut -f 2-` to extract this part. The columns are: cycle, number of insertions (fwd), .. (rev) , number of deletions (fwd), .. (rev)
IC	3	0	0	779	788
IC	4	649	506	875	834
IC	5	792	731	1053	1016
IC	6	729	694	920	1016
IC	7	880	824	1033	968
IC	8	816	830	1241	1246
IC	9	1060	1090	1577	1569
IC	10	1279	1221	1807	1708
IC	11	1209	1096	1864	1744
IC	12	1336	1403	1924	1728
IC	13	1300	1263	2075	2098
IC	14	1519	1499	2311	2236
IC	15	1796	1686	2685	2462
IC	16	1694	1688	2327	2312
IC	17	1735	1659	2802	2759
IC	18	1930	1831	2456	2257
IC	19	1852	1700	2584	2559
IC	20	1816	1662	2651	2500
IC	21	1870	1782	2631	2636
IC	22	1859	1810	2721	2682
IC	23	2022	1765	2788	2649
IC	24	2061	1810	2872	2745
IC	25	2151	2001	3169	2913
IC	26	2160	2038	2973	3042
IC	27	2248	1933	3114	2880
IC	28	2140	2000	2986	2942
IC	29	2064	1926	3358	3118
IC	30	2209	2088	3435	3051
IC	31	2368	2202	3285	3020
IC	32	2323	2086	3168	3040
IC	33	2255	2045	3179	2973
IC	34	2184	2001	3225	3182
IC	35	2264	2124	3480	3268
IC	36	2400	2197	3206	2996
IC	37	2273	2008	3285	2980
IC	38	2137	1997	3162	2942
IC	39	2105	1833	3189	2933
IC	40	2183	2016	3218	3091
IC	41	2252	2045	3120	2908
IC	42	2154	2036	3238	3064
IC	43	2283	2092	3203	2888
IC	44	2235	2031	3204	2979
IC	45	2251	2013	3149	3040
IC	46	2167	2058	3171	3016
IC	47	2103	1943	3235	3065
IC	48	2258	2114	3256	3000
IC	49	2293	2141	3514	3020
IC	50	2212	2053	3439	3250
IC	51	2249	2185	3166	3107
IC	52	2161	1986	3232	3137
IC	53	2114	1956	3269	3024
IC	54	2211	2065	3263	3119
IC	55	2287	2076	3394	3198
IC	56	2191	2047	3388	3235
IC	57	2247	2107	3109	3056
IC	58	2201	2014	3342	3084
IC	59	2149	2043	3278	3096
IC	60	2190	2064	3216	3059
IC	61	2267	2004	3142	2957
IC	62	2059	2096	3223	3100
IC	63	2104	2101	3278	3258
IC	64	2149	2045	3269	3056
IC	65	2224	2155	3281	3139
IC	66	2224	2131	3242	3288
IC	67	2134	2090	3451	3355
IC	68	2140	1984	3326	3100
IC	69	2102	2036	3257	3107
IC	70	2110	2105	3176	3044
IC	71	2217	2166	3171	3044
IC	72	2026	2168	3268	3248
IC	73	2270	2297	3236	3037
IC	74	2103	2017	3257	3208
IC	75	2141	2104	2877	3083
IC	76	2083	1980	3065	3013
IC	77	1938	1886	3133	2926
IC	78	2074	2006	3124	3109
IC	79	1970	1903	3211	3174
IC	80	2073	2105	2987	2966
IC	81	2000	1909	2926	2921
IC	82	1999	1917	2921	2942
IC	83	1901	1842	2952	2817
IC	84	1936	1869	2924	2787
IC	85	1897	1898	2706	2610
IC	86	1834	1800	2815	2702
IC	87	1643	1693	2625	2546
IC	88	1711	1667	2495	2431
IC	89	1479	1645	2296	2300
IC	90	1485	1526	2157	2260
IC	91	1335	1268	2224	2201
IC	92	1420	1468	2095	2162
IC	93	1185	1257	2060	1982
IC	94	1218	1309	1873	1813
IC	95	1069	1226	1768	1777
IC	96	1075	1387	1699	1786
IC	97	961	1246	1443	1619
IC	98	971	1252	1162	1218
# Coverage distribution. Use `grep ^COV | cut -f 2-` to extract this part.
COV	[1-1]	1	5290898
COV	[2-2]	2	4189047
COV	[3-3]	3	3332657
COV	[4-4]	4	2863398
COV	[5-5]	5	2495084
COV	[6-6]	6	2225770
COV	[7-7]	7	2027788
COV	[8-8]	8	1864408
COV	[9-9]	9	1718268
COV	[10-10]	10	1604355
COV	[11-11]	11	1502702
COV	[12-12]	12	1415881
COV	[13-13]	13	1345714
COV	[14-14]	14	1276261
COV	[15-15]	15	1214686
COV	[16-16]	16	1167502
COV	[17-17]	17	1124701
COV	[18-18]	18	1077468
COV	[19-19]	19	1033847
COV	[20-20]	20	999156
COV	[21-21]	21	967027
COV	[22-22]	22	935959
COV	[23-23]	23	907930
COV	[24-24]	24	888435
COV	[25-25]	25	862078
COV	[26-26]	26	841993
COV	[27-27]	27	820108
COV	[28-28]	28	796898
COV	[29-29]	29	785338
COV	[30-30]	30	768406
COV	[31-31]	31	752909
COV	[32-32]	32	736993
COV	[33-33]	33	726207
COV	[34-34]	34	714162
COV	[35-35]	35	705571
COV	[36-36]	36	690574
COV	[37-37]	37	682906
COV	[38-38]	38	677240
COV	[39-39]	39	667519
COV	[40-40]	40	657395
COV	[41-41]	41	649016
COV	[42-42]	42	643468
COV	[43-43]	43	634014
COV	[44-44]	44	625788
COV	[45-45]	45	619021
COV	[46-46]	46	613510
COV	[47-47]	47	607231
COV	[48-48]	48	603191
COV	[49-49]	49	599007
COV	[50-50]	50	593760
COV	[51-51]	51	584883
COV	[52-52]	52	581586
COV	[53-53]	53	576937
COV	[54-54]	54	569664
COV	[55-55]	55	564926
COV	[56-56]	56	561929
COV	[57-57]	57	555502
COV	[58-58]	58	553015
COV	[59-59]	59	545763
COV	[60-60]	60	544247
COV	[61-61]	61	537405
COV	[62-62]	62	532286
COV	[63-63]	63	530137
COV	[64-64]	64	525122
COV	[65-65]	65	520647
COV	[66-66]	66	516670
COV	[67-67]	67	512305
COV	[68-68]	68	506515
COV	[69-69]	69	500769
COV	[70-70]	70	498008
COV	[71-71]	71	493049
COV	[72-72]	72	487008
COV	[73-73]	73	481683
COV	[74-74]	74	475749
COV	[75-75]	75	475620
COV	[76-76]	76	469458
COV	[77-77]	77	466683
COV	[78-78]	78	461147
COV	[79-79]	79	458132
COV	[80-80]	80	454384
COV	[81-81]	81	450828
COV	[82-82]	82	448408
COV	[83-83]	83	443653
COV	[84-84]	84	439713
COV	[85-85]	85	436235
COV	[86-86]	86	430268
COV	[87-87]	87	428612
COV	[88-88]	88	424641
COV	[89-89]	89	423457
COV	[90-90]	90	416711
COV	[91-91]	91	413716
COV	[92-92]	92	410342
COV	[93-93]	93	406041
COV	[94-94]	94	402926
COV	[95-95]	95	398126
COV	[96-96]	96	394512
COV	[97-97]	97	392071
COV	[98-98]	98	388478
COV	[99-99]	99	384372
COV	[100-100]	100	380884
COV	[101-101]	101	375795
COV	[102-102]	102	374333
COV	[103-103]	103	372338
COV	[104-104]	104	367146
COV	[105-105]	105	364620
COV	[106-106]	106	362257
COV	[107-107]	107	357581
COV	[108-108]	108	353154
COV	[109-109]	109	351817
COV	[110-110]	110	349301
COV	[111-111]	111	346176
COV	[112-112]	112	342491
COV	[113-113]	113	340085
COV	[114-114]	114	336544
COV	[115-115]	115	333158
COV	[116-116]	116	331039
COV	[117-117]	117	327656
COV	[118-118]	118	323090
COV	[119-119]	119	322719
COV	[120-120]	120	319048
COV	[121-121]	121	314595
COV	[122-122]	122	313850
COV	[123-123]	123	310856
COV	[124-124]	124	308761
COV	[125-125]	125	304557
COV	[126-126]	126	300407
COV	[127-127]	127	299125
COV	[128-128]	128	297678
COV	[129-129]	129	294243
COV	[130-130]	130	292187
COV	[131-131]	131	289630
COV	[132-132]	132	287083
COV	[133-133]	133	283591
COV	[134-134]	134	279312
COV	[135-135]	135	278928
COV	[136-136]	136	276747
COV	[137-137]	137	275229
COV	[138-138]	138	272339
COV	[139-139]	139	271051
COV	[140-140]	140	267742
COV	[141-141]	141	265684
COV	[142-142]	142	262652
COV	[143-143]	143	258884
COV	[144-144]	144	257859
COV	[145-145]	145	254726
COV	[146-146]	146	252562
COV	[147-147]	147	250783
COV	[148-148]	148	249004
COV	[149-149]	149	245979
COV	[150-150]	150	243225
COV	[151-151]	151	240768
COV	[152-152]	152	239383
COV	[153-153]	153	235432
COV	[154-154]	154	234076
COV	[155-155]	155	231001
COV	[156-156]	156	228813
COV	[157-157]	157	226162
COV	[158-158]	158	225568
COV	[159-159]	159	222580
COV	[160-160]	160	219244
COV	[161-161]	161	218699
COV	[162-162]	162	216253
COV	[163-163]	163	214476
COV	[164-164]	164	212651
COV	[165-165]	165	210289
COV	[166-166]	166	208387
COV	[167-167]	167	205666
COV	[168-168]	168	204572
COV	[169-169]	169	201425
COV	[170-170]	170	199134
COV	[171-171]	171	197389
COV	[172-172]	172	195318
COV	[173-173]	173	193416
COV	[174-174]	174	192305
COV	[175-175]	175	188989
COV	[176-176]	176	187203
COV	[177-177]	177	185662
COV	[178-178]	178	184144
COV	[179-179]	179	182436
COV	[180-180]	180	180409
COV	[181-181]	181	176592
COV	[182-182]	182	177422
COV	[183-183]	183	173110
COV	[184-184]	184	172061
COV	[185-185]	185	169477
COV	[186-186]	186	169093
COV	[187-187]	187	166247
COV	[188-188]	188	165716
COV	[189-189]	189	164502
COV	[190-190]	190	162074
COV	[191-191]	191	161209
COV	[192-192]	192	158464
COV	[193-193]	193	157177
COV	[194-194]	194	155396
COV	[195-195]	195	153964
COV	[196-196]	196	150844
COV	[197-197]	197	150834
COV	[198-198]	198	149469
COV	[199-199]	199	147103
COV	[200-200]	200	144956
COV	[201-201]	201	144326
COV	[202-202]	202	142756
COV	[203-203]	203	141349
COV	[204-204]	204	139368
COV	[205-205]	205	137402
COV	[206-206]	206	135137
COV	[207-207]	207	134739
COV	[208-208]	208	133718
COV	[209-209]	209	130998
COV	[210-210]	210	130556
COV	[211-211]	211	128732
COV	[212-212]	212	127457
COV	[213-213]	213	125147
COV	[214-214]	214	124142
COV	[215-215]	215	122263
COV	[216-216]	216	121098
COV	[217-217]	217	119462
COV	[218-218]	218	117772
COV	[219-219]	219	117297
COV	[220-220]	220	115892
COV	[221-221]	221	114163
COV	[222-222]	222	113115
COV	[223-223]	223	112021
COV	[224-224]	224	110094
COV	[225-225]	225	109027
COV	[226-226]	226	108082
COV	[227-227]	227	106518
COV	[228-228]	228	105267
COV	[229-229]	229	103795
COV	[230-230]	230	103578
COV	[231-231]	231	102009
COV	[232-232]	232	100765
COV	[233-233]	233	100864
COV	[234-234]	234	98993
COV	[235-235]	235	98149
COV	[236-236]	236	96002
COV	[237-237]	237	94826
COV	[238-238]	238	94322
COV	[239-239]	239	93638
COV	[240-240]	240	92735
COV	[241-241]	241	90881
COV	[242-242]	242	90071
COV	[243-243]	243	88590
COV	[244-244]	244	88155
COV	[245-245]	245	88009
COV	[246-246]	246	85568
COV	[247-247]	247	85177
COV	[248-248]	248	84154
COV	[249-249]	249	82521
COV	[250-250]	250	82107
COV	[251-251]	251	81841
COV	[252-252]	252	80243
COV	[253-253]	253	79501
COV	[254-254]	254	79078
COV	[255-255]	255	78460
COV	[256-256]	256	76671
COV	[257-257]	257	76202
COV	[258-258]	258	75049
COV	[259-259]	259	73417
COV	[260-260]	260	73086
COV	[261-261]	261	72429
COV	[262-262]	262	71622
COV	[263-263]	263	70615
COV	[264-264]	264	69234
COV	[265-265]	265	68943
COV	[266-266]	266	68433
COV	[267-267]	267	67006
COV	[268-268]	268	66166
COV	[269-269]	269	66097
COV	[270-270]	270	65388
COV	[271-271]	271	64274
COV	[272-272]	272	63185
COV	[273-273]	273	62943
COV	[274-274]	274	62373
COV	[275-275]	275	60954
COV	[276-276]	276	60422
COV	[277-277]	277	60182
COV	[278-278]	278	59813
COV	[279-279]	279	58785
COV	[280-280]	280	57511
COV	[281-281]	281	57740
COV	[282-282]	282	57016
COV	[283-283]	283	56358
COV	[284-284]	284	55749
COV	[285-285]	285	54939
COV	[286-286]	286	54601
COV	[287-287]	287	53910
COV	[288-288]	288	53686
COV	[289-289]	289	52985
COV	[290-290]	290	52598
COV	[291-291]	291	51764
COV	[292-292]	292	51234
COV	[293-293]	293	50687
COV	[294-294]	294	50555
COV	[295-295]	295	49726
COV	[296-296]	296	48903
COV	[297-297]	297	48531
COV	[298-298]	298	48118
COV	[299-299]	299	47284
COV	[300-300]	300	46834
COV	[301-301]	301	46439
COV	[302-302]	302	46301
COV	[303-303]	303	45984
COV	[304-304]	304	44979
COV	[305-305]	305	44768
COV	[306-306]	306	44562
COV	[307-307]	307	43735
COV	[308-308]	308	43462
COV	[309-309]	309	43265
COV	[310-310]	310	43163
COV	[311-311]	311	42609
COV	[312-312]	312	42380
COV	[313-313]	313	41440
COV	[314-314]	314	41198
COV	[315-315]	315	40632
COV	[316-316]	316	40127
COV	[317-317]	317	39653
COV	[318-318]	318	40018
COV	[319-319]	319	39299
COV	[320-320]	320	38833
COV	[321-321]	321	38455
COV	[322-322]	322	38242
COV	[323-323]	323	37916
COV	[324-324]	324	37328
COV	[325-325]	325	37120
COV	[326-326]	326	36836
COV	[327-327]	327	36422
COV	[328-328]	328	36237
COV	[329-329]	329	35667
COV	[330-330]	330	35249
COV	[331-331]	331	34850
COV	[332-332]	332	34386
COV	[333-333]	333	34345
COV	[334-334]	334	33961
COV	[335-335]	335	33809
COV	[336-336]	336	33299
COV	[337-337]	337	33284
COV	[338-338]	338	33137
COV	[339-339]	339	32583
COV	[340-340]	340	32561
COV	[341-341]	341	32374
COV	[342-342]	342	31336
COV	[343-343]	343	31583
COV	[344-344]	344	31311
COV	[345-345]	345	30983
COV	[346-346]	346	30722
COV	[347-347]	347	30537
COV	[348-348]	348	30411
COV	[349-349]	349	30011
COV	[350-350]	350	29927
COV	[351-351]	351	29501
COV	[352-352]	352	29297
COV	[353-353]	353	28513
COV	[354-354]	354	29004
COV	[355-355]	355	28488
COV	[356-356]	356	27934
COV	[357-357]	357	27660
COV	[358-358]	358	27610
COV	[359-359]	359	27286
COV	[360-360]	360	27093
COV	[361-361]	361	26237
COV	[362-362]	362	26735
COV	[363-363]	363	25925
COV	[364-364]	364	26167
COV	[365-365]	365	25890
COV	[366-366]	366	25506
COV	[367-367]	367	25443
COV	[368-368]	368	25646
COV	[369-369]	369	24980
COV	[370-370]	370	24833
COV	[371-371]	371	24435
COV	[372-372]	372	24292
COV	[373-373]	373	24393
COV	[374-374]	374	24104
COV	[375-375]	375	24136
COV	[376-376]	376	23692
COV	[377-377]	377	23496
COV	[378-378]	378	23579
COV	[379-379]	379	23459
COV	[380-380]	380	23050
COV	[381-381]	381	23013
COV	[382-382]	382	22649
COV	[383-383]	383	22427
COV	[384-384]	384	22470
COV	[385-385]	385	22323
COV	[386-386]	386	22070
COV	[387-387]	387	21626
COV	[388-388]	388	21771
COV	[389-389]	389	21045
COV	[390-390]	390	21262
COV	[391-391]	391	20612
COV	[392-392]	392	20275
COV	[393-393]	393	20437
COV	[394-394]	394	20714
COV	[395-395]	395	20711
COV	[396-396]	396	20420
COV	[397-397]	397	20532
COV	[398-398]	398	20365
COV	[399-399]	399	20051
COV	[400-400]	400	20033
COV	[401-401]	401	19742
COV	[402-402]	402	19886
COV	[403-403]	403	19454
COV	[404-404]	404	19125
COV	[405-405]	405	18736
COV	[406-406]	406	19327
COV	[407-407]	407	19013
COV	[408-408]	408	18624
COV	[409-409]	409	18272
COV	[410-410]	410	18418
COV	[411-411]	411	18289
COV	[412-412]	412	17918
COV	[413-413]	413	17984
COV	[414-414]	414	18002
COV	[415-415]	415	17637
COV	[416-416]	416	17804
COV	[417-417]	417	17444
COV	[418-418]	418	17118
COV	[419-419]	419	17221
COV	[420-420]	420	17274
COV	[421-421]	421	17077
COV	[422-422]	422	16828
COV	[423-423]	423	16540
COV	[424-424]	424	16808
COV	[425-425]	425	16376
COV	[426-426]	426	16243
COV	[427-427]	427	15928
COV	[428-428]	428	16075
COV	[429-429]	429	15968
COV	[430-430]	430	15780
COV	[431-431]	431	15586
COV	[432-432]	432	15548
COV	[433-433]	433	15567
COV	[434-434]	434	15262
COV	[435-435]	435	14828
COV	[436-436]	436	14941
COV	[437-437]	437	15033
COV	[438-438]	438	14885
COV	[439-439]	439	14780
COV	[440-440]	440	14816
COV	[441-441]	441	14350
COV	[442-442]	442	14581
COV	[443-443]	443	14251
COV	[444-444]	444	14149
COV	[445-445]	445	14163
COV	[446-446]	446	13689
COV	[447-447]	447	13773
COV	[448-448]	448	13522
COV	[449-449]	449	13634
COV	[450-450]	450	13411
COV	[451-451]	451	13239
COV	[452-452]	452	13295
COV	[453-453]	453	13349
COV	[454-454]	454	13186
COV	[455-455]	455	12994
COV	[456-456]	456	12967
COV	[457-457]	457	12714
COV	[458-458]	458	12614
COV	[459-459]	459	12640
COV	[460-460]	460	12598
COV	[461-461]	461	12343
COV	[462-462]	462	12113
COV	[463-463]	463	11995
COV	[464-464]	464	11894
COV	[465-465]	465	11997
COV	[466-466]	466	11856
COV	[467-467]	467	12000
COV	[468-468]	468	11740
COV	[469-469]	469	11718
COV	[470-470]	470	11496
COV	[471-471]	471	11394
COV	[472-472]	472	11493
COV	[473-473]	473	11214
COV	[474-474]	474	11240
COV	[475-475]	475	11056
COV	[476-476]	476	10752
COV	[477-477]	477	10763
COV	[478-478]	478	10771
COV	[479-479]	479	10903
COV	[480-480]	480	10505
COV	[481-481]	481	10510
COV	[482-482]	482	10554
COV	[483-483]	483	10417
COV	[484-484]	484	10243
COV	[485-485]	485	10335
COV	[486-486]	486	10104
COV	[487-487]	487	10043
COV	[488-488]	488	10040
COV	[489-489]	489	10009
COV	[490-490]	490	10042
COV	[491-491]	491	9837
COV	[492-492]	492	9664
COV	[493-493]	493	9835
COV	[494-494]	494	9846
COV	[495-495]	495	9648
COV	[496-496]	496	9662
COV	[497-497]	497	9478
COV	[498-498]	498	9220
COV	[499-499]	499	9349
COV	[500-500]	500	9140
COV	[501-501]	501	8946
COV	[502-502]	502	8980
COV	[503-503]	503	9054
COV	[504-504]	504	8847
COV	[505-505]	505	9036
COV	[506-506]	506	8754
COV	[507-507]	507	8387
COV	[508-508]	508	8474
COV	[509-509]	509	8298
COV	[510-510]	510	8405
COV	[511-511]	511	8243
COV	[512-512]	512	8261
COV	[513-513]	513	8150
COV	[514-514]	514	7940
COV	[515-515]	515	7913
COV	[516-516]	516	7740
COV	[517-517]	517	7773
COV	[518-518]	518	7793
COV	[519-519]	519	7632
COV	[520-520]	520	7563
COV	[521-521]	521	7543
COV	[522-522]	522	7426
COV	[523-523]	523	7284
COV	[524-524]	524	7347
COV	[525-525]	525	7142
COV	[526-526]	526	6971
COV	[527-527]	527	6849
COV	[528-528]	528	6905
COV	[529-529]	529	6813
COV	[530-530]	530	6822
COV	[531-531]	531	6758
COV	[532-532]	532	6718
COV	[533-533]	533	6601
COV	[534-534]	534	6803
COV	[535-535]	535	6615
COV	[536-536]	536	6477
COV	[537-537]	537	6366
COV	[538-538]	538	6392
COV	[539-539]	539	6389
COV	[540-540]	540	6190
COV	[541-541]	541	6203
COV	[542-542]	542	6106
COV	[543-543]	543	6107
COV	[544-544]	544	5941
COV	[545-545]	545	5935
COV	[546-546]	546	5884
COV	[547-547]	547	5787
COV	[548-548]	548	5742
COV	[549-549]	549	5720
COV	[550-550]	550	5697
COV	[551-551]	551	5622
COV	[552-552]	552	5612
COV	[553-553]	553	5393
COV	[554-554]	554	5553
COV	[555-555]	555	5431
COV	[556-556]	556	5304
COV	[557-557]	557	5241
COV	[558-558]	558	5302
COV	[559-559]	559	5115
COV	[560-560]	560	5220
COV	[561-561]	561	5051
COV	[562-562]	562	5071
COV	[563-563]	563	5106
COV	[564-564]	564	5086
COV	[565-565]	565	5056
COV	[566-566]	566	5042
COV	[567-567]	567	4920
COV	[568-568]	568	4986
COV	[569-569]	569	4852
COV	[570-570]	570	4863
COV	[571-571]	571	4668
COV	[572-572]	572	4617
COV	[573-573]	573	4503
COV	[574-574]	574	4598
COV	[575-575]	575	4675
COV	[576-576]	576	4519
COV	[577-577]	577	4509
COV	[578-578]	578	4453
COV	[579-579]	579	4303
COV	[580-580]	580	4344
COV	[581-581]	581	4216
COV	[582-582]	582	4189
COV	[583-583]	583	4004
COV	[584-584]	584	4067
COV	[585-585]	585	4106
COV	[586-586]	586	3893
COV	[587-587]	587	4046
COV	[588-588]	588	4014
COV	[589-589]	589	3978
COV	[590-590]	590	3882
COV	[591-591]	591	3875
COV	[592-592]	592	3747
COV	[593-593]	593	3781
COV	[594-594]	594	3877
COV	[595-595]	595	3693
COV	[596-596]	596	3667
COV	[597-597]	597	3642
COV	[598-598]	598	3631
COV	[599-599]	599	3582
COV	[600-600]	600	3453
COV	[601-601]	601	3493
COV	[602-602]	602	3468
COV	[603-603]	603	3406
COV	[604-604]	604	3343
COV	[605-605]	605	3461
COV	[606-606]	606	3346
COV	[607-607]	607	3369
COV	[608-608]	608	3302
COV	[609-609]	609	3312
COV	[610-610]	610	3240
COV	[611-611]	611	3278
COV	[612-612]	612	3184
COV	[613-613]	613	3117
COV	[614-614]	614	3064
COV	[615-615]	615	3115
COV	[616-616]	616	2974
COV	[617-617]	617	3113
COV	[618-618]	618	3064
COV	[619-619]	619	3082
COV	[620-620]	620	3007
COV	[621-621]	621	2960
COV	[622-622]	622	2970
COV	[623-623]	623	2947
COV	[624-624]	624	2952
COV	[625-625]	625	2785
COV	[626-626]	626	2790
COV	[627-627]	627	2714
COV	[628-628]	628	2819
COV	[629-629]	629	2883
COV	[630-630]	630	2700
COV	[631-631]	631	2682
COV	[632-632]	632	2690
COV	[633-633]	633	2602
COV	[634-634]	634	2568
COV	[635-635]	635	2541
COV	[636-636]	636	2712
COV	[637-637]	637	2521
COV	[638-638]	638	2554
COV	[639-639]	639	2550
COV	[640-640]	640	2447
COV	[641-641]	641	2464
COV	[642-642]	642	2375
COV	[643-643]	643	2334
COV	[644-644]	644	2376
COV	[645-645]	645	2357
COV	[646-646]	646	2392
COV	[647-647]	647	2315
COV	[648-648]	648	2291
COV	[649-649]	649	2326
COV	[650-650]	650	2342
COV	[651-651]	651	2332
COV	[652-652]	652	2265
COV	[653-653]	653	2226
COV	[654-654]	654	2345
COV	[655-655]	655	2211
COV	[656-656]	656	2160
COV	[657-657]	657	2183
COV	[658-658]	658	2074
COV	[659-659]	659	2094
COV	[660-660]	660	2126
COV	[661-661]	661	2001
COV	[662-662]	662	1906
COV	[663-663]	663	1974
COV	[664-664]	664	1946
COV	[665-665]	665	1956
COV	[666-666]	666	1897
COV	[667-667]	667	1938
COV	[668-668]	668	1877
COV	[669-669]	669	1906
COV	[670-670]	670	1796
COV	[671-671]	671	1960
COV	[672-672]	672	1947
COV	[673-673]	673	1977
COV	[674-674]	674	1896
COV	[675-675]	675	1842
COV	[676-676]	676	1770
COV	[677-677]	677	1881
COV	[678-678]	678	1786
COV	[679-679]	679	1807
COV	[680-680]	680	1822
COV	[681-681]	681	1740
COV	[682-682]	682	1739
COV	[683-683]	683	1673
COV	[684-684]	684	1647
COV	[685-685]	685	1716
COV	[686-686]	686	1605
COV	[687-687]	687	1677
COV	[688-688]	688	1615
COV	[689-689]	689	1636
COV	[690-690]	690	1606
COV	[691-691]	691	1573
COV	[692-692]	692	1643
COV	[693-693]	693	1627
COV	[694-694]	694	1600
COV	[695-695]	695	1580
COV	[696-696]	696	1550
COV	[697-697]	697	1560
COV	[698-698]	698	1546
COV	[699-699]	699	1495
COV	[700-700]	700	1563
COV	[701-701]	701	1562
COV	[702-702]	702	1519
COV	[703-703]	703	1481
COV	[704-704]	704	1487
COV	[705-705]	705	1471
COV	[706-706]	706	1431
COV	[707-707]	707	1433
COV	[708-708]	708	1407
COV	[709-709]	709	1415
COV	[710-710]	710	1347
COV	[711-711]	711	1333
COV	[712-712]	712	1408
COV	[713-713]	713	1335
COV	[714-714]	714	1274
COV	[715-715]	715	1274
COV	[716-716]	716	1315
COV	[717-717]	717	1256
COV	[718-718]	718	1223
COV	[719-719]	719	1217
COV	[720-720]	720	1312
COV	[721-721]	721	1250
COV	[722-722]	722	1216
COV	[723-723]	723	1296
COV	[724-724]	724	1235
COV	[725-725]	725	1236
COV	[726-726]	726	1153
COV	[727-727]	727	1228
COV	[728-728]	728	1158
COV	[729-729]	729	1173
COV	[730-730]	730	1113
COV	[731-731]	731	1150
COV	[732-732]	732	1149
COV	[733-733]	733	1167
COV	[734-734]	734	1154
COV	[735-735]	735	1174
COV	[736-736]	736	1084
COV	[737-737]	737	1060
COV	[738-738]	738	1049
COV	[739-739]	739	1042
COV	[740-740]	740	1074
COV	[741-741]	741	1070
COV	[742-742]	742	1079
COV	[743-743]	743	1084
COV	[744-744]	744	1055
COV	[745-745]	745	1010
COV	[746-746]	746	1012
COV	[747-747]	747	1060
COV	[748-748]	748	991
COV	[749-749]	749	1030
COV	[750-750]	750	1035
COV	[751-751]	751	1027
COV	[752-752]	752	968
COV	[753-753]	753	994
COV	[754-754]	754	970
COV	[755-755]	755	945
COV	[756-756]	756	984
COV	[757-757]	757	970
COV	[758-758]	758	963
COV	[759-759]	759	956
COV	[760-760]	760	932
COV	[761-761]	761	918
COV	[762-762]	762	918
COV	[763-763]	763	867
COV	[764-764]	764	935
COV	[765-765]	765	912
COV	[766-766]	766	919
COV	[767-767]	767	886
COV	[768-768]	768	899
COV	[769-769]	769	859
COV	[770-770]	770	869
COV	[771-771]	771	851
COV	[772-772]	772	905
COV	[773-773]	773	891
COV	[774-774]	774	888
COV	[775-775]	775	936
COV	[776-776]	776	789
COV	[777-777]	777	822
COV	[778-778]	778	870
COV	[779-779]	779	818
COV	[780-780]	780	814
COV	[781-781]	781	783
COV	[782-782]	782	790
COV	[783-783]	783	832
COV	[784-784]	784	778
COV	[785-785]	785	746
COV	[786-786]	786	798
COV	[787-787]	787	794
COV	[788-788]	788	743
COV	[789-789]	789	774
COV	[790-790]	790	754
COV	[791-791]	791	751
COV	[792-792]	792	812
COV	[793-793]	793	762
COV	[794-794]	794	726
COV	[795-795]	795	752
COV	[796-796]	796	727
COV	[797-797]	797	742
COV	[798-798]	798	712
COV	[799-799]	799	699
COV	[800-800]	800	698
COV	[801-801]	801	687
COV	[802-802]	802	670
COV	[803-803]	803	690
COV	[804-804]	804	650
COV	[805-805]	805	644
COV	[806-806]	806	668
COV	[807-807]	807	675
COV	[808-808]	808	688
COV	[809-809]	809	629
COV	[810-810]	810	612
COV	[811-811]	811	611
COV	[812-812]	812	658
COV	[813-813]	813	601
COV	[814-814]	814	643
COV	[815-815]	815	656
COV	[816-816]	816	578
COV	[817-817]	817	641
COV	[818-818]	818	609
COV	[819-819]	819	580
COV	[820-820]	820	604
COV	[821-821]	821	626
COV	[822-822]	822	623
COV	[823-823]	823	555
COV	[824-824]	824	624
COV	[825-825]	825	571
COV	[826-826]	826	566
COV	[827-827]	827	584
COV	[828-828]	828	617
COV	[829-829]	829	604
COV	[830-830]	830	601
COV	[831-831]	831	562
COV	[832-832]	832	541
COV	[833-833]	833	559
COV	[834-834]	834	569
COV	[835-835]	835	578
COV	[836-836]	836	575
COV	[837-837]	837	581
COV	[838-838]	838	574
COV	[839-839]	839	561
COV	[840-840]	840	621
COV	[841-841]	841	550
COV	[842-842]	842	550
COV	[843-843]	843	541
COV	[844-844]	844	531
COV	[845-845]	845	510
COV	[846-846]	846	514
COV	[847-847]	847	549
COV	[848-848]	848	505
COV	[849-849]	849	548
COV	[850-850]	850	566
COV	[851-851]	851	517
COV	[852-852]	852	519
COV	[853-853]	853	547
COV	[854-854]	854	532
COV	[855-855]	855	535
COV	[856-856]	856	506
COV	[857-857]	857	498
COV	[858-858]	858	549
COV	[859-859]	859	496
COV	[860-860]	860	508
COV	[861-861]	861	518
COV	[862-862]	862	541
COV	[863-863]	863	509
COV	[864-864]	864	531
COV	[865-865]	865	469
COV	[866-866]	866	451
COV	[867-867]	867	466
COV	[868-868]	868	485
COV	[869-869]	869	455
COV	[870-870]	870	458
COV	[871-871]	871	483
COV	[872-872]	872	486
COV	[873-873]	873	467
COV	[874-874]	874	456
COV	[875-875]	875	488
COV	[876-876]	876	458
COV	[877-877]	877	493
COV	[878-878]	878	439
COV	[879-879]	879	472
COV	[880-880]	880	478
COV	[881-881]	881	446
COV	[882-882]	882	479
COV	[883-883]	883	450
COV	[884-884]	884	448
COV	[885-885]	885	450
COV	[886-886]	886	433
COV	[887-887]	887	453
COV	[888-888]	888	455
COV	[889-889]	889	406
COV	[890-890]	890	421
COV	[891-891]	891	423
COV	[892-892]	892	395
COV	[893-893]	893	432
COV	[894-894]	894	435
COV	[895-895]	895	407
COV	[896-896]	896	446
COV	[897-897]	897	393
COV	[898-898]	898	441
COV	[899-899]	899	437
COV	[900-900]	900	398
COV	[901-901]	901	406
COV	[902-902]	902	444
COV	[903-903]	903	416
COV	[904-904]	904	447
COV	[905-905]	905	441
COV	[906-906]	906	416
COV	[907-907]	907	449
COV	[908-908]	908	402
COV	[909-909]	909	390
COV	[910-910]	910	407
COV	[911-911]	911	443
COV	[912-912]	912	375
COV	[913-913]	913	420
COV	[914-914]	914	403
COV	[915-915]	915	373
COV	[916-916]	916	410
COV	[917-917]	917	435
COV	[918-918]	918	412
COV	[919-919]	919	390
COV	[920-920]	920	411
COV	[921-921]	921	408
COV	[922-922]	922	382
COV	[923-923]	923	366
COV	[924-924]	924	382
COV	[925-925]	925	383
COV	[926-926]	926	366
COV	[927-927]	927	368
COV	[928-928]	928	375
COV	[929-929]	929	384
COV	[930-930]	930	391
COV	[931-931]	931	377
COV	[932-932]	932	361
COV	[933-933]	933	354
COV	[934-934]	934	343
COV	[935-935]	935	379
COV	[936-936]	936	386
COV	[937-937]	937	349
COV	[938-938]	938	357
COV	[939-939]	939	363
COV	[940-940]	940	410
COV	[941-941]	941	386
COV	[942-942]	942	352
COV	[943-943]	943	350
COV	[944-944]	944	383
COV	[945-945]	945	401
COV	[946-946]	946	389
COV	[947-947]	947	374
COV	[948-948]	948	378
COV	[949-949]	949	365
COV	[950-950]	950	331
COV	[951-951]	951	394
COV	[952-952]	952	373
COV	[953-953]	953	372
COV	[954-954]	954	333
COV	[955-955]	955	340
COV	[956-956]	956	347
COV	[957-957]	957	343
COV	[958-958]	958	359
COV	[959-959]	959	375
COV	[960-960]	960	364
COV	[961-961]	961	347
COV	[962-962]	962	346
COV	[963-963]	963	325
COV	[964-964]	964	342
COV	[965-965]	965	339
COV	[966-966]	966	365
COV	[967-967]	967	343
COV	[968-968]	968	367
COV	[969-969]	969	314
COV	[970-970]	970	356
COV	[971-971]	971	315
COV	[972-972]	972	313
COV	[973-973]	973	293
COV	[974-974]	974	353
COV	[975-975]	975	322
COV	[976-976]	976	350
COV	[977-977]	977	328
COV	[978-978]	978	317
COV	[979-979]	979	308
COV	[980-980]	980	307
COV	[981-981]	981	323
COV	[982-982]	982	289
COV	[983-983]	983	318
COV	[984-984]	984	279
COV	[985-985]	985	330
COV	[986-986]	986	328
COV	[987-987]	987	328
COV	[988-988]	988	293
COV	[989-989]	989	302
COV	[990-990]	990	292
COV	[991-991]	991	297
COV	[992-992]	992	323
COV	[993-993]	993	288
COV	[994-994]	994	304
COV	[995-995]	995	311
COV	[996-996]	996	292
COV	[997-997]	997	304
COV	[998-998]	998	306
COV	[999-999]	999	306
COV	[1000-1000]	1000	317
COV	[1000<]	1000	104872
# GC-depth. Use `grep ^GCD | cut -f 2-` to extract this part. The columns are: GC%, unique sequence percentiles, 10th, 25th, 50th, 75th and 90th depth percentile
GCD	0.0	0.005	0.000	0.000	0.000	0.000	0.000
GCD	3.7	0.007	0.030	0.030	0.030	0.030	0.030
GCD	21.0	0.010	0.139	0.139	0.139	0.139	0.139
GCD	23.0	0.015	0.104	0.104	1.203	2.302	2.302
GCD	24.0	0.027	0.010	0.020	0.035	1.349	1.357
GCD	25.0	0.039	0.084	0.149	1.109	1.951	2.109
GCD	26.0	0.081	0.487	0.985	1.258	1.904	3.757
GCD	27.0	0.157	0.795	1.015	1.490	3.006	9.848
GCD	28.0	0.294	0.955	1.289	3.117	5.152	13.085
GCD	29.0	0.547	0.569	1.258	2.406	5.867	10.854
GCD	30.0	1.017	0.927	1.711	3.813	8.169	13.463
GCD	31.0	1.804	0.941	1.931	4.199	10.012	19.141
GCD	32.0	3.196	1.257	2.551	6.407	11.599	18.148
GCD	33.0	5.103	1.312	3.034	7.241	13.526	21.119
GCD	34.0	7.502	1.570	3.213	7.155	13.552	21.474
GCD	35.0	10.407	1.448	3.377	8.076	14.352	22.008
GCD	36.0	13.630	1.413	3.258	7.407	13.889	22.777
GCD	37.0	16.992	1.413	3.213	7.484	13.624	22.454
GCD	38.0	20.700	1.322	3.362	7.724	14.154	22.579
GCD	39.0	24.401	1.427	3.376	7.729	13.886	22.928
GCD	40.0	27.936	1.541	3.564	7.915	14.407	22.701
GCD	41.0	31.575	1.597	3.563	8.016	14.874	23.668
GCD	42.0	35.156	1.521	3.530	7.838	14.852	24.401
GCD	43.0	38.727	1.607	3.642	8.071	15.189	24.135
GCD	44.0	42.053	1.644	3.506	8.105	15.322	24.279
GCD	45.0	45.251	1.716	3.679	7.803	14.651	24.217
GCD	46.0	48.675	1.570	3.332	8.219	15.198	24.756
GCD	47.0	51.616	1.635	3.622	8.249	15.375	26.140
GCD	48.0	54.633	1.626	3.585	8.695	15.627	25.829
GCD	49.0	57.398	1.688	3.613	8.378	15.954	25.979
GCD	50.0	60.094	1.784	3.948	8.908	16.634	27.839
GCD	51.0	62.839	1.704	4.035	8.935	17.503	29.044
GCD	52.0	65.408	2.007	4.579	10.004	19.385	32.881
GCD	53.0	67.900	2.077	5.088	10.071	19.343	33.638
GCD	54.0	70.351	2.109	4.784	9.985	20.355	33.578
GCD	55.0	72.817	2.246	5.390	11.468	21.337	36.189
GCD	56.0	75.214	3.309	6.247	13.173	24.461	38.811
GCD	57.0	77.724	2.543	6.066	13.671	25.660	41.099
GCD	58.0	80.427	3.171	6.689	14.864	27.575	43.657
GCD	59.0	83.174	3.219	6.137	15.612	30.085	45.661
GCD	60.0	85.912	2.895	6.467	17.300	33.613	51.245
GCD	61.0	88.473	3.356	6.954	18.395	34.004	53.724
GCD	62.0	90.804	2.969	6.868	17.716	34.571	54.964
GCD	63.0	92.586	2.825	6.150	16.097	34.546	54.575
GCD	64.0	93.932	2.357	4.253	11.180	25.455	50.242
GCD	65.0	95.027	1.993	3.580	8.006	24.490	48.762
GCD	66.0	95.833	1.703	2.639	5.085	14.896	36.353
GCD	67.0	96.407	1.216	2.007	3.560	7.201	14.884
GCD	68.0	96.944	1.268	1.847	2.694	4.347	7.957
GCD	69.0	97.360	0.922	1.467	2.179	3.622	5.708
GCD	70.0	97.824	0.644	1.131	1.867	3.342	4.466
GCD	71.0	98.255	0.658	1.191	1.847	3.395	4.698
GCD	72.0	98.596	0.456	0.857	1.530	2.406	3.733
GCD	73.0	98.944	0.485	0.831	1.305	2.096	2.778
GCD	74.0	99.248	0.280	0.561	1.050	1.786	2.597
GCD	75.0	99.480	0.366	0.560	0.916	1.530	2.145
GCD	76.0	99.703	0.275	0.490	0.748	1.253	1.808
GCD	77.0	99.841	0.245	0.418	0.758	1.119	1.493
GCD	78.0	99.909	0.112	0.349	0.560	0.982	1.402
GCD	79.0	99.980	0.040	0.233	0.357	0.490	0.678
GCD	80.0	99.993	0.188	0.233	0.337	0.493	0.550
GCD	81.0	100.000	0.015	0.015	0.069	0.267	0.267
